{"indexes":[],"parameters":{"allowUserKeys":true,"cid":"5136449","count":0,"deleted":false,"doCompact":true,"id":"5136449","indexBuckets":8,"indexes":[{"fields":["_key"],"id":"0","selectivityEstimate":1,"sparse":false,"type":"primary","unique":true},{"fields":["_from","_to"],"id":"1","selectivityEstimate":1,"sparse":false,"type":"edge","unique":false}],"isSmart":false,"isSystem":false,"isVolatile":false,"journalSize":33554432,"keyOptions":{"allowUserKeys":true,"lastValue":5874713,"type":"traditional"},"name":"auth_user_hasRole","numberOfShards":1,"planId":"5136449","replicationFactor":1,"shardKeys":["_key"],"shards":{},"status":4,"type":3,"version":6,"waitForSync":false}}