{"indexes":[],"parameters":{"allowUserKeys":true,"cid":"2855764","count":0,"deleted":false,"doCompact":true,"id":"2855764","indexBuckets":8,"indexes":[{"fields":["_key"],"id":"0","selectivityEstimate":1,"sparse":false,"type":"primary","unique":true}],"isSmart":false,"isSystem":false,"isVolatile":false,"journalSize":33554432,"keyOptions":{"allowUserKeys":true,"lastValue":44255134505843,"type":"traditional"},"name":"auth_sessions","numberOfShards":1,"planId":"2855764","replicationFactor":1,"shardKeys":["_key"],"shards":{},"status":4,"type":2,"version":6,"waitForSync":false}}