{"type":2300,"data":{"_id":"courses/4070788","_key":"4070788","_rev":"_VQLNMbq-_K","academicYear":2018,"category":"academic","changedInBase":false,"grade":8,"id":64862,"isOriginalContent":false,"name":"English 8","ownerId":3079,"ownerIsBaseCurriculum":false,"ownerType":"Site","subject":"english","subjectId":5}}
{"type":2300,"data":{"_id":"courses/4070786","_key":"4070786","_rev":"_VQLNMbq-_J","academicYear":2018,"category":"academic","changedInBase":false,"grade":10,"id":64221,"isOriginalContent":false,"name":"English 10","ownerId":3079,"ownerIsBaseCurriculum":false,"ownerType":"Site","subject":"english","subjectId":5}}
{"type":2300,"data":{"_id":"courses/4070784","_key":"4070784","_rev":"_VQLNMbq-_I","academicYear":2018,"category":"academic","changedInBase":false,"grade":9,"id":64008,"isOriginalContent":false,"name":"English 9","ownerId":3079,"ownerIsBaseCurriculum":false,"ownerType":"Site","subject":"english","subjectId":5}}
{"type":2300,"data":{"_id":"courses/4070778","_key":"4070778","_rev":"_VQLNMbq-_F","academicYear":2018,"category":"academic","changedInBase":false,"grade":12,"id":66353,"isOriginalContent":false,"name":"AP English Literature","ownerId":3079,"ownerIsBaseCurriculum":false,"ownerType":"Site","subject":"english","subjectId":5}}
{"type":2300,"data":{"_id":"courses/4070776","_key":"4070776","_rev":"_VQLNMbq-_E","academicYear":2018,"category":"academic","changedInBase":false,"grade":10,"id":68923,"isOriginalContent":false,"name":"Math II","ownerId":3079,"ownerIsBaseCurriculum":false,"ownerType":"Site","subject":"math","subjectId":4}}
{"type":2300,"data":{"_id":"courses/4070770","_key":"4070770","_rev":"_VQLNMbq-_B","academicYear":2018,"category":"academic","changedInBase":false,"grade":9,"id":68062,"isOriginalContent":false,"name":"Algebra 1","ownerId":3079,"ownerIsBaseCurriculum":false,"ownerType":"Site","subject":"math","subjectId":4}}
{"type":2300,"data":{"_id":"courses/4070768","_key":"4070768","_rev":"_VQLNMbq-_A","academicYear":2018,"category":"academic","changedInBase":false,"grade":10,"id":69993,"isOriginalContent":false,"name":"Geometry","ownerId":3079,"ownerIsBaseCurriculum":false,"ownerType":"Site","subject":"math","subjectId":4}}
{"type":2300,"data":{"_id":"courses/4070764","_key":"4070764","_rev":"_VQLNMbq-_-","academicYear":2018,"category":"academic","changedInBase":false,"grade":11,"id":67634,"isOriginalContent":false,"name":"Algebra 2","ownerId":3079,"ownerIsBaseCurriculum":false,"ownerType":"Site","subject":"math","subjectId":4}}
{"type":2300,"data":{"_id":"courses/4070758","_key":"4070758","_rev":"_VQLNMbq--7","academicYear":2018,"category":"academic","changedInBase":true,"grade":7,"id":69565,"isOriginalContent":false,"name":"Math 7","ownerId":3079,"ownerIsBaseCurriculum":false,"ownerType":"Site","subject":"math","subjectId":4}}
{"type":2300,"data":{"_id":"courses/4070754","_key":"4070754","_rev":"_VQLNMbq--5","academicYear":2018,"category":"academic","changedInBase":false,"grade":11,"id":65927,"isOriginalContent":false,"name":"AP US History","ownerId":3079,"ownerIsBaseCurriculum":false,"ownerType":"Site","subject":"history","subjectId":3}}
{"type":2300,"data":{"_id":"courses/4070748","_key":"4070748","_rev":"_VQLNMbq--2","academicYear":2018,"category":"academic","changedInBase":false,"grade":7,"id":67206,"isOriginalContent":false,"name":"Medieval History","ownerId":3079,"ownerIsBaseCurriculum":false,"ownerType":"Site","subject":"history","subjectId":3}}
{"type":2300,"data":{"_id":"courses/4070744","_key":"4070744","_rev":"_VQLNMbq--0","academicYear":2018,"category":"academic","changedInBase":false,"grade":9,"id":63795,"isOriginalContent":false,"name":"Modern World 1","ownerId":3079,"ownerIsBaseCurriculum":false,"ownerType":"Site","subject":"history","subjectId":3}}
{"type":2300,"data":{"_id":"courses/4070742","_key":"4070742","_rev":"_VQLNMbq--z","academicYear":2018,"category":"academic","changedInBase":false,"grade":6,"id":69351,"isOriginalContent":false,"name":"Integrated Science 6","ownerId":3079,"ownerIsBaseCurriculum":false,"ownerType":"Site","subject":"science","subjectId":1}}
{"type":2300,"data":{"_id":"courses/4070740","_key":"4070740","_rev":"_VQLNMbq--y","academicYear":2018,"category":"academic","changedInBase":false,"grade":8,"id":69137,"isOriginalContent":false,"name":"Integrated Science 8","ownerId":3079,"ownerIsBaseCurriculum":false,"ownerType":"Site","subject":"science","subjectId":1}}
{"type":2300,"data":{"_id":"courses/4070738","_key":"4070738","_rev":"_VQLNMbq--x","academicYear":2018,"category":"academic","changedInBase":false,"grade":10,"id":65501,"isOriginalContent":false,"name":"Physics","ownerId":3079,"ownerIsBaseCurriculum":false,"ownerType":"Site","subject":"science","subjectId":1}}
{"type":2300,"data":{"_id":"courses/4070736","_key":"4070736","_rev":"_VQLNMbq--w","academicYear":2018,"category":"academic","changedInBase":false,"grade":11,"id":65288,"isOriginalContent":false,"name":"Chemistry","ownerId":3079,"ownerIsBaseCurriculum":false,"ownerType":"Site","subject":"science","subjectId":1}}
{"type":2300,"data":{"_id":"courses/4070734","_key":"4070734","_rev":"_VQLNMbq--v","academicYear":2018,"category":"academic","changedInBase":false,"grade":12,"id":64648,"isOriginalContent":false,"name":"AP Environmental Science","ownerId":3079,"ownerIsBaseCurriculum":false,"ownerType":"Site","subject":"science","subjectId":1}}
{"type":2300,"data":{"_id":"courses/4070732","_key":"4070732","_rev":"_VQLNMbq--u","academicYear":2018,"category":"academic","changedInBase":false,"grade":9,"id":64434,"isOriginalContent":false,"name":"Biology","ownerId":3079,"ownerIsBaseCurriculum":false,"ownerType":"Site","subject":"science","subjectId":1}}
{"type":2300,"data":{"_id":"courses/4070730","_key":"4070730","_rev":"_VQLNMbq--t","academicYear":2018,"category":"academic","changedInBase":false,"grade":9,"id":70238,"isOriginalContent":true,"name":"Integrated Science HS1","ownerId":3079,"ownerIsBaseCurriculum":false,"ownerType":"Site","subject":"science","subjectId":1}}
{"type":2300,"data":{"_id":"courses/4070766","_key":"4070766","_rev":"_VQLNMbq-__","academicYear":2018,"category":"academic","changedInBase":false,"grade":12,"id":67848,"isOriginalContent":false,"name":"AP Statistics","ownerId":3079,"ownerIsBaseCurriculum":false,"ownerType":"Site","subject":"math","subjectId":4}}
{"type":2300,"data":{"_id":"courses/4070718","_key":"4070718","_rev":"_VQLNMbq--n","academicYear":null,"category":"academic","grade":7,"id":53554,"isOriginalContent":true,"name":"Math 7","ownerId":42,"ownerIsBaseCurriculum":true,"ownerType":"Site","subject":"math","subjectId":4}}
{"type":2300,"data":{"_id":"courses/4070644","_key":"4070644","_rev":"_VQLNMbq--C","academicYear":null,"category":"academic","grade":9,"id":53539,"isOriginalContent":true,"name":"Spanish 1","ownerId":42,"ownerIsBaseCurriculum":true,"ownerType":"Site","subject":"world language","subjectId":2}}
{"type":2300,"data":{"_id":"courses/4070670","_key":"4070670","_rev":"_VQLNMbq--P","academicYear":null,"category":"academic","grade":10,"id":53559,"isOriginalContent":true,"name":"Modern World 2","ownerId":42,"ownerIsBaseCurriculum":true,"ownerType":"Site","subject":"history","subjectId":3}}
{"type":2300,"data":{"_id":"courses/4070714","_key":"4070714","_rev":"_VQLNMbq--l","academicYear":null,"category":"academic","grade":5,"id":58533,"isOriginalContent":true,"name":"Integrated Science 5","ownerId":42,"ownerIsBaseCurriculum":true,"ownerType":"Site","subject":"science","subjectId":1}}
{"type":2300,"data":{"_id":"courses/4070710","_key":"4070710","_rev":"_VQLNMbq--j","academicYear":null,"category":"academic","grade":4,"id":58531,"isOriginalContent":true,"name":"Math 4","ownerId":42,"ownerIsBaseCurriculum":true,"ownerType":"Site","subject":"math","subjectId":4}}
{"type":2300,"data":{"_id":"courses/4070790","_key":"4070790","_rev":"_VQLNMbq-_L","academicYear":2018,"category":"academic","changedInBase":false,"grade":11,"id":65075,"isOriginalContent":false,"name":"AP English Language","ownerId":3079,"ownerIsBaseCurriculum":false,"ownerType":"Site","subject":"english","subjectId":5}}
{"type":2300,"data":{"_id":"courses/4070708","_key":"4070708","_rev":"_VQLNMbq--i","academicYear":null,"category":"academic","grade":4,"id":58529,"isOriginalContent":true,"name":"History 4","ownerId":42,"ownerIsBaseCurriculum":true,"ownerType":"Site","subject":"history","subjectId":3}}
{"type":2300,"data":{"_id":"courses/4070652","_key":"4070652","_rev":"_VQLNMbq--G","academicYear":null,"category":"academic","grade":12,"id":53543,"isOriginalContent":true,"name":"AP Environmental Science","ownerId":42,"ownerIsBaseCurriculum":true,"ownerType":"Site","subject":"science","subjectId":1}}
{"type":2300,"data":{"_id":"courses/4070706","_key":"4070706","_rev":"_VQLNMbq--h","academicYear":null,"category":"academic","grade":5,"id":58530,"isOriginalContent":true,"name":"History 5","ownerId":42,"ownerIsBaseCurriculum":true,"ownerType":"Site","subject":"history","subjectId":3}}
{"type":2300,"data":{"_id":"courses/4070676","_key":"4070676","_rev":"_VQLNMbq--S","academicYear":null,"category":"academic","grade":6,"id":53567,"isOriginalContent":true,"name":"Ancient Civilizations","ownerId":42,"ownerIsBaseCurriculum":true,"ownerType":"Site","subject":"history","subjectId":3}}
{"type":2300,"data":{"_id":"courses/4070702","_key":"4070702","_rev":"_VQLNMbq--f","academicYear":null,"category":"academic","grade":4,"id":58527,"isOriginalContent":true,"name":"English 4","ownerId":42,"ownerIsBaseCurriculum":true,"ownerType":"Site","subject":"english","subjectId":5}}
{"type":2300,"data":{"_id":"courses/4070696","_key":"4070696","_rev":"_VQLNMbq--c","academicYear":null,"category":"academic","grade":5,"id":53558,"isOriginalContent":true,"name":"Math 5","ownerId":42,"ownerIsBaseCurriculum":true,"ownerType":"Site","subject":"math","subjectId":4}}
{"type":2300,"data":{"_id":"courses/4070688","_key":"4070688","_rev":"_VQLNMbq--Y","academicYear":null,"category":"academic","grade":9,"id":53566,"isOriginalContent":true,"name":"Algebra 1","ownerId":42,"ownerIsBaseCurriculum":true,"ownerType":"Site","subject":"math","subjectId":4}}
{"type":2300,"data":{"_id":"courses/4070712","_key":"4070712","_rev":"_VQLNMbq--k","academicYear":null,"category":"academic","grade":4,"id":58532,"isOriginalContent":true,"name":"Integrated Science 4","ownerId":42,"ownerIsBaseCurriculum":true,"ownerType":"Site","subject":"science","subjectId":1}}
{"type":2300,"data":{"_id":"courses/4070698","_key":"4070698","_rev":"_VQLNMbq--d","academicYear":null,"category":"academic","grade":10,"id":53560,"isOriginalContent":true,"name":"Math II","ownerId":42,"ownerIsBaseCurriculum":true,"ownerType":"Site","subject":"math","subjectId":4}}
{"type":2300,"data":{"_id":"courses/4070682","_key":"4070682","_rev":"_VQLNMbq--V","academicYear":null,"category":"academic","grade":12,"id":53570,"isOriginalContent":true,"name":"AP Government","ownerId":42,"ownerIsBaseCurriculum":true,"ownerType":"Site","subject":"history","subjectId":3}}
{"type":2300,"data":{"_id":"courses/4070692","_key":"4070692","_rev":"_VQLNMbq--a","academicYear":null,"category":"academic","grade":11,"id":53552,"isOriginalContent":true,"name":"Math III","ownerId":42,"ownerIsBaseCurriculum":true,"ownerType":"Site","subject":"math","subjectId":4}}
{"type":2300,"data":{"_id":"courses/4070774","_key":"4070774","_rev":"_VQLNMbq-_D","academicYear":2018,"category":"academic","changedInBase":true,"grade":9,"id":65714,"isOriginalContent":false,"name":"Math I","ownerId":3079,"ownerIsBaseCurriculum":false,"ownerType":"Site","subject":"math","subjectId":4}}
{"type":2300,"data":{"_id":"courses/4070680","_key":"4070680","_rev":"_VQLNMbq--U","academicYear":null,"category":"academic","grade":7,"id":53569,"isOriginalContent":true,"name":"Medieval History","ownerId":42,"ownerIsBaseCurriculum":true,"ownerType":"Site","subject":"history","subjectId":3}}
{"type":2300,"data":{"_id":"courses/4070782","_key":"4070782","_rev":"_VQLNMbq-_H","academicYear":2018,"category":"academic","changedInBase":false,"grade":6,"id":69779,"isOriginalContent":false,"name":"English 6","ownerId":3079,"ownerIsBaseCurriculum":false,"ownerType":"Site","subject":"english","subjectId":5}}
{"type":2300,"data":{"_id":"courses/4070678","_key":"4070678","_rev":"_VQLNMbq--T","academicYear":null,"category":"academic","grade":7,"id":53568,"isOriginalContent":true,"name":"English 7","ownerId":42,"ownerIsBaseCurriculum":true,"ownerType":"Site","subject":"english","subjectId":5}}
{"type":2300,"data":{"_id":"courses/4070716","_key":"4070716","_rev":"_VQLNMbq--m","academicYear":null,"category":"academic","grade":6,"id":53536,"isOriginalContent":true,"name":"Integrated Science 6","ownerId":42,"ownerIsBaseCurriculum":true,"ownerType":"Site","subject":"science","subjectId":1}}
{"type":2300,"data":{"_id":"courses/4070658","_key":"4070658","_rev":"_VQLNMbq--J","academicYear":null,"category":"academic","grade":11,"id":53547,"isOriginalContent":true,"name":"Chemistry","ownerId":42,"ownerIsBaseCurriculum":true,"ownerType":"Site","subject":"science","subjectId":1}}
{"type":2300,"data":{"_id":"courses/4070662","_key":"4070662","_rev":"_VQLNMbq--L","academicYear":null,"category":"academic","grade":12,"id":53549,"isOriginalContent":true,"name":"AP Spanish Language","ownerId":42,"ownerIsBaseCurriculum":true,"ownerType":"Site","subject":"world language","subjectId":2}}
{"type":2300,"data":{"_id":"courses/4070750","_key":"4070750","_rev":"_VQLNMbq--3","academicYear":2018,"category":"academic","changedInBase":false,"grade":8,"id":63582,"isOriginalContent":false,"name":"US History","ownerId":3079,"ownerIsBaseCurriculum":false,"ownerType":"Site","subject":"history","subjectId":3}}
{"type":2300,"data":{"_id":"courses/4070656","_key":"4070656","_rev":"_VQLNMbq--I","academicYear":null,"category":"academic","grade":11,"id":53545,"isOriginalContent":true,"name":"AP English Language","ownerId":42,"ownerIsBaseCurriculum":true,"ownerType":"Site","subject":"english","subjectId":5}}
{"type":2300,"data":{"_id":"courses/4070724","_key":"4070724","_rev":"_VQLNMbq--q","academicYear":2018,"category":"academic","changedInBase":false,"grade":7,"id":66566,"isOriginalContent":false,"name":"Integrated Science 7","ownerId":3079,"ownerIsBaseCurriculum":false,"ownerType":"Site","subject":"science","subjectId":1}}
{"type":2300,"data":{"_id":"courses/2515817","_key":"2515817","_rev":"_VQ-e-NW---","name":"Biology"}}
{"type":2300,"data":{"_id":"courses/4070694","_key":"4070694","_rev":"_VQLNMbq--b","academicYear":null,"category":"academic","grade":8,"id":53555,"isOriginalContent":true,"name":"Math 8","ownerId":42,"ownerIsBaseCurriculum":true,"ownerType":"Site","subject":"math","subjectId":4}}
{"type":2300,"data":{"_id":"courses/4070664","_key":"4070664","_rev":"_VQLNMbq--M","academicYear":null,"category":"academic","grade":10,"id":53550,"isOriginalContent":true,"name":"Physics","ownerId":42,"ownerIsBaseCurriculum":true,"ownerType":"Site","subject":"science","subjectId":1}}
{"type":2300,"data":{"_id":"courses/4070752","_key":"4070752","_rev":"_VQLNMbq--4","academicYear":2018,"category":"academic","changedInBase":false,"grade":12,"id":67420,"isOriginalContent":false,"name":"AP Government","ownerId":3079,"ownerIsBaseCurriculum":false,"ownerType":"Site","subject":"history","subjectId":3}}
{"type":2300,"data":{"_id":"courses/4070634","_key":"4070634","_rev":"_VQLNMbq---","academicYear":null,"category":"academic","grade":5,"id":53533,"isOriginalContent":true,"name":"Sign","ownerId":42,"ownerIsBaseCurriculum":true,"ownerType":"Site","subject":"world language","subjectId":2}}
{"type":2300,"data":{"_id":"courses/4070654","_key":"4070654","_rev":"_VQLNMbq--H","academicYear":null,"category":"academic","grade":8,"id":53544,"isOriginalContent":true,"name":"English 8","ownerId":42,"ownerIsBaseCurriculum":true,"ownerType":"Site","subject":"english","subjectId":5}}
{"type":2300,"data":{"_id":"courses/4070660","_key":"4070660","_rev":"_VQLNMbq--K","academicYear":null,"category":"academic","grade":10,"id":53548,"isOriginalContent":true,"name":"Spanish 2","ownerId":42,"ownerIsBaseCurriculum":true,"ownerType":"Site","subject":"world language","subjectId":2}}
{"type":2300,"data":{"_id":"courses/4070728","_key":"4070728","_rev":"_VQLNMbq--s","academicYear":2018,"category":"academic","changedInBase":false,"grade":11,"id":71041,"isOriginalContent":true,"name":"Integrated Science HS3","ownerId":3079,"ownerIsBaseCurriculum":false,"ownerType":"Site","subject":"science","subjectId":1}}
{"type":2300,"data":{"_id":"courses/4070726","_key":"4070726","_rev":"_VQLNMbq--r","academicYear":2018,"category":"academic","changedInBase":false,"grade":10,"id":71040,"isOriginalContent":true,"name":"Integrated Science HS2","ownerId":3079,"ownerIsBaseCurriculum":false,"ownerType":"Site","subject":"science","subjectId":1}}
{"type":2300,"data":{"_id":"courses/4070672","_key":"4070672","_rev":"_VQLNMbq--Q","academicYear":null,"category":"academic","grade":12,"id":53561,"isOriginalContent":true,"name":"AP English Literature","ownerId":42,"ownerIsBaseCurriculum":true,"ownerType":"Site","subject":"english","subjectId":5}}
{"type":2300,"data":{"_id":"courses/4070780","_key":"4070780","_rev":"_VQLNMbq-_G","academicYear":2018,"category":"academic","changedInBase":false,"grade":7,"id":66992,"isOriginalContent":false,"name":"English 7","ownerId":3079,"ownerIsBaseCurriculum":false,"ownerType":"Site","subject":"english","subjectId":5}}
{"type":2300,"data":{"_id":"courses/4070722","_key":"4070722","_rev":"_VQLNMbq--p","academicYear":null,"category":"academic","grade":10,"id":53534,"isOriginalContent":true,"name":"Geometry","ownerId":42,"ownerIsBaseCurriculum":true,"ownerType":"Site","subject":"math","subjectId":4}}
{"type":2300,"data":{"_id":"courses/4070648","_key":"4070648","_rev":"_VQLNMbq--E","academicYear":null,"category":"academic","grade":10,"id":53541,"isOriginalContent":true,"name":"English 10","ownerId":42,"ownerIsBaseCurriculum":true,"ownerType":"Site","subject":"english","subjectId":5}}
{"type":2300,"data":{"_id":"courses/4070650","_key":"4070650","_rev":"_VQLNMbq--F","academicYear":null,"category":"academic","grade":9,"id":53542,"isOriginalContent":true,"name":"Biology","ownerId":42,"ownerIsBaseCurriculum":true,"ownerType":"Site","subject":"science","subjectId":1}}
{"type":2300,"data":{"_id":"courses/4070668","_key":"4070668","_rev":"_VQLNMbq--O","academicYear":null,"category":"academic","grade":11,"id":53557,"isOriginalContent":true,"name":"AP US History","ownerId":42,"ownerIsBaseCurriculum":true,"ownerType":"Site","subject":"history","subjectId":3}}
{"type":2300,"data":{"_id":"courses/4070746","_key":"4070746","_rev":"_VQLNMbq--1","academicYear":2018,"category":"academic","changedInBase":false,"grade":6,"id":66779,"isOriginalContent":false,"name":"Ancient Civilizations","ownerId":3079,"ownerIsBaseCurriculum":false,"ownerType":"Site","subject":"history","subjectId":3}}
{"type":2300,"data":{"_id":"courses/4070674","_key":"4070674","_rev":"_VQLNMbq--R","academicYear":null,"category":"academic","grade":7,"id":53564,"isOriginalContent":true,"name":"Integrated Science 7","ownerId":42,"ownerIsBaseCurriculum":true,"ownerType":"Site","subject":"science","subjectId":1}}
{"type":2300,"data":{"_id":"courses/4070704","_key":"4070704","_rev":"_VQLNMbq--g","academicYear":null,"category":"academic","grade":5,"id":58528,"isOriginalContent":true,"name":"English 5","ownerId":42,"ownerIsBaseCurriculum":true,"ownerType":"Site","subject":"english","subjectId":5}}
{"type":2300,"data":{"_id":"courses/3766111","_key":"3766111","_rev":"_VQ-eN0S--_","name":"Course 1"}}
{"type":2300,"data":{"_id":"courses/4070646","_key":"4070646","_rev":"_VQLNMbq--D","academicYear":null,"category":"academic","grade":9,"id":53540,"isOriginalContent":true,"name":"English 9","ownerId":42,"ownerIsBaseCurriculum":true,"ownerType":"Site","subject":"english","subjectId":5}}
{"type":2300,"data":{"_id":"courses/4070772","_key":"4070772","_rev":"_VQLNMbq-_C","academicYear":2018,"category":"academic","changedInBase":true,"grade":8,"id":68709,"isOriginalContent":false,"name":"Math 8","ownerId":3079,"ownerIsBaseCurriculum":false,"ownerType":"Site","subject":"math","subjectId":4}}
{"type":2300,"data":{"_id":"courses/4070686","_key":"4070686","_rev":"_VQLNMbq--X","academicYear":null,"category":"academic","grade":12,"id":53562,"isOriginalContent":true,"name":"AP Statistics","ownerId":42,"ownerIsBaseCurriculum":true,"ownerType":"Site","subject":"math","subjectId":4}}
{"type":2300,"data":{"_id":"courses/4070760","_key":"4070760","_rev":"_VQLNMbq--8","academicYear":2018,"category":"academic","changedInBase":false,"grade":6,"id":68276,"isOriginalContent":false,"name":"Math 6","ownerId":3079,"ownerIsBaseCurriculum":false,"ownerType":"Site","subject":"math","subjectId":4}}
{"type":2300,"data":{"_id":"courses/4070642","_key":"4070642","_rev":"_VQLNMbq--B","academicYear":null,"category":"academic","grade":11,"id":53538,"isOriginalContent":true,"name":"Spanish 3","ownerId":42,"ownerIsBaseCurriculum":true,"ownerType":"Site","subject":"world language","subjectId":2}}
{"type":2300,"data":{"_id":"courses/4070640","_key":"4070640","_rev":"_VQLNMbq--A","academicYear":null,"category":"academic","grade":9,"id":53537,"isOriginalContent":true,"name":"Modern World 1","ownerId":42,"ownerIsBaseCurriculum":true,"ownerType":"Site","subject":"history","subjectId":3}}
{"type":2300,"data":{"_id":"courses/4070700","_key":"4070700","_rev":"_VQLNMbq--e","academicYear":null,"category":"academic","grade":8,"id":53551,"isOriginalContent":true,"name":"Integrated Science 8","ownerId":42,"ownerIsBaseCurriculum":true,"ownerType":"Site","subject":"science","subjectId":1}}
{"type":2300,"data":{"_id":"courses/4070666","_key":"4070666","_rev":"_VQLNMbq--N","academicYear":null,"category":"academic","grade":9,"id":53563,"isOriginalContent":true,"name":"Math I","ownerId":42,"ownerIsBaseCurriculum":true,"ownerType":"Site","subject":"math","subjectId":4}}
{"type":2300,"data":{"_id":"courses/4070720","_key":"4070720","_rev":"_VQLNMbq--o","academicYear":null,"category":"academic","grade":6,"id":53546,"isOriginalContent":true,"name":"English 6","ownerId":42,"ownerIsBaseCurriculum":true,"ownerType":"Site","subject":"english","subjectId":5}}
{"type":2300,"data":{"_id":"courses/4070756","_key":"4070756","_rev":"_VQLNMbq--6","academicYear":2018,"category":"academic","changedInBase":false,"grade":10,"id":66140,"isOriginalContent":false,"name":"Modern World 2","ownerId":3079,"ownerIsBaseCurriculum":false,"ownerType":"Site","subject":"history","subjectId":3}}
{"type":2300,"data":{"_id":"courses/4070684","_key":"4070684","_rev":"_VQLNMbq--W","academicYear":null,"category":"academic","grade":11,"id":53556,"isOriginalContent":true,"name":"Algebra 2","ownerId":42,"ownerIsBaseCurriculum":true,"ownerType":"Site","subject":"math","subjectId":4}}
{"type":2300,"data":{"_id":"courses/4070638","_key":"4070638","_rev":"_VQLNMbq--_","academicYear":null,"category":"academic","grade":8,"id":53535,"isOriginalContent":true,"name":"US History","ownerId":42,"ownerIsBaseCurriculum":true,"ownerType":"Site","subject":"history","subjectId":3}}
{"type":2300,"data":{"_id":"courses/4070762","_key":"4070762","_rev":"_VQLNMbq--9","academicYear":2018,"category":"academic","changedInBase":false,"grade":11,"id":68495,"isOriginalContent":false,"name":"Math III","ownerId":3079,"ownerIsBaseCurriculum":false,"ownerType":"Site","subject":"math","subjectId":4}}
{"type":2300,"data":{"_id":"courses/4070690","_key":"4070690","_rev":"_VQLNMbq--Z","academicYear":null,"category":"academic","grade":6,"id":53553,"isOriginalContent":true,"name":"Math 6","ownerId":42,"ownerIsBaseCurriculum":true,"ownerType":"Site","subject":"math","subjectId":4}}
