{"type":2300,"data":{"_from":"courses/3766111","_id":"covers/5979470","_key":"5979470","_rev":"_VV60DY6---","_to":"focusAreas/1337033","type":"dummyData"}}
{"type":2300,"data":{"_from":"courses/4070726","_id":"covers/2661339","_key":"2661339","_rev":"_VVQ483W--E","_to":"focusAreas/1337679","type":"dummyData"}}
{"type":2300,"data":{"_from":"courses/2515817","_id":"covers/2543743","_key":"2543743","_rev":"_VVQ483W--C","_to":"focusAreas/1337121","type":"dummyData"}}
{"type":2300,"data":{"_from":"courses/4070726","_id":"covers/2661316","_key":"2661316","_rev":"_VVQ483W--B","_to":"focusAreas/1337709","type":"dummyData"}}
{"type":2300,"data":{"_from":"courses/2515817","_id":"covers/2547355","_key":"2547355","_rev":"_VVQ483W--A","_to":"focusAreas/1337033","type":"dummyData"}}
{"type":2300,"data":{"_from":"courses/3766111","_id":"covers/2543999","_key":"2543999","_rev":"_VVQ483W---","_to":"focusAreas/1337033","type":"dummyData"}}
{"type":2300,"data":{"_from":"courses/2515817","_id":"covers/2543984","_key":"2543984","_rev":"_VVQ483W--F","_to":"focusAreas/1337037","type":"dummyData"}}
{"type":2300,"data":{"_from":"courses/4070726","_id":"covers/2661354","_key":"2661354","_rev":"_VVQ483W--D","_to":"focusAreas/1337653","type":"dummyData"}}
{"type":2300,"data":{"_from":"courses/3766111","_id":"covers/2543859","_key":"2543859","_rev":"_VVQ483W--_","_to":"focusAreas/1337847","type":"dummyData"}}
