{"indexes":[],"parameters":{"allowUserKeys":true,"cid":"5904138","count":0,"deleted":false,"doCompact":true,"id":"5904138","indexBuckets":8,"indexes":[{"fields":["_key"],"id":"0","selectivityEstimate":1,"sparse":false,"type":"primary","unique":true}],"isSmart":false,"isSystem":false,"isVolatile":false,"journalSize":33554432,"keyOptions":{"allowUserKeys":true,"lastValue":6165358,"type":"traditional"},"name":"currentPath","numberOfShards":1,"planId":"5904138","replicationFactor":1,"shardKeys":["_key"],"shards":{},"status":4,"type":2,"version":6,"waitForSync":false}}