{"type":2300,"data":{"_from":"courses/2515817","_id":"focusesOn/2543743","_key":"2543743","_rev":"_VQ-dxbK--A","_to":"focusAreas/1337121"}}
{"type":2300,"data":{"_from":"courses/2515817","_id":"focusesOn/2543984","_key":"2543984","_rev":"_VQ-dxbK--B","_to":"focusAreas/1337037"}}
{"type":2300,"data":{"_from":"courses/3766111","_id":"focusesOn/2543859","_key":"2543859","_rev":"_VQ-dxbK---","_to":"focusAreas/1337847"}}
{"type":2300,"data":{"_from":"courses/2515817","_id":"focusesOn/2547355","_key":"2547355","_rev":"_VQ-dxbK--_","_to":"focusAreas/1337033"}}
{"type":2300,"data":{"_from":"courses/3766111","_id":"focusesOn/2543999","_key":"2543999","_rev":"_VQ-dxb----","_to":"focusAreas/1337033"}}
