{"indexes":[],"parameters":{"allowUserKeys":true,"cid":"74833","count":0,"deleted":false,"doCompact":true,"id":"74833","indexBuckets":8,"indexes":[{"fields":["_key"],"id":"0","selectivityEstimate":1,"sparse":false,"type":"primary","unique":true}],"isSmart":false,"isSystem":false,"isVolatile":false,"journalSize":33554432,"keyOptions":{"allowUserKeys":true,"lastValue":1338165,"type":"traditional"},"name":"focusAreas","numberOfShards":1,"planId":"74833","replicationFactor":1,"shardKeys":["_key"],"shards":{},"status":4,"type":2,"version":6,"waitForSync":false}}