{"type":2300,"data":{"_from":"groups/2863516","_id":"groupToStudents/2863549","_key":"2863549","_rev":"_VMnairu---","_to":"students/2863506"}}
{"type":2300,"data":{"_from":"groups/2863406","_id":"groupToStudents/2863455","_key":"2863455","_rev":"_VMnaEFK--_","_to":"students/2863400"}}
{"type":2300,"data":{"_from":"groups/2863406","_id":"groupToStudents/2863439","_key":"2863439","_rev":"_VMnaEF----","_to":"students/2863396"}}
{"type":2300,"data":{"_from":"groups/2863406","_id":"groupToStudents/2863415","_key":"2863415","_rev":"_VMnaEEm---","_to":"students/2863388"}}
{"type":2300,"data":{"_from":"groups/2857900","_id":"groupToStudents/2857955","_key":"2857955","_rev":"_VMmcegK--_","_to":"students/2857896"}}
{"type":2300,"data":{"_from":"groups/2857900","_id":"groupToStudents/2857947","_key":"2857947","_rev":"_VMmcegG--A","_to":"students/2857894"}}
{"type":2300,"data":{"_from":"groups/2857900","_id":"groupToStudents/2857939","_key":"2857939","_rev":"_VMmcegG---","_to":"students/2857892"}}
{"type":2300,"data":{"_from":"groups/2857900","_id":"groupToStudents/2857932","_key":"2857932","_rev":"_VMmcef6---","_to":"students/2857886"}}
{"type":2300,"data":{"_from":"groups/2857769","_id":"groupToStudents/2857816","_key":"2857816","_rev":"_VMmbrUO---","_to":"students/2857763"}}
{"type":2300,"data":{"_from":"groups/2857769","_id":"groupToStudents/2857797","_key":"2857797","_rev":"_VMmbrU----","_to":"students/2857755"}}
{"type":2300,"data":{"_from":"groups/2857769","_id":"groupToStudents/2857789","_key":"2857789","_rev":"_VMmbrT2---","_to":"students/2857757"}}
{"type":2300,"data":{"_from":"groups/2845922","_id":"groupToStudents/2845953","_key":"2845953","_rev":"_VMkhINm---","_to":"students/2845910"}}
{"type":2300,"data":{"_from":"groups/2481175","_id":"groupToStudents/2728600","_key":"2728600","_rev":"_VLYeghC---","_to":"students/2728360"}}
{"type":2300,"data":{"_from":"groups/2545578","_id":"groupToStudents/2545627","_key":"2545627","_rev":"_VK3kLO2---","_to":"students/2545572"}}
{"type":2300,"data":{"_from":"groups/2545578","_id":"groupToStudents/2545603","_key":"2545603","_rev":"_VK3kLOi---","_to":"students/2545566"}}
{"type":2300,"data":{"_from":"groups/2545578","_id":"groupToStudents/2545587","_key":"2545587","_rev":"_VK3kLOa---","_to":"students/2545560"}}
{"type":2300,"data":{"_from":"groups/2531432","_id":"groupToStudents/2531441","_key":"2531441","_rev":"_VK1CjGe---","_to":"students/2531414"}}
{"type":2300,"data":{"_from":"groups/2531263","_id":"groupToStudents/2531320","_key":"2531320","_rev":"_VK1BEq2--A","_to":"students/2531259"}}
{"type":2300,"data":{"_from":"groups/2531263","_id":"groupToStudents/2531312","_key":"2531312","_rev":"_VK1BEq2---","_to":"students/2531257"}}
{"type":2300,"data":{"_from":"groups/2531084","_id":"groupToStudents/2531133","_key":"2531133","_rev":"_VK1_pAa--_","_to":"students/2531078"}}
{"type":2300,"data":{"_from":"groups/2531084","_id":"groupToStudents/2531125","_key":"2531125","_rev":"_VK1_pAW--_","_to":"students/2531076"}}
{"type":2300,"data":{"_from":"groups/2515024","_id":"groupToStudents/2515089","_key":"2515089","_rev":"_VKyL1_a--A","_to":"students/2515018"}}
{"type":2300,"data":{"_from":"groups/2515024","_id":"groupToStudents/2515081","_key":"2515081","_rev":"_VKyL1_a---","_to":"students/2515016"}}
{"type":2300,"data":{"_from":"groups/2515024","_id":"groupToStudents/2515073","_key":"2515073","_rev":"_VKyL1_W--_","_to":"students/2515014"}}
{"type":2300,"data":{"_from":"groups/2515024","_id":"groupToStudents/2515041","_key":"2515041","_rev":"_VKyL1-6---","_to":"students/2515006"}}
{"type":2300,"data":{"_from":"groups/2857769","_id":"groupToStudents/2857824","_key":"2857824","_rev":"_VMmbrUS--_","_to":"students/2857765"}}
{"type":2300,"data":{"_from":"groups/2506703","_id":"groupToStudents/2506774","_key":"2506774","_rev":"_VKwtYCa--_","_to":"students/2506699"}}
{"type":2300,"data":{"_from":"groups/2506703","_id":"groupToStudents/2506766","_key":"2506766","_rev":"_VKwtYCW---","_to":"students/2506697"}}
{"type":2300,"data":{"_from":"groups/2531432","_id":"groupToStudents/2531487","_key":"2531487","_rev":"_VK1CjHW---","_to":"students/2531428"}}
{"type":2300,"data":{"_from":"groups/2506703","_id":"groupToStudents/2506750","_key":"2506750","_rev":"_VKwtYCG--_","_to":"students/2506693"}}
{"type":2300,"data":{"_from":"groups/2506703","_id":"groupToStudents/2506742","_key":"2506742","_rev":"_VKwtYCC---","_to":"students/2506691"}}
{"type":2300,"data":{"_from":"groups/2506703","_id":"groupToStudents/2506731","_key":"2506731","_rev":"_VKwtYB6---","_to":"students/2506689"}}
{"type":2300,"data":{"_from":"groups/2506703","_id":"groupToStudents/2506723","_key":"2506723","_rev":"_VKwtYBq--_","_to":"students/2506687"}}
{"type":2300,"data":{"_from":"groups/2504201","_id":"groupToStudents/2504225","_key":"2504225","_rev":"_VKwSrLe--A","_to":"students/2504187"}}
{"type":2300,"data":{"_from":"groups/2496416","_id":"groupToStudents/2496471","_key":"2496471","_rev":"_VKu5m7---_","_to":"students/2496410"}}
{"type":2300,"data":{"_from":"groups/2515024","_id":"groupToStudents/2515057","_key":"2515057","_rev":"_VKyL1_S---","_to":"students/2515010"}}
{"type":2300,"data":{"_from":"groups/2496416","_id":"groupToStudents/2496463","_key":"2496463","_rev":"_VKu5m5y--_","_to":"students/2496408"}}
{"type":2300,"data":{"_from":"groups/2496416","_id":"groupToStudents/2496455","_key":"2496455","_rev":"_VKu5m5u---","_to":"students/2496406"}}
{"type":2300,"data":{"_from":"groups/2496416","_id":"groupToStudents/2496447","_key":"2496447","_rev":"_VKu5m4i---","_to":"students/2496404"}}
{"type":2300,"data":{"_from":"groups/2496416","_id":"groupToStudents/2496436","_key":"2496436","_rev":"_VKu5m3W---","_to":"students/2496402"}}
{"type":2300,"data":{"_from":"groups/2496416","_id":"groupToStudents/2496425","_key":"2496425","_rev":"_VKu5m2C---","_to":"students/2496396"}}
{"type":2300,"data":{"_from":"groups/2531263","_id":"groupToStudents/2531288","_key":"2531288","_rev":"_VK1BEqe--_","_to":"students/2531251"}}
{"type":2300,"data":{"_from":"groups/2495780","_id":"groupToStudents/2495843","_key":"2495843","_rev":"_VKu0-0q--A","_to":"students/2495776"}}
{"type":2300,"data":{"_from":"groups/2495780","_id":"groupToStudents/2495835","_key":"2495835","_rev":"_VKu0-0q---","_to":"students/2495774"}}
{"type":2300,"data":{"_from":"groups/2495780","_id":"groupToStudents/2495819","_key":"2495819","_rev":"_VKu0-yO---","_to":"students/2495770"}}
{"type":2300,"data":{"_from":"groups/2495780","_id":"groupToStudents/2495811","_key":"2495811","_rev":"_VKu0-yG---","_to":"students/2495768"}}
{"type":2300,"data":{"_from":"groups/2495780","_id":"groupToStudents/2495803","_key":"2495803","_rev":"_VKu0-w6--_","_to":"students/2495766"}}
{"type":2300,"data":{"_from":"groups/2494611","_id":"groupToStudents/2494674","_key":"2494674","_rev":"_VKuqsMy---","_to":"students/2494607"}}
{"type":2300,"data":{"_from":"groups/2494611","_id":"groupToStudents/2494666","_key":"2494666","_rev":"_VKuqsMm---","_to":"students/2494605"}}
{"type":2300,"data":{"_from":"groups/2494611","_id":"groupToStudents/2494658","_key":"2494658","_rev":"_VKuqsLa---","_to":"students/2494603"}}
{"type":2300,"data":{"_from":"groups/2494611","_id":"groupToStudents/2494634","_key":"2494634","_rev":"_VKuqsJ----","_to":"students/2494597"}}
{"type":2300,"data":{"_from":"groups/2494611","_id":"groupToStudents/2494624","_key":"2494624","_rev":"_VKuqsHm--_","_to":"students/2494595"}}
{"type":2300,"data":{"_from":"groups/2494611","_id":"groupToStudents/2494620","_key":"2494620","_rev":"_VKuqsHm---","_to":"students/2494591"}}
{"type":2300,"data":{"_from":"groups/2494003","_id":"groupToStudents/2494036","_key":"2494036","_rev":"_VKulsay---","_to":"students/2493991"}}
{"type":2300,"data":{"_from":"groups/2857769","_id":"groupToStudents/2857778","_key":"2857778","_rev":"_VMmbrTu---","_to":"students/2857751"}}
{"type":2300,"data":{"_from":"groups/2494003","_id":"groupToStudents/2494012","_key":"2494012","_rev":"_VKulsY----","_to":"students/2493983"}}
{"type":2300,"data":{"_from":"groups/2531263","_id":"groupToStudents/2531280","_key":"2531280","_rev":"_VK1BEqa--A","_to":"students/2531249"}}
{"type":2300,"data":{"_from":"groups/2493844","_id":"groupToStudents/2493909","_key":"2493909","_rev":"_VKukoY6--_","_to":"students/2493840"}}
{"type":2300,"data":{"_from":"groups/2863406","_id":"groupToStudents/2863463","_key":"2863463","_rev":"_VMnaEFS---","_to":"students/2863402"}}
{"type":2300,"data":{"_from":"groups/2493844","_id":"groupToStudents/2493901","_key":"2493901","_rev":"_VKukoYy---","_to":"students/2493838"}}
{"type":2300,"data":{"_from":"groups/2493844","_id":"groupToStudents/2493893","_key":"2493893","_rev":"_VKukoXi--_","_to":"students/2493836"}}
{"type":2300,"data":{"_from":"groups/2493844","_id":"groupToStudents/2493877","_key":"2493877","_rev":"_VKukoWS---","_to":"students/2493832"}}
{"type":2300,"data":{"_from":"groups/2493844","_id":"groupToStudents/2493861","_key":"2493861","_rev":"_VKukoT6---","_to":"students/2493828"}}
{"type":2300,"data":{"_from":"groups/2493649","_id":"groupToStudents/2493698","_key":"2493698","_rev":"_VKui3uW---","_to":"students/2493641"}}
{"type":2300,"data":{"_from":"groups/2493649","_id":"groupToStudents/2493690","_key":"2493690","_rev":"_VKui3tK---","_to":"students/2493639"}}
{"type":2300,"data":{"_from":"groups/2493649","_id":"groupToStudents/2493682","_key":"2493682","_rev":"_VKui3t----","_to":"students/2493637"}}
{"type":2300,"data":{"_from":"groups/2494003","_id":"groupToStudents/2494068","_key":"2494068","_rev":"_VKulsde---","_to":"students/2493999"}}
{"type":2300,"data":{"_from":"groups/2493649","_id":"groupToStudents/2493674","_key":"2493674","_rev":"_VKui3ru---","_to":"students/2493635"}}
{"type":2300,"data":{"_from":"groups/2493844","_id":"groupToStudents/2493853","_key":"2493853","_rev":"_VKukoT2---","_to":"students/2493824"}}
{"type":2300,"data":{"_from":"groups/2493649","_id":"groupToStudents/2493658","_key":"2493658","_rev":"_VKui3qa---","_to":"students/2493629"}}
{"type":2300,"data":{"_from":"groups/2531084","_id":"groupToStudents/2531101","_key":"2531101","_rev":"_VK1_pAG--_","_to":"students/2531070"}}
{"type":2300,"data":{"_from":"groups/2493227","_id":"groupToStudents/2493274","_key":"2493274","_rev":"_VKuhhti---","_to":"students/2493219"}}
{"type":2300,"data":{"_from":"groups/2493227","_id":"groupToStudents/2493258","_key":"2493258","_rev":"_VKuhhsC---","_to":"students/2493215"}}
{"type":2300,"data":{"_from":"groups/2863516","_id":"groupToStudents/2863533","_key":"2863533","_rev":"_VMnaira--A","_to":"students/2863502"}}
{"type":2300,"data":{"_from":"groups/2493227","_id":"groupToStudents/2493247","_key":"2493247","_rev":"_VKuhhqm---","_to":"students/2493213"}}
{"type":2300,"data":{"_from":"groups/2492692","_id":"groupToStudents/2492739","_key":"2492739","_rev":"_VKuciLm--_","_to":"students/2492684"}}
{"type":2300,"data":{"_from":"groups/2492692","_id":"groupToStudents/2492731","_key":"2492731","_rev":"_VKuciKu---","_to":"students/2492682"}}
{"type":2300,"data":{"_from":"groups/2545578","_id":"groupToStudents/2545595","_key":"2545595","_rev":"_VK3kLOe---","_to":"students/2545564"}}
{"type":2300,"data":{"_from":"groups/2492692","_id":"groupToStudents/2492715","_key":"2492715","_rev":"_VKuciJS---","_to":"students/2492678"}}
{"type":2300,"data":{"_from":"groups/2531084","_id":"groupToStudents/2531093","_key":"2531093","_rev":"_VK1_pAC---","_to":"students/2531066"}}
{"type":2300,"data":{"_from":"groups/2504201","_id":"groupToStudents/2504256","_key":"2504256","_rev":"_VKwSrLy--_","_to":"students/2504197"}}
{"type":2300,"data":{"_from":"groups/2492692","_id":"groupToStudents/2492705","_key":"2492705","_rev":"_VKuciH2---","_to":"students/2492676"}}
{"type":2300,"data":{"_from":"groups/2545578","_id":"groupToStudents/2545619","_key":"2545619","_rev":"_VK3kLOy---","_to":"students/2545570"}}
{"type":2300,"data":{"_from":"groups/2495780","_id":"groupToStudents/2495789","_key":"2495789","_rev":"_VKu0-vq---","_to":"students/2495760"}}
{"type":2300,"data":{"_from":"groups/2492692","_id":"groupToStudents/2492701","_key":"2492701","_rev":"_VKuciHy---","_to":"students/2492672"}}
{"type":2300,"data":{"_from":"groups/2857900","_id":"groupToStudents/2857909","_key":"2857909","_rev":"_VMmcefe---","_to":"students/2857882"}}
{"type":2300,"data":{"_from":"groups/2494611","_id":"groupToStudents/2494642","_key":"2494642","_rev":"_VKuqsKG---","_to":"students/2494599"}}
{"type":2300,"data":{"_from":"groups/2492239","_id":"groupToStudents/2492294","_key":"2492294","_rev":"_VKuaGNS---","_to":"students/2492233"}}
{"type":2300,"data":{"_from":"groups/2863406","_id":"groupToStudents/2863423","_key":"2863423","_rev":"_VMnaEEq---","_to":"students/2863392"}}
{"type":2300,"data":{"_from":"groups/2492239","_id":"groupToStudents/2492286","_key":"2492286","_rev":"_VKuaGMW---","_to":"students/2492231"}}
{"type":2300,"data":{"_from":"groups/2492239","_id":"groupToStudents/2492270","_key":"2492270","_rev":"_VKuaGKq---","_to":"students/2492227"}}
{"type":2300,"data":{"_from":"groups/2492239","_id":"groupToStudents/2492260","_key":"2492260","_rev":"_VKuaGJe---","_to":"students/2492225"}}
{"type":2300,"data":{"_from":"groups/2492239","_id":"groupToStudents/2492248","_key":"2492248","_rev":"_VKuaGIO---","_to":"students/2492219"}}
{"type":2300,"data":{"_from":"groups/2492090","_id":"groupToStudents/2492155","_key":"2492155","_rev":"_VKuZkpO--_","_to":"students/2492086"}}
{"type":2300,"data":{"_from":"groups/2494003","_id":"groupToStudents/2494020","_key":"2494020","_rev":"_VKulsY---A","_to":"students/2493987"}}
{"type":2300,"data":{"_from":"groups/2492090","_id":"groupToStudents/2492147","_key":"2492147","_rev":"_VKuZkp----","_to":"students/2492084"}}
{"type":2300,"data":{"_from":"groups/2492090","_id":"groupToStudents/2492131","_key":"2492131","_rev":"_VKuZkmi---","_to":"students/2492080"}}
{"type":2300,"data":{"_from":"groups/2492090","_id":"groupToStudents/2492115","_key":"2492115","_rev":"_VKuZklK---","_to":"students/2492076"}}
{"type":2300,"data":{"_from":"groups/2504201","_id":"groupToStudents/2504210","_key":"2504210","_rev":"_VKwSrLa---","_to":"students/2504183"}}
{"type":2300,"data":{"_from":"groups/2491884","_id":"groupToStudents/2491947","_key":"2491947","_rev":"_VKuYRCi---","_to":"students/2491880"}}
{"type":2300,"data":{"_from":"groups/2845922","_id":"groupToStudents/2845942","_key":"2845942","_rev":"_VMkhIMW---","_to":"students/2845908"}}
{"type":2300,"data":{"_from":"groups/2515024","_id":"groupToStudents/2515065","_key":"2515065","_rev":"_VKyL1_S--A","_to":"students/2515012"}}
{"type":2300,"data":{"_from":"groups/2491884","_id":"groupToStudents/2491923","_key":"2491923","_rev":"_VKuYRAC---","_to":"students/2491874"}}
{"type":2300,"data":{"_from":"groups/2491884","_id":"groupToStudents/2491908","_key":"2491908","_rev":"_VKuYQ9q---","_to":"students/2491868"}}
{"type":2300,"data":{"_from":"groups/2491884","_id":"groupToStudents/2491904","_key":"2491904","_rev":"_VKuYQ9m---","_to":"students/2491870"}}
{"type":2300,"data":{"_from":"groups/2487256","_id":"groupToStudents/2487303","_key":"2487303","_rev":"_VKtmnRq---","_to":"students/2487248"}}
{"type":2300,"data":{"_from":"groups/2482601","_id":"groupToStudents/2482626","_key":"2482626","_rev":"_VKs7ynq--_","_to":"students/2482587"}}
{"type":2300,"data":{"_from":"groups/2487156","_id":"groupToStudents/2487218","_key":"2487218","_rev":"_VKtmhq2---","_to":"students/2487152"}}
{"type":2300,"data":{"_from":"groups/2487156","_id":"groupToStudents/2487214","_key":"2487214","_rev":"_VKtmhqy---","_to":"students/2487150"}}
{"type":2300,"data":{"_from":"groups/2863406","_id":"groupToStudents/2863431","_key":"2863431","_rev":"_VMnaEEy---","_to":"students/2863394"}}
{"type":2300,"data":{"_from":"groups/2531263","_id":"groupToStudents/2531272","_key":"2531272","_rev":"_VK1BEqa---","_to":"students/2531245"}}
{"type":2300,"data":{"_from":"groups/2492239","_id":"groupToStudents/2492278","_key":"2492278","_rev":"_VKuaGKu--_","_to":"students/2492229"}}
{"type":2300,"data":{"_from":"groups/2487256","_id":"groupToStudents/2487292","_key":"2487292","_rev":"_VKtmnQW--_","_to":"students/2487244"}}
{"type":2300,"data":{"_from":"groups/2487156","_id":"groupToStudents/2487179","_key":"2487179","_rev":"_VKtmhm6---","_to":"students/2487142"}}
{"type":2300,"data":{"_from":"groups/2857769","_id":"groupToStudents/2857801","_key":"2857801","_rev":"_VMmbrU---_","_to":"students/2857759"}}
{"type":2300,"data":{"_from":"groups/2487256","_id":"groupToStudents/2487319","_key":"2487319","_rev":"_VKtmnTO---","_to":"students/2487252"}}
{"type":2300,"data":{"_from":"groups/2492692","_id":"groupToStudents/2492747","_key":"2492747","_rev":"_VKuciM2---","_to":"students/2492686"}}
{"type":2300,"data":{"_from":"groups/2487156","_id":"groupToStudents/2487203","_key":"2487203","_rev":"_VKtmhpe---","_to":"students/2487148"}}
{"type":2300,"data":{"_from":"groups/2487156","_id":"groupToStudents/2487165","_key":"2487165","_rev":"_VKtmhlm---","_to":"students/2487136"}}
{"type":2300,"data":{"_from":"groups/2486903","_id":"groupToStudents/2486942","_key":"2486942","_rev":"_VKtkyFa---","_to":"students/2486893"}}
{"type":2300,"data":{"_from":"groups/2483004","_id":"groupToStudents/2483021","_key":"2483021","_rev":"_VKt-kKC--A","_to":"students/2482988"}}
{"type":2300,"data":{"_from":"groups/2486903","_id":"groupToStudents/2486923","_key":"2486923","_rev":"_VKtkyC6---","_to":"students/2486889"}}
{"type":2300,"data":{"_from":"groups/2531432","_id":"groupToStudents/2531460","_key":"2531460","_rev":"_VK1CjGy---","_to":"students/2531418"}}
{"type":2300,"data":{"_from":"groups/2485473","_id":"groupToStudents/2485536","_key":"2485536","_rev":"_VKtWqbq---","_to":"students/2485469"}}
{"type":2300,"data":{"_from":"groups/2485473","_id":"groupToStudents/2485520","_key":"2485520","_rev":"_VKtWqZW---","_to":"students/2485465"}}
{"type":2300,"data":{"_from":"groups/2506703","_id":"groupToStudents/2506758","_key":"2506758","_rev":"_VKwtYCO---","_to":"students/2506695"}}
{"type":2300,"data":{"_from":"groups/2504201","_id":"groupToStudents/2504248","_key":"2504248","_rev":"_VKwSrLu---","_to":"students/2504195"}}
{"type":2300,"data":{"_from":"groups/2485473","_id":"groupToStudents/2485504","_key":"2485504","_rev":"_VKtWqYC---","_to":"students/2485461"}}
{"type":2300,"data":{"_from":"groups/2531263","_id":"groupToStudents/2531296","_key":"2531296","_rev":"_VK1BEqu---","_to":"students/2531253"}}
{"type":2300,"data":{"_from":"groups/2493227","_id":"groupToStudents/2493251","_key":"2493251","_rev":"_VKuhhqq---","_to":"students/2493211"}}
{"type":2300,"data":{"_from":"groups/2486903","_id":"groupToStudents/2486912","_key":"2486912","_rev":"_VKtkyBe---","_to":"students/2486883"}}
{"type":2300,"data":{"_from":"groups/2482118","_id":"groupToStudents/2482142","_key":"2482142","_rev":"_VKs4fUa---","_to":"students/2482102"}}
{"type":2300,"data":{"_from":"groups/2485473","_id":"groupToStudents/2485497","_key":"2485497","_rev":"_VKtWqWu---","_to":"students/2485457"}}
{"type":2300,"data":{"_from":"groups/2491884","_id":"groupToStudents/2491931","_key":"2491931","_rev":"_VKuYRAO---","_to":"students/2491876"}}
{"type":2300,"data":{"_from":"groups/2487156","_id":"groupToStudents/2487187","_key":"2487187","_rev":"_VKtmhoG---","_to":"students/2487144"}}
{"type":2300,"data":{"_from":"groups/2863516","_id":"groupToStudents/2863557","_key":"2863557","_rev":"_VMnair2---","_to":"students/2863508"}}
{"type":2300,"data":{"_from":"groups/2845922","_id":"groupToStudents/2845946","_key":"2845946","_rev":"_VMkhIMa---","_to":"students/2845906"}}
{"type":2300,"data":{"_from":"groups/2485473","_id":"groupToStudents/2485482","_key":"2485482","_rev":"_VKtWqVS---","_to":"students/2485453"}}
{"type":2300,"data":{"_from":"groups/2487256","_id":"groupToStudents/2487296","_key":"2487296","_rev":"_VKtmnQa---","_to":"students/2487246"}}
{"type":2300,"data":{"_from":"groups/2483004","_id":"groupToStudents/2483069","_key":"2483069","_rev":"_VKt-kPS---","_to":"students/2483000"}}
{"type":2300,"data":{"_from":"groups/2863516","_id":"groupToStudents/2863525","_key":"2863525","_rev":"_VMnaira---","_to":"students/2863498"}}
{"type":2300,"data":{"_from":"groups/2483004","_id":"groupToStudents/2483037","_key":"2483037","_rev":"_VKt-kMm---","_to":"students/2482992"}}
{"type":2300,"data":{"_from":"groups/2483004","_id":"groupToStudents/2483013","_key":"2483013","_rev":"_VKt-kKC---","_to":"students/2482984"}}
{"type":2300,"data":{"_from":"groups/2515024","_id":"groupToStudents/2515049","_key":"2515049","_rev":"_VKyL1_---_","_to":"students/2515008"}}
{"type":2300,"data":{"_from":"groups/2482841","_id":"groupToStudents/2482888","_key":"2482888","_rev":"_VKs9nim---","_to":"students/2482833"}}
{"type":2300,"data":{"_from":"groups/2492090","_id":"groupToStudents/2492107","_key":"2492107","_rev":"_VKuZkj2--A","_to":"students/2492074"}}
{"type":2300,"data":{"_from":"groups/2482841","_id":"groupToStudents/2482904","_key":"2482904","_rev":"_VKs9nj2--_","_to":"students/2482837"}}
{"type":2300,"data":{"_from":"groups/2482841","_id":"groupToStudents/2482880","_key":"2482880","_rev":"_VKs9nhW---","_to":"students/2482831"}}
{"type":2300,"data":{"_from":"groups/2863516","_id":"groupToStudents/2863565","_key":"2863565","_rev":"_VMnair6---","_to":"students/2863510"}}
{"type":2300,"data":{"_from":"groups/2482841","_id":"groupToStudents/2482864","_key":"2482864","_rev":"_VKs9ngG---","_to":"students/2482827"}}
{"type":2300,"data":{"_from":"groups/2482841","_id":"groupToStudents/2482854","_key":"2482854","_rev":"_VKs9ne2---","_to":"students/2482825"}}
{"type":2300,"data":{"_from":"groups/2482841","_id":"groupToStudents/2482850","_key":"2482850","_rev":"_VKs9ney---","_to":"students/2482821"}}
{"type":2300,"data":{"_from":"groups/2845922","_id":"groupToStudents/2845977","_key":"2845977","_rev":"_VMkhIQC---","_to":"students/2845916"}}
{"type":2300,"data":{"_from":"groups/2482601","_id":"groupToStudents/2482658","_key":"2482658","_rev":"_VKs7yra---","_to":"students/2482595"}}
{"type":2300,"data":{"_from":"groups/2531432","_id":"groupToStudents/2531479","_key":"2531479","_rev":"_VK1CjHO---","_to":"students/2531426"}}
{"type":2300,"data":{"_from":"groups/2482601","_id":"groupToStudents/2482650","_key":"2482650","_rev":"_VKs7yqK--_","_to":"students/2482593"}}
{"type":2300,"data":{"_from":"groups/2482601","_id":"groupToStudents/2482634","_key":"2482634","_rev":"_VKs7yo6---","_to":"students/2482589"}}
{"type":2300,"data":{"_from":"groups/2482601","_id":"groupToStudents/2482610","_key":"2482610","_rev":"_VKs7yma---","_to":"students/2482581"}}
{"type":2300,"data":{"_from":"groups/2515024","_id":"groupToStudents/2515033","_key":"2515033","_rev":"_VKyL1-2---","_to":"students/2515002"}}
{"type":2300,"data":{"_from":"groups/2482118","_id":"groupToStudents/2482173","_key":"2482173","_rev":"_VKs4fYK---","_to":"students/2482112"}}
{"type":2300,"data":{"_from":"groups/2485473","_id":"groupToStudents/2485493","_key":"2485493","_rev":"_VKtWqWm---","_to":"students/2485459"}}
{"type":2300,"data":{"_from":"groups/2482118","_id":"groupToStudents/2482165","_key":"2482165","_rev":"_VKs4fXG---","_to":"students/2482110"}}
{"type":2300,"data":{"_from":"groups/2482118","_id":"groupToStudents/2482157","_key":"2482157","_rev":"_VKs4fW6---","_to":"students/2482108"}}
{"type":2300,"data":{"_from":"groups/2487256","_id":"groupToStudents/2487281","_key":"2487281","_rev":"_VKtmnPG--_","_to":"students/2487242"}}
{"type":2300,"data":{"_from":"groups/2482118","_id":"groupToStudents/2482149","_key":"2482149","_rev":"_VKs4fVq---","_to":"students/2482106"}}
{"type":2300,"data":{"_from":"groups/2482118","_id":"groupToStudents/2482127","_key":"2482127","_rev":"_VKs4fTC---","_to":"students/2482098"}}
{"type":2300,"data":{"_from":"groups/2845922","_id":"groupToStudents/2845985","_key":"2845985","_rev":"_VMkhIRO---","_to":"students/2845918"}}
{"type":2300,"data":{"_from":"groups/2845922","_id":"groupToStudents/2845969","_key":"2845969","_rev":"_VMkhIO2---","_to":"students/2845914"}}
{"type":2300,"data":{"_from":"groups/2494003","_id":"groupToStudents/2494028","_key":"2494028","_rev":"_VKulsZm--_","_to":"students/2493989"}}
{"type":2300,"data":{"_from":"groups/2483004","_id":"groupToStudents/2483045","_key":"2483045","_rev":"_VKt-kMq---","_to":"students/2482994"}}
{"type":2300,"data":{"_from":"groups/2483004","_id":"groupToStudents/2483029","_key":"2483029","_rev":"_VKt-kLS--_","_to":"students/2482990"}}
{"type":2300,"data":{"_from":"groups/2494611","_id":"groupToStudents/2494650","_key":"2494650","_rev":"_VKuqsKO--_","_to":"students/2494601"}}
{"type":2300,"data":{"_from":"groups/2483004","_id":"groupToStudents/2483053","_key":"2483053","_rev":"_VKt-kO----","_to":"students/2482996"}}
{"type":2300,"data":{"_from":"groups/2506703","_id":"groupToStudents/2506735","_key":"2506735","_rev":"_VKwtYB6--_","_to":"students/2506685"}}
{"type":2300,"data":{"_from":"groups/2845922","_id":"groupToStudents/2845961","_key":"2845961","_rev":"_VMkhIOu---","_to":"students/2845912"}}
{"type":2300,"data":{"_from":"groups/2493227","_id":"groupToStudents/2493236","_key":"2493236","_rev":"_VKuhhpW---","_to":"students/2493207"}}
{"type":2300,"data":{"_from":"groups/2495780","_id":"groupToStudents/2495827","_key":"2495827","_rev":"_VKu0-za--_","_to":"students/2495772"}}
{"type":2300,"data":{"_from":"groups/2492090","_id":"groupToStudents/2492099","_key":"2492099","_rev":"_VKuZkj2---","_to":"students/2492070"}}
{"type":2300,"data":{"_from":"groups/2531084","_id":"groupToStudents/2531141","_key":"2531141","_rev":"_VK1_pAe--_","_to":"students/2531080"}}
{"type":2300,"data":{"_from":"groups/2493227","_id":"groupToStudents/2493290","_key":"2493290","_rev":"_VKuhhvu---","_to":"students/2493223"}}
{"type":2300,"data":{"_from":"groups/2863516","_id":"groupToStudents/2863573","_key":"2863573","_rev":"_VMnaisC---","_to":"students/2863512"}}
{"type":2300,"data":{"_from":"groups/2487256","_id":"groupToStudents/2487311","_key":"2487311","_rev":"_VKtmnS6---","_to":"students/2487250"}}
{"type":2300,"data":{"_from":"groups/2531263","_id":"groupToStudents/2531304","_key":"2531304","_rev":"_VK1BEqy---","_to":"students/2531255"}}
{"type":2300,"data":{"_from":"groups/2531084","_id":"groupToStudents/2531117","_key":"2531117","_rev":"_VK1_pAO--_","_to":"students/2531074"}}
{"type":2300,"data":{"_from":"groups/2491884","_id":"groupToStudents/2491893","_key":"2491893","_rev":"_VKuYQ8K---","_to":"students/2491864"}}
{"type":2300,"data":{"_from":"groups/2493649","_id":"groupToStudents/2493714","_key":"2493714","_rev":"_VKui3vu---","_to":"students/2493645"}}
{"type":2300,"data":{"_from":"groups/2545578","_id":"groupToStudents/2545635","_key":"2545635","_rev":"_VK3kLPO---","_to":"students/2545574"}}
{"type":2300,"data":{"_from":"groups/2483004","_id":"groupToStudents/2483061","_key":"2483061","_rev":"_VKt-kPK---","_to":"students/2482998"}}
{"type":2300,"data":{"_from":"groups/2493649","_id":"groupToStudents/2493706","_key":"2493706","_rev":"_VKui3ve---","_to":"students/2493643"}}
{"type":2300,"data":{"_from":"groups/2491884","_id":"groupToStudents/2491915","_key":"2491915","_rev":"_VKuYR-6---","_to":"students/2491872"}}
{"type":2300,"data":{"_from":"groups/2487156","_id":"groupToStudents/2487195","_key":"2487195","_rev":"_VKtmhoK---","_to":"students/2487146"}}
{"type":2300,"data":{"_from":"groups/2496416","_id":"groupToStudents/2496440","_key":"2496440","_rev":"_VKu5m3W--_","_to":"students/2496400"}}
{"type":2300,"data":{"_from":"groups/2545578","_id":"groupToStudents/2545611","_key":"2545611","_rev":"_VK3kLOm---","_to":"students/2545568"}}
{"type":2300,"data":{"_from":"groups/2504201","_id":"groupToStudents/2504232","_key":"2504232","_rev":"_VKwSrLi--_","_to":"students/2504191"}}
{"type":2300,"data":{"_from":"groups/2845922","_id":"groupToStudents/2845931","_key":"2845931","_rev":"_VMkhIL----","_to":"students/2845902"}}
{"type":2300,"data":{"_from":"groups/2482841","_id":"groupToStudents/2482896","_key":"2482896","_rev":"_VKs9njy---","_to":"students/2482835"}}
{"type":2300,"data":{"_from":"groups/2482601","_id":"groupToStudents/2482618","_key":"2482618","_rev":"_VKs7yme---","_to":"students/2482585"}}
{"type":2300,"data":{"_from":"groups/2487156","_id":"groupToStudents/2487169","_key":"2487169","_rev":"_VKtmhlm--_","_to":"students/2487140"}}
{"type":2300,"data":{"_from":"groups/2506703","_id":"groupToStudents/2506712","_key":"2506712","_rev":"_VKwtYBi---","_to":"students/2506681"}}
{"type":2300,"data":{"_from":"groups/2493227","_id":"groupToStudents/2493266","_key":"2493266","_rev":"_VKuhhtS---","_to":"students/2493217"}}
{"type":2300,"data":{"_from":"groups/2481175","_id":"groupToStudents/2481718","_key":"2481718","_rev":"_VKs05Ai---","_to":"students/2480915"}}
{"type":2300,"data":{"_from":"groups/2863406","_id":"groupToStudents/2863447","_key":"2863447","_rev":"_VMnaEFG---","_to":"students/2863398"}}
{"type":2300,"data":{"_from":"groups/2493844","_id":"groupToStudents/2493869","_key":"2493869","_rev":"_VKukoVO---","_to":"students/2493830"}}
{"type":2300,"data":{"_from":"groups/2486903","_id":"groupToStudents/2486966","_key":"2486966","_rev":"_VKtkyH2---","_to":"students/2486899"}}
{"type":2300,"data":{"_from":"groups/2515024","_id":"groupToStudents/2515097","_key":"2515097","_rev":"_VKyL1_e--_","_to":"students/2515020"}}
{"type":2300,"data":{"_from":"groups/2496416","_id":"groupToStudents/2496479","_key":"2496479","_rev":"_VKu5m8O---","_to":"students/2496412"}}
{"type":2300,"data":{"_from":"groups/2495780","_id":"groupToStudents/2495793","_key":"2495793","_rev":"_VKu0-vu---","_to":"students/2495764"}}
{"type":2300,"data":{"_from":"groups/2486903","_id":"groupToStudents/2486958","_key":"2486958","_rev":"_VKtkyGy---","_to":"students/2486897"}}
{"type":2300,"data":{"_from":"groups/2482601","_id":"groupToStudents/2482642","_key":"2482642","_rev":"_VKs7yp----","_to":"students/2482591"}}
{"type":2300,"data":{"_from":"groups/2531432","_id":"groupToStudents/2531452","_key":"2531452","_rev":"_VK1CjGq---","_to":"students/2531420"}}
{"type":2300,"data":{"_from":"groups/2494003","_id":"groupToStudents/2494052","_key":"2494052","_rev":"_VKulscK---","_to":"students/2493995"}}
{"type":2300,"data":{"_from":"groups/2492090","_id":"groupToStudents/2492123","_key":"2492123","_rev":"_VKuZkmW---","_to":"students/2492078"}}
{"type":2300,"data":{"_from":"groups/2504201","_id":"groupToStudents/2504240","_key":"2504240","_rev":"_VKwSrLq---","_to":"students/2504193"}}
{"type":2300,"data":{"_from":"groups/2494003","_id":"groupToStudents/2494044","_key":"2494044","_rev":"_VKulsb----","_to":"students/2493993"}}
{"type":2300,"data":{"_from":"groups/2482118","_id":"groupToStudents/2482181","_key":"2482181","_rev":"_VKs4fZW---","_to":"students/2482114"}}
{"type":2300,"data":{"_from":"groups/2481161","_id":"groupToStudents/2481704","_key":"2481704","_rev":"_VKs0u3i---","_to":"students/2480943"}}
{"type":2300,"data":{"_from":"groups/2482841","_id":"groupToStudents/2482872","_key":"2482872","_rev":"_VKs9nhO---","_to":"students/2482829"}}
{"type":2300,"data":{"_from":"groups/2487256","_id":"groupToStudents/2487273","_key":"2487273","_rev":"_VKtmnN6---","_to":"students/2487240"}}
{"type":2300,"data":{"_from":"groups/2485473","_id":"groupToStudents/2485528","_key":"2485528","_rev":"_VKtWqam---","_to":"students/2485467"}}
{"type":2300,"data":{"_from":"groups/2857900","_id":"groupToStudents/2857928","_key":"2857928","_rev":"_VMmcef2---","_to":"students/2857890"}}
{"type":2300,"data":{"_from":"groups/2531432","_id":"groupToStudents/2531471","_key":"2531471","_rev":"_VK1CjG6---","_to":"students/2531424"}}
{"type":2300,"data":{"_from":"groups/2863516","_id":"groupToStudents/2863541","_key":"2863541","_rev":"_VMnairm---","_to":"students/2863504"}}
{"type":2300,"data":{"_from":"groups/2493844","_id":"groupToStudents/2493885","_key":"2493885","_rev":"_VKukoWi---","_to":"students/2493834"}}
{"type":2300,"data":{"_from":"groups/2482118","_id":"groupToStudents/2482138","_key":"2482138","_rev":"_VKs4fUW---","_to":"students/2482104"}}
{"type":2300,"data":{"_from":"groups/2493227","_id":"groupToStudents/2493282","_key":"2493282","_rev":"_VKuhhum---","_to":"students/2493221"}}
{"type":2300,"data":{"_from":"groups/2494003","_id":"groupToStudents/2494060","_key":"2494060","_rev":"_VKulsdW---","_to":"students/2493997"}}
{"type":2300,"data":{"_from":"groups/2491884","_id":"groupToStudents/2491939","_key":"2491939","_rev":"_VKuYRBe---","_to":"students/2491878"}}
{"type":2300,"data":{"_from":"groups/2531432","_id":"groupToStudents/2531464","_key":"2531464","_rev":"_VK1CjGy--_","_to":"students/2531422"}}
{"type":2300,"data":{"_from":"groups/2492239","_id":"groupToStudents/2492302","_key":"2492302","_rev":"_VKuaGNm--_","_to":"students/2492235"}}
{"type":2300,"data":{"_from":"groups/2531084","_id":"groupToStudents/2531109","_key":"2531109","_rev":"_VK1_pAK---","_to":"students/2531072"}}
{"type":2300,"data":{"_from":"groups/2492239","_id":"groupToStudents/2492256","_key":"2492256","_rev":"_VKuaGIO--A","_to":"students/2492223"}}
{"type":2300,"data":{"_from":"groups/2486903","_id":"groupToStudents/2486950","_key":"2486950","_rev":"_VKtkyFm---","_to":"students/2486895"}}
{"type":2300,"data":{"_from":"groups/2492090","_id":"groupToStudents/2492139","_key":"2492139","_rev":"_VKuZknu---","_to":"students/2492082"}}
{"type":2300,"data":{"_from":"groups/2486903","_id":"groupToStudents/2486927","_key":"2486927","_rev":"_VKtkyC6--_","_to":"students/2486887"}}
{"type":2300,"data":{"_from":"groups/2504201","_id":"groupToStudents/2504221","_key":"2504221","_rev":"_VKwSrLe--_","_to":"students/2504189"}}
{"type":2300,"data":{"_from":"groups/2485473","_id":"groupToStudents/2485512","_key":"2485512","_rev":"_VKtWqZK---","_to":"students/2485463"}}
{"type":2300,"data":{"_from":"groups/2493649","_id":"groupToStudents/2493666","_key":"2493666","_rev":"_VKui3qa--A","_to":"students/2493633"}}
{"type":2300,"data":{"_from":"groups/2487256","_id":"groupToStudents/2487265","_key":"2487265","_rev":"_VKtmnN2---","_to":"students/2487236"}}
{"type":2300,"data":{"_from":"groups/2857769","_id":"groupToStudents/2857808","_key":"2857808","_rev":"_VMmbrUG---","_to":"students/2857761"}}
{"type":2300,"data":{"_from":"groups/2492692","_id":"groupToStudents/2492723","_key":"2492723","_rev":"_VKuciKW---","_to":"students/2492680"}}
{"type":2300,"data":{"_from":"groups/2486903","_id":"groupToStudents/2486934","_key":"2486934","_rev":"_VKtkyEW---","_to":"students/2486891"}}
{"type":2300,"data":{"_from":"groups/2482601","_id":"groupToStudents/2482666","_key":"2482666","_rev":"_VKs7yrm---","_to":"students/2482597"}}
{"type":2300,"data":{"_from":"groups/2857900","_id":"groupToStudents/2857920","_key":"2857920","_rev":"_VMmcefu---","_to":"students/2857888"}}
{"type":2300,"data":{"_from":"groups/2492692","_id":"groupToStudents/2492755","_key":"2492755","_rev":"_VKuciNO---","_to":"students/2492688"}}
