{"type":2300,"data":{"_id":"groups/2531432","_key":"2531432","_rev":"_VK1CjEW---","name":"America in the 1950s_2531414"}}
{"type":2300,"data":{"_id":"groups/2531084","_key":"2531084","_rev":"_VK1_p_u---","name":"ANCIENT HEBREWS: Judaism_2531066"}}
{"type":2300,"data":{"_id":"groups/2506703","_key":"2506703","_rev":"_VKwtYAe---","name":"Conventions of English 11_2506681"}}
{"type":2300,"data":{"_id":"groups/2504201","_key":"2504201","_rev":"_VKwSrKu---","name":"Characterization 10_2504183"}}
{"type":2300,"data":{"_id":"groups/2496416","_key":"2496416","_rev":"_VKu5mxu---","name":"Significance Tests_2496396"}}
{"type":2300,"data":{"_id":"groups/2495221","_key":"2495221","_rev":"_VKuv2Um---","name":" Focus Area 1_2495201"}}
{"type":2300,"data":{"_id":"groups/2494611","_key":"2494611","_rev":"_VKuqsEu---","name":"Abolishing Slavery_2494591"}}
{"type":2300,"data":{"_id":"groups/2494003","_key":"2494003","_rev":"_VKulsVO---","name":"Accumulated Quantity and Average Value_2493983"}}
{"type":2300,"data":{"_id":"groups/2493649","_key":"2493649","_rev":"_VKui3ni---","name":"Meter_2493629"}}
{"type":2300,"data":{"_id":"groups/2493599","_key":"2493599","_rev":"_VKuiihW---","name":" Focus Area 1_2493579"}}
{"type":2300,"data":{"_id":"groups/2493549","_key":"2493549","_rev":"_VKuiOd----","name":" Focus Area 1_2493529"}}
{"type":2300,"data":{"_id":"groups/2492991","_key":"2492991","_rev":"_VKuevYK---","name":" Focus Area 1_2492971"}}
{"type":2300,"data":{"_id":"groups/2492941","_key":"2492941","_rev":"_VKueeei---","name":" Focus Area 1_2492921"}}
{"type":2300,"data":{"_id":"groups/2492576","_key":"2492576","_rev":"_VKubKsG---","name":" Focus Area 1_2492556"}}
{"type":2300,"data":{"_id":"groups/2492239","_key":"2492239","_rev":"_VKuaGFK---","name":"Meter_2492219"}}
{"type":2300,"data":{"_id":"groups/2863516","_key":"2863516","_rev":"_VMnaiqO---","name":"Algebraic Expressions_2863498"}}
{"type":2300,"data":{"_id":"groups/2492043","_key":"2492043","_rev":"_VKuZVei---","name":" Focus Area 1_2492023"}}
{"type":2300,"data":{"_id":"groups/2491884","_key":"2491884","_rev":"_VKuYQ5a---","name":"Meter_2491864"}}
{"type":2300,"data":{"_id":"groups/2487497","_key":"2487497","_rev":"_VKtn5Mu---","name":" Focus Area 1_2487477"}}
{"type":2300,"data":{"_id":"groups/2487118","_key":"2487118","_rev":"_VKtmTX----","name":" Focus Area 1_2487098"}}
{"type":2300,"data":{"_id":"groups/2486903","_key":"2486903","_rev":"_VKtky-e---","name":"Argument Writing 6_2486883"}}
{"type":2300,"data":{"_id":"groups/2491747","_key":"2491747","_rev":"_VKuX_xa---","name":" Focus Area 1_2491727"}}
{"type":2300,"data":{"_id":"groups/2486838","_key":"2486838","_rev":"_VKtkO0e---","name":" Focus Area 1_2486818"}}
{"type":2300,"data":{"_id":"groups/2485473","_key":"2485473","_rev":"_VKtWqSK---","name":"Abolishing Slavery_2485453"}}
{"type":2300,"data":{"_id":"groups/2857900","_key":"2857900","_rev":"_VMmcee2---","name":"Characterization 10_2857882"}}
{"type":2300,"data":{"_id":"groups/2481175","_key":"2481175","_rev":"_VKszaYe---","name":"Group 1"}}
{"type":2300,"data":{"_id":"groups/2483004","_key":"2483004","_rev":"_VKt-kHS---","name":"ANCIENT HEBREWS: Judaism_2482984"}}
{"type":2300,"data":{"_id":"groups/2482812","_key":"2482812","_rev":"_VKs9hOq---","name":" Focus Area 1_2482792"}}
{"type":2300,"data":{"_id":"groups/2482601","_key":"2482601","_rev":"_VKs7yjy---","name":"Abolishing Slavery_2482581"}}
{"type":2300,"data":{"_id":"groups/2545578","_key":"2545578","_rev":"_VK3kLNi---","name":"American Imperialism_2545560"}}
{"type":2300,"data":{"_id":"groups/2492692","_key":"2492692","_rev":"_VKuciE6---","name":"Meter_2492672"}}
{"type":2300,"data":{"_id":"groups/2487156","_key":"2487156","_rev":"_VKtmhiC---","name":"Argument Writing 6_2487136"}}
{"type":2300,"data":{"_id":"groups/2482118","_key":"2482118","_rev":"_VKs4fOO---","name":"ANCIENT HEBREWS: Judaism_2482098"}}
{"type":2300,"data":{"_id":"groups/2492201","_key":"2492201","_rev":"_VKua-Ti---","name":" Focus Area 1_2492181"}}
{"type":2300,"data":{"_id":"groups/2492090","_key":"2492090","_rev":"_VKuZkg2---","name":"Meter_2492070"}}
{"type":2300,"data":{"_id":"groups/2845922","_key":"2845922","_rev":"_VMkhIGm---","name":"Abolishing Slavery_2845902"}}
{"type":2300,"data":{"_id":"groups/2495780","_key":"2495780","_rev":"_VKu0-t----","name":"Meter_2495760"}}
{"type":2300,"data":{"_id":"groups/2482841","_key":"2482841","_rev":"_VKs9ncC---","name":"Advanced Narrative Form_2482821"}}
{"type":2300,"data":{"_id":"groups/2491846","_key":"2491846","_rev":"_VKuYJG6---","name":" Focus Area 1_2491826"}}
{"type":2300,"data":{"_id":"groups/2863406","_key":"2863406","_rev":"_VMnaEEO---","name":"Characterization 10_2863388"}}
{"type":2300,"data":{"_id":"groups/2515024","_key":"2515024","_rev":"_VKyL1-i---","name":"Characterization 10_2515002"}}
{"type":2300,"data":{"_id":"groups/2494204","_key":"2494204","_rev":"_VKunbGm---","name":" Focus Area 1_2494184"}}
{"type":2300,"data":{"_id":"groups/2531263","_key":"2531263","_rev":"_VK1BEqK---","name":"Characterization 10_2531245"}}
{"type":2300,"data":{"_id":"groups/2485444","_key":"2485444","_rev":"_VKtWiNO---","name":" Focus Area 1_2485424"}}
{"type":2300,"data":{"_id":"groups/2493138","_key":"2493138","_rev":"_VKugqqy---","name":" Focus Area 1_2493118"}}
{"type":2300,"data":{"_id":"groups/2492858","_key":"2492858","_rev":"_VKudtFu---","name":" Focus Area 1_2492838"}}
{"type":2300,"data":{"_id":"groups/2487256","_key":"2487256","_rev":"_VKtmnK6---","name":"Argument Writing 6_2487236"}}
{"type":2300,"data":{"_id":"groups/2487070","_key":"2487070","_rev":"_VKtmEAi---","name":" Focus Area 1_2487050"}}
{"type":2300,"data":{"_id":"groups/2857769","_key":"2857769","_rev":"_VMmbrT----","name":"Characterization 10_2857751"}}
{"type":2300,"data":{"_id":"groups/2481161","_key":"2481161","_rev":"_VKszmea---","name":"Group 2"}}
{"type":2300,"data":{"_id":"groups/2493227","_key":"2493227","_rev":"_VKuhhlG---","name":"Meter_2493207"}}
{"type":2300,"data":{"_id":"groups/2493844","_key":"2493844","_rev":"_VKukoQ2---","name":"Advanced Narrative Form_2493824"}}
