{"type":2300,"data":{"_from":"auth_users/5874697","_id":"hasMastered/5874754","_key":"5874754","_rev":"_VVRDTMy--A","_to":"focusAreas/1337223","createdBy":"teacher1@school.com","dateCreated":1500902675693,"dateUpdated":null,"mastered":"TRUE","type":"None","updatedBy":null}}
{"type":2300,"data":{"_from":"auth_users/5874686","_id":"hasMastered/5874742","_key":"5874742","_rev":"_VVRDTMu--E","_to":"focusAreas/1337691","createdBy":"teacher1@school.com","dateCreated":1500902675692,"dateUpdated":1500902675692,"mastered":"TRUE","type":"None","updatedBy":"teacher1@school.com"}}
{"type":2300,"data":{"_from":"auth_users/5874680","_id":"hasMastered/5874738","_key":"5874738","_rev":"_VVRDTMu--C","_to":"focusAreas/1337223","createdBy":"teacher1@school.com","dateCreated":1500902675692,"dateUpdated":1500902675692,"mastered":"TRUE","type":"None","updatedBy":"teacher1@school.com"}}
{"type":2300,"data":{"_from":"students/4185390","_id":"hasMastered/4748247","_key":"4748247","_rev":"_VSFb0BC--H","_to":"focusAreas/1337681","createdBy":"chris@sidekick.education","dateCreated":1500048644145,"dateUpdated":null,"mastered":"TRUE","type":"additional","updatedBy":null}}
{"type":2300,"data":{"_from":"students/4185390","_id":"hasMastered/4748243","_key":"4748243","_rev":"_VSFb0BC--F","_to":"focusAreas/1337689","createdBy":"chris@sidekick.education","dateCreated":1500048644145,"dateUpdated":null,"mastered":"TRUE","type":"power","updatedBy":null}}
{"type":2300,"data":{"_from":"students/4185390","_id":"hasMastered/4748239","_key":"4748239","_rev":"_VSFb0BC--D","_to":"focusAreas/1337687","createdBy":"chris@sidekick.education","dateCreated":1500048644145,"dateUpdated":null,"mastered":"TRUE","type":"power","updatedBy":null}}
{"type":2300,"data":{"_from":"students/4185390","_id":"hasMastered/4748237","_key":"4748237","_rev":"_VSFb0BC--C","_to":"focusAreas/1337701","createdBy":"chris@sidekick.education","dateCreated":1500048644145,"dateUpdated":null,"mastered":"TRUE","type":"power","updatedBy":null}}
{"type":2300,"data":{"_from":"students/4185390","_id":"hasMastered/4748235","_key":"4748235","_rev":"_VSFb0BC--B","_to":"focusAreas/1337685","createdBy":"chris@sidekick.education","dateCreated":1500048644145,"dateUpdated":null,"mastered":"TRUE","type":"power","updatedBy":null}}
{"type":2300,"data":{"_from":"students/4185390","_id":"hasMastered/4748233","_key":"4748233","_rev":"_VSFb0BC--A","_to":"focusAreas/1337691","createdBy":"chris@sidekick.education","dateCreated":1500048644145,"dateUpdated":null,"mastered":"TRUE","type":"power","updatedBy":null}}
{"type":2300,"data":{"_from":"students/4185388","_id":"hasMastered/4748231","_key":"4748231","_rev":"_VSFb0BC--_","_to":"focusAreas/1337691","createdBy":"chris@sidekick.education","dateCreated":1500048644145,"dateUpdated":null,"mastered":"TRUE","type":"power","updatedBy":null}}
{"type":2300,"data":{"_from":"students/4748188","_id":"hasMastered/4748229","_key":"4748229","_rev":"_VSFb0BC---","_to":"focusAreas/1337681","createdBy":"chris@sidekick.education","dateCreated":1500048644144,"dateUpdated":null,"mastered":"TRUE","type":"additional","updatedBy":null}}
{"type":2300,"data":{"_from":"auth_users/5874688","_id":"hasMastered/5874744","_key":"5874744","_rev":"_VVRDTMy---","_to":"focusAreas/1337223","createdBy":"teacher1@school.com","dateCreated":1500902675692,"dateUpdated":1500902675693,"mastered":"TRUE","type":"None","updatedBy":"teacher1@school.com"}}
{"type":2300,"data":{"_from":"students/4185390","_id":"hasMastered/4748245","_key":"4748245","_rev":"_VSFb0BC--G","_to":"focusAreas/1337703","createdBy":"chris@sidekick.education","dateCreated":1500048644145,"dateUpdated":null,"mastered":"TRUE","type":"power","updatedBy":null}}
{"type":2300,"data":{"_from":"students/4185384","_id":"hasMastered/4748213","_key":"4748213","_rev":"_VSFb0B----","_to":"focusAreas/1337685","createdBy":"chris@sidekick.education","dateCreated":1500048644144,"dateUpdated":null,"mastered":"TRUE","type":"power","updatedBy":null}}
{"type":2300,"data":{"_from":"students/4185384","_id":"hasMastered/4185406","_key":"4185406","_rev":"_VSFb0_O--_","_to":"focusAreas/1337691","dateCreated":1499622473016,"dateUpdated":1500048644116,"mastered":"TRUE","type":"power","updatedBy":"chris@sidekick.education"}}
{"type":2300,"data":{"_from":"students/4185384","_id":"hasMastered/4748219","_key":"4748219","_rev":"_VSFb0B---B","_to":"focusAreas/1337707","createdBy":"chris@sidekick.education","dateCreated":1500048644144,"dateUpdated":null,"mastered":"TRUE","type":"power","updatedBy":null}}
{"type":2300,"data":{"_from":"students/4748188","_id":"hasMastered/4748227","_key":"4748227","_rev":"_VSFb0B---F","_to":"focusAreas/1337691","createdBy":"chris@sidekick.education","dateCreated":1500048644144,"dateUpdated":null,"mastered":"TRUE","type":"power","updatedBy":null}}
{"type":2300,"data":{"_from":"auth_users/5874690","_id":"hasMastered/5874746","_key":"5874746","_rev":"_VVRDTMy--_","_to":"focusAreas/1337223","createdBy":"teacher1@school.com","dateCreated":1500902675692,"dateUpdated":1500902675693,"mastered":"TRUE","type":"None","updatedBy":"teacher1@school.com"}}
{"type":2300,"data":{"_from":"students/4185384","_id":"hasMastered/4748223","_key":"4748223","_rev":"_VSFb0B---D","_to":"focusAreas/1337703","createdBy":"chris@sidekick.education","dateCreated":1500048644144,"dateUpdated":null,"mastered":"TRUE","type":"power","updatedBy":null}}
{"type":2300,"data":{"_from":"students/4748183","_id":"hasMastered/4748208","_key":"4748208","_rev":"_VSFb0_O---","_to":"focusAreas/1337691","createdBy":"chris@sidekick.education","dateCreated":1500048644116,"dateUpdated":null,"mastered":"TRUE","type":"power","updatedBy":null}}
{"type":2300,"data":{"_from":"auth_users/5874684","_id":"hasMastered/5874749","_key":"5874749","_rev":"_VVRDTMu--D","_to":"focusAreas/1337121","createdBy":"teacher1@school.com","dateCreated":1500902675692,"dateUpdated":null,"mastered":"TRUE","type":"None","updatedBy":null}}
{"type":2300,"data":{"_from":"students/4185384","_id":"hasMastered/4748221","_key":"4748221","_rev":"_VSFb0B---C","_to":"focusAreas/1337689","createdBy":"chris@sidekick.education","dateCreated":1500048644144,"dateUpdated":null,"mastered":"TRUE","type":"power","updatedBy":null}}
{"type":2300,"data":{"_from":"students/4185384","_id":"hasMastered/4185410","_key":"4185410","_rev":"_VQf09Re--_","_to":"focusAreas/1337223","dateCreated":1499622473016,"dateUpdated":1499622473016,"mastered":"TRUE","type":"HUH?","updatedBy":"fiona.hegarty@icloud.com"}}
{"type":2300,"data":{"_from":"students/4185384","_id":"hasMastered/4748215","_key":"4748215","_rev":"_VSFb0B---_","_to":"focusAreas/1337701","createdBy":"chris@sidekick.education","dateCreated":1500048644144,"dateUpdated":null,"mastered":"TRUE","type":"power","updatedBy":null}}
{"type":2300,"data":{"_from":"students/4185384","_id":"hasMastered/4748225","_key":"4748225","_rev":"_VSFb0B---E","_to":"focusAreas/1337697","createdBy":"chris@sidekick.education","dateCreated":1500048644144,"dateUpdated":null,"mastered":"TRUE","type":"additional","updatedBy":null}}
{"type":2300,"data":{"_from":"students/4185390","_id":"hasMastered/4748241","_key":"4748241","_rev":"_VSFb0BC--E","_to":"focusAreas/1337707","createdBy":"chris@sidekick.education","dateCreated":1500048644145,"dateUpdated":null,"mastered":"TRUE","type":"power","updatedBy":null}}
{"type":2300,"data":{"_from":"students/4185384","_id":"hasMastered/4748217","_key":"4748217","_rev":"_VSFb0B---A","_to":"focusAreas/1337687","createdBy":"chris@sidekick.education","dateCreated":1500048644144,"dateUpdated":null,"mastered":"TRUE","type":"power","updatedBy":null}}
{"type":2300,"data":{"_from":"auth_users/6213600","_id":"hasMastered/6213630","_key":"6213630","_rev":"_VY8ZqIi---","_to":"focusAreas/1337709","createdBy":"fiona.hegarty@icloud.com","dateCreated":1501941974439,"dateUpdated":null,"mastered":"TRUE","type":"Power","updatedBy":null}}
{"type":2300,"data":{"_from":"auth_users/6213600","_id":"hasMastered/6213634","_key":"6213634","_rev":"_VY8ZqIi--_","_to":"focusAreas/1337679","createdBy":"fiona.hegarty@icloud.com","dateCreated":1501941974440,"dateUpdated":null,"mastered":"TRUE","type":"Power","updatedBy":null}}
{"type":2300,"data":{"_from":"auth_users/6213604","_id":"hasMastered/6213642","_key":"6213642","_rev":"_VY8ZqIm---","_to":"focusAreas/1337653","createdBy":"fiona.hegarty@icloud.com","dateCreated":1501941974440,"dateUpdated":null,"mastered":"TRUE","type":"Power","updatedBy":null}}
{"type":2300,"data":{"_from":"auth_users/6213606","_id":"hasMastered/6213644","_key":"6213644","_rev":"_VY8ZqIm--_","_to":"focusAreas/1337709","createdBy":"fiona.hegarty@icloud.com","dateCreated":1501941974441,"dateUpdated":null,"mastered":"TRUE","type":"Power","updatedBy":null}}
{"type":2300,"data":{"_from":"auth_users/6213600","_id":"hasMastered/6213636","_key":"6213636","_rev":"_VY8goWq---","_to":"focusAreas/1337653","createdBy":"fiona.hegarty@icloud.com","dateCreated":1501941974440,"dateUpdated":1501942431351,"mastered":"TRUE","type":"Power","updatedBy":"fiona.hegarty@icloud.com"}}
{"type":2300,"data":{"_from":"auth_users/6213604","_id":"hasMastered/6213638","_key":"6213638","_rev":"_VY8goWq--_","_to":"focusAreas/1337709","createdBy":"fiona.hegarty@icloud.com","dateCreated":1501941974440,"dateUpdated":1501942431351,"mastered":"TRUE","type":"Power","updatedBy":"fiona.hegarty@icloud.com"}}
{"type":2300,"data":{"_from":"auth_users/6213604","_id":"hasMastered/6213640","_key":"6213640","_rev":"_VY8goWq--A","_to":"focusAreas/1337679","createdBy":"fiona.hegarty@icloud.com","dateCreated":1501941974440,"dateUpdated":1501942431351,"mastered":"TRUE","type":"Power","updatedBy":"fiona.hegarty@icloud.com"}}
{"type":2300,"data":{"_from":"auth_users/6214216","_id":"hasMastered/6214239","_key":"6214239","_rev":"_VY8goWu---","_to":"focusAreas/1337709","createdBy":"fiona.hegarty@icloud.com","dateCreated":1501942431351,"dateUpdated":null,"mastered":"TRUE","type":"Power","updatedBy":null}}
