{"type":2302,"data":{"_key":"5914726","_rev":"_VWaKyUq--C"}}
{"type":2302,"data":{"_key":"5914970","_rev":"_VWaMFVC--B"}}
{"type":2302,"data":{"_key":"5914869","_rev":"_VWaLu0i--_"}}
{"type":2302,"data":{"_key":"5913643","_rev":"_VWaASA---B"}}
{"type":2302,"data":{"_key":"5905841","_rev":"_VWZ-sJC--D"}}
{"type":2302,"data":{"_key":"5913835","_rev":"_VWaCDze--A"}}
{"type":2302,"data":{"_key":"5913518","_rev":"_VWa_pzi---"}}
{"type":2302,"data":{"_key":"5908619","_rev":"_VWZVkBC--J"}}
{"type":2302,"data":{"_key":"5909719","_rev":"_VWZdXxG--D"}}
{"type":2302,"data":{"_key":"5914542","_rev":"_VWaJ1jO---"}}
{"type":2302,"data":{"_key":"5907037","_rev":"_VWZKkdK--D"}}
{"type":2302,"data":{"_key":"5908615","_rev":"_VWZVkBC--H"}}
{"type":2302,"data":{"_key":"5914554","_rev":"_VWaJ1jO--D"}}
{"type":2302,"data":{"_key":"5914720","_rev":"_VWaKyUq--_"}}
{"type":2302,"data":{"_key":"5914875","_rev":"_VWaLu0i--C"}}
{"type":2302,"data":{"_key":"5909546","_rev":"_VWZcFgK--C"}}
{"type":2302,"data":{"_key":"5913635","_rev":"_VWaAS_6--_"}}
{"type":2302,"data":{"_key":"5908613","_rev":"_VWZVkBC--G"}}
{"type":2302,"data":{"_key":"5909536","_rev":"_VWZcFgK---"}}
{"type":2302,"data":{"_key":"5914368","_rev":"_VWaIQWa--E"}}
{"type":2302,"data":{"_key":"5908600","_rev":"_VWZVkBC--C"}}
{"type":2302,"data":{"_key":"5909215","_rev":"_VWZbNbu---"}}
{"type":2302,"data":{"_key":"5914550","_rev":"_VWaJ1jO--B"}}
{"type":2302,"data":{"_key":"5914966","_rev":"_VWaMFVC--_"}}
{"type":2302,"data":{"_key":"5914366","_rev":"_VWaIQWa--D"}}
{"type":2302,"data":{"_key":"5913637","_rev":"_VWaASA----"}}
{"type":2302,"data":{"_key":"5909715","_rev":"_VWZdXxG--B"}}
{"type":2302,"data":{"_key":"5908268","_rev":"_VWZUZ6m--D"}}
{"type":2302,"data":{"_key":"5909221","_rev":"_VWZbNbu--A"}}
{"type":2302,"data":{"_key":"5914865","_rev":"_VWaLu0i---"}}
{"type":2302,"data":{"_key":"5913524","_rev":"_VWa_pzi--A"}}
{"type":2302,"data":{"_key":"5908610","_rev":"_VWZVkBC--F"}}
{"type":2302,"data":{"_key":"5907033","_rev":"_VWZKkdK--B"}}
{"type":2302,"data":{"_key":"5913526","_rev":"_VWa_pzi--B"}}
{"type":2302,"data":{"_key":"5907031","_rev":"_VWZKkdK--A"}}
{"type":2302,"data":{"_key":"5914968","_rev":"_VWaMFVC--A"}}
{"type":2302,"data":{"_key":"5907021","_rev":"_VWZKkdG--D"}}
{"type":2302,"data":{"_key":"5909227","_rev":"_VWZbNbu--D"}}
{"type":2302,"data":{"_key":"5914263","_rev":"_VWaHtia--_"}}
{"type":2302,"data":{"_key":"5909713","_rev":"_VWZdXxG--A"}}
{"type":2302,"data":{"_key":"5909707","_rev":"_VWZdXxG---"}}
{"type":2302,"data":{"_key":"5907025","_rev":"_VWZKkdK---"}}
{"type":2302,"data":{"_key":"5914546","_rev":"_VWaJ1jO--_"}}
{"type":2302,"data":{"_key":"5909223","_rev":"_VWZbNbu--B"}}
{"type":2302,"data":{"_key":"5914548","_rev":"_VWaJ1jO--A"}}
{"type":2302,"data":{"_key":"5907029","_rev":"_VWZKkdK--_"}}
{"type":2302,"data":{"_key":"5907019","_rev":"_VWZKkdG--C"}}
{"type":2302,"data":{"_key":"5908260","_rev":"_VWZUZ6m--_"}}
{"type":2302,"data":{"_key":"5914259","_rev":"_VWaHtia---"}}
{"type":2302,"data":{"_key":"5913641","_rev":"_VWaASA---A"}}
{"type":2302,"data":{"_key":"5914716","_rev":"_VWaKyUq---"}}
{"type":2302,"data":{"_key":"5907035","_rev":"_VWZKkdK--C"}}
{"type":2302,"data":{"_key":"5914877","_rev":"_VWaLu0i--D"}}
{"type":2302,"data":{"_key":"5914265","_rev":"_VWaHtia--A"}}
{"type":2302,"data":{"_key":"5908617","_rev":"_VWZVkBC--I"}}
{"type":2302,"data":{"_key":"5914722","_rev":"_VWaKyUq--A"}}
{"type":2302,"data":{"_key":"5909544","_rev":"_VWZcFgK--B"}}
{"type":2302,"data":{"_key":"5913829","_rev":"_VWaCDze---"}}
{"type":2302,"data":{"_key":"5913530","_rev":"_VWa_pzi--D"}}
{"type":2302,"data":{"_key":"5914873","_rev":"_VWaLu0i--B"}}
{"type":2302,"data":{"_key":"5913837","_rev":"_VWaCDze--B"}}
{"type":2302,"data":{"_key":"5914724","_rev":"_VWaKyUq--B"}}
{"type":2302,"data":{"_key":"5913833","_rev":"_VWaCDze--_"}}
{"type":2302,"data":{"_key":"5909225","_rev":"_VWZbNbu--C"}}
{"type":2302,"data":{"_key":"5909540","_rev":"_VWZcFgK--_"}}
{"type":2302,"data":{"_key":"5913841","_rev":"_VWaCDze--D"}}
{"type":2302,"data":{"_key":"5914269","_rev":"_VWaHtia--C"}}
{"type":2302,"data":{"_key":"5914370","_rev":"_VWaIQWa--F"}}
{"type":2302,"data":{"_key":"5907009","_rev":"_VWZKkdG---"}}
{"type":2302,"data":{"_key":"5913631","_rev":"_VWaAS_6---"}}
{"type":2302,"data":{"_key":"5909711","_rev":"_VWZdXxG--_"}}
{"type":2302,"data":{"_key":"5908264","_rev":"_VWZUZ6m--B"}}
{"type":2302,"data":{"_key":"5913528","_rev":"_VWa_pzi--C"}}
{"type":2302,"data":{"_key":"5914552","_rev":"_VWaJ1jO--C"}}
{"type":2302,"data":{"_key":"5914267","_rev":"_VWaHtia--B"}}
{"type":2302,"data":{"_key":"5905839","_rev":"_VWZ-sJC--C"}}
{"type":2302,"data":{"_key":"5914374","_rev":"_VWaIQWe--_"}}
{"type":2302,"data":{"_key":"5909542","_rev":"_VWZcFgK--A"}}
{"type":2302,"data":{"_key":"5913639","_rev":"_VWaASA---_"}}
{"type":2302,"data":{"_key":"5909548","_rev":"_VWZcFgK--D"}}
{"type":2302,"data":{"_key":"5905835","_rev":"_VWZ-sJC--A"}}
{"type":2302,"data":{"_key":"5914728","_rev":"_VWaKyUq--D"}}
{"type":2302,"data":{"_key":"5909717","_rev":"_VWZdXxG--C"}}
{"type":2302,"data":{"_key":"5905833","_rev":"_VWZ-sJC--_"}}
{"type":2302,"data":{"_key":"5905829","_rev":"_VWZ-sJC---"}}
{"type":2302,"data":{"_key":"5913522","_rev":"_VWa_pzi--_"}}
{"type":2302,"data":{"_key":"5914372","_rev":"_VWaIQWe---"}}
{"type":2302,"data":{"_key":"5907013","_rev":"_VWZKkdG--_"}}
{"type":2302,"data":{"_key":"5913839","_rev":"_VWaCDze--C"}}
{"type":2302,"data":{"_key":"5907015","_rev":"_VWZKkdG--A"}}
{"type":2302,"data":{"_key":"5905837","_rev":"_VWZ-sJC--B"}}
{"type":2302,"data":{"_key":"5908266","_rev":"_VWZUZ6m--C"}}
{"type":2302,"data":{"_key":"5914271","_rev":"_VWaHtia--D"}}
{"type":2302,"data":{"_key":"5914362","_rev":"_VWaIQWa--C"}}
{"type":2302,"data":{"_key":"5908256","_rev":"_VWZUZ6m---"}}
{"type":2302,"data":{"_key":"5908262","_rev":"_VWZUZ6m--A"}}
{"type":2302,"data":{"_key":"5914962","_rev":"_VWaMFVC---"}}
{"type":2302,"data":{"_key":"5907017","_rev":"_VWZKkdG--B"}}
{"type":2302,"data":{"_key":"5914972","_rev":"_VWaMFVC--C"}}
{"type":2302,"data":{"_key":"5914871","_rev":"_VWaLu0i--A"}}
{"type":2302,"data":{"_key":"5914974","_rev":"_VWaMFVC--D"}}
{"type":2302,"data":{"_key":"5909219","_rev":"_VWZbNbu--_"}}
{"type":2302,"data":{"_key":"5915580","_rev":"_VWaO5De--A"}}
{"type":2302,"data":{"_key":"5915586","_rev":"_VWaO5De--D"}}
{"type":2302,"data":{"_key":"5915578","_rev":"_VWaO5De--_"}}
{"type":2302,"data":{"_key":"5915582","_rev":"_VWaO5De--B"}}
{"type":2302,"data":{"_key":"5915584","_rev":"_VWaO5De--C"}}
{"type":2302,"data":{"_key":"5915574","_rev":"_VWaO5De---"}}
{"type":2302,"data":{"_key":"5918125","_rev":"_VWapsCO---"}}
{"type":2302,"data":{"_key":"5918135","_rev":"_VWapsCO--C"}}
{"type":2302,"data":{"_key":"5918137","_rev":"_VWapsCO--D"}}
{"type":2302,"data":{"_key":"5918133","_rev":"_VWapsCO--B"}}
{"type":2302,"data":{"_key":"5918129","_rev":"_VWapsCO--_"}}
{"type":2302,"data":{"_key":"5918131","_rev":"_VWapsCO--A"}}
{"type":2302,"data":{"_key":"5920564","_rev":"_VWb_-ZW--C"}}
{"type":2302,"data":{"_key":"5921147","_rev":"_VWbEXS6---"}}
{"type":2302,"data":{"_key":"5921159","_rev":"_VWbEXS6--D"}}
{"type":2302,"data":{"_key":"5920566","_rev":"_VWb_-ZW--D"}}
{"type":2302,"data":{"_key":"5920558","_rev":"_VWb_-ZW--_"}}
{"type":2302,"data":{"_key":"5918592","_rev":"_VWas7da--B"}}
{"type":2302,"data":{"_key":"5918362","_rev":"_VWaq61e---"}}
{"type":2302,"data":{"_key":"5920554","_rev":"_VWb_-ZW---"}}
{"type":2302,"data":{"_key":"5918584","_rev":"_VWas7da---"}}
{"type":2302,"data":{"_key":"5919838","_rev":"_VWa4Joq--B"}}
{"type":2302,"data":{"_key":"5918594","_rev":"_VWas7da--C"}}
{"type":2302,"data":{"_key":"5922844","_rev":"_VWbVxQ---A"}}
{"type":2302,"data":{"_key":"5919842","_rev":"_VWa4Joq--D"}}
{"type":2302,"data":{"_key":"5921151","_rev":"_VWbEXS6--_"}}
{"type":2302,"data":{"_key":"5918370","_rev":"_VWaq61e--B"}}
{"type":2302,"data":{"_key":"5919836","_rev":"_VWa4Joq--A"}}
{"type":2302,"data":{"_key":"5920560","_rev":"_VWb_-ZW--A"}}
{"type":2302,"data":{"_key":"5921153","_rev":"_VWbEXS6--A"}}
{"type":2302,"data":{"_key":"5921157","_rev":"_VWbEXS6--C"}}
{"type":2302,"data":{"_key":"5918366","_rev":"_VWaq61e--_"}}
{"type":2302,"data":{"_key":"5922846","_rev":"_VWbVxQ---B"}}
{"type":2302,"data":{"_key":"5922850","_rev":"_VWbVxQC--_"}}
{"type":2302,"data":{"_key":"5918596","_rev":"_VWas7da--D"}}
{"type":2302,"data":{"_key":"5919840","_rev":"_VWa4Joq--C"}}
{"type":2302,"data":{"_key":"5918368","_rev":"_VWaq61e--A"}}
{"type":2302,"data":{"_key":"5922848","_rev":"_VWbVxQC---"}}
{"type":2302,"data":{"_key":"5922838","_rev":"_VWbVxQ----"}}
{"type":2302,"data":{"_key":"5919834","_rev":"_VWa4Joq--_"}}
{"type":2302,"data":{"_key":"5919830","_rev":"_VWa4Joq---"}}
{"type":2302,"data":{"_key":"5918590","_rev":"_VWas7da--A"}}
{"type":2302,"data":{"_key":"5918372","_rev":"_VWaq61e--C"}}
{"type":2302,"data":{"_key":"5918374","_rev":"_VWaq61e--D"}}
{"type":2302,"data":{"_key":"5918588","_rev":"_VWas7da--_"}}
{"type":2302,"data":{"_key":"5921155","_rev":"_VWbEXS6--B"}}
{"type":2302,"data":{"_key":"5922842","_rev":"_VWbVxQ---_"}}
{"type":2302,"data":{"_key":"5920562","_rev":"_VWb_-ZW--B"}}
{"type":2302,"data":{"_key":"5929761","_rev":"_VWcUmAy---"}}
{"type":2302,"data":{"_key":"5929590","_rev":"_VWcS6bq--D"}}
{"type":2302,"data":{"_key":"5930267","_rev":"_VWcZDIq--C"}}
{"type":2302,"data":{"_key":"5928877","_rev":"_VWcIWl6--C"}}
{"type":2302,"data":{"_key":"5929767","_rev":"_VWcUmAy--A"}}
{"type":2302,"data":{"_key":"5929584","_rev":"_VWcS6bq--A"}}
{"type":2302,"data":{"_key":"5928873","_rev":"_VWcIWl6--A"}}
{"type":2302,"data":{"_key":"5929769","_rev":"_VWcUmA2---"}}
{"type":2302,"data":{"_key":"5929773","_rev":"_VWcUmA2--A"}}
{"type":2302,"data":{"_key":"5929582","_rev":"_VWcS6bq--_"}}
{"type":2302,"data":{"_key":"5929588","_rev":"_VWcS6bq--C"}}
{"type":2302,"data":{"_key":"5930269","_rev":"_VWcZDIq--D"}}
{"type":2302,"data":{"_key":"5930261","_rev":"_VWcZDIq--_"}}
{"type":2302,"data":{"_key":"5930257","_rev":"_VWcZDIq---"}}
{"type":2302,"data":{"_key":"5930263","_rev":"_VWcZDIq--A"}}
{"type":2302,"data":{"_key":"5929765","_rev":"_VWcUmAy--_"}}
{"type":2302,"data":{"_key":"5930265","_rev":"_VWcZDIq--B"}}
{"type":2302,"data":{"_key":"5929771","_rev":"_VWcUmA2--_"}}
{"type":2302,"data":{"_key":"5929578","_rev":"_VWcS6bq---"}}
{"type":2302,"data":{"_key":"5928879","_rev":"_VWcIWl6--D"}}
{"type":2302,"data":{"_key":"5928875","_rev":"_VWcIWl6--B"}}
{"type":2302,"data":{"_key":"5928867","_rev":"_VWcIWl6---"}}
{"type":2302,"data":{"_key":"5928871","_rev":"_VWcIWl6--_"}}
{"type":2302,"data":{"_key":"5929586","_rev":"_VWcS6bq--B"}}
{"type":2302,"data":{"_key":"5936886","_rev":"_VWdZJiG--A"}}
{"type":2302,"data":{"_key":"5936880","_rev":"_VWdZJiG---"}}
{"type":2302,"data":{"_key":"5936884","_rev":"_VWdZJiG--_"}}
{"type":2302,"data":{"_key":"5936888","_rev":"_VWdZJiG--B"}}
{"type":2302,"data":{"_key":"5936890","_rev":"_VWdZJiG--C"}}
{"type":2302,"data":{"_key":"5936892","_rev":"_VWdZJiG--D"}}
{"type":2302,"data":{"_key":"5944219","_rev":"_VWexzEi---"}}
{"type":2302,"data":{"_key":"5944217","_rev":"_VWedHPC--A"}}
{"type":2302,"data":{"_key":"5946728","_rev":"_VWf_Pby---"}}
{"type":2302,"data":{"_key":"5945864","_rev":"_VWey0Ty---"}}
{"type":2302,"data":{"_key":"5944215","_rev":"_VWedHPC--_"}}
{"type":2302,"data":{"_key":"5944221","_rev":"_VWedHPC--C"}}
{"type":2302,"data":{"_key":"5944211","_rev":"_VWedHPC---"}}
{"type":2302,"data":{"_key":"5944223","_rev":"_VWedHPC--D"}}
{"type":2302,"data":{"_key":"5949835","_rev":"_VWfhevu---"}}
{"type":2302,"data":{"_key":"5953486","_rev":"_VWf90Fu--H"}}
{"type":2302,"data":{"_key":"5953479","_rev":"_VWf90Fu--E"}}
{"type":2302,"data":{"_key":"5953484","_rev":"_VWf90Fu--G"}}
{"type":2302,"data":{"_key":"5953488","_rev":"_VWf90Fu--I"}}
{"type":2302,"data":{"_key":"5953490","_rev":"_VWf90Fu--J"}}
{"type":2302,"data":{"_key":"5953482","_rev":"_VWf90Fu--F"}}
{"type":2302,"data":{"_key":"5953955","_rev":"_VWg_JzC--I"}}
{"type":2302,"data":{"_key":"5953951","_rev":"_VWg_JzC--G"}}
{"type":2302,"data":{"_key":"5953957","_rev":"_VWg_JzC--J"}}
{"type":2302,"data":{"_key":"5953946","_rev":"_VWg_JzC--E"}}
{"type":2302,"data":{"_key":"5953949","_rev":"_VWg_JzC--F"}}
{"type":2302,"data":{"_key":"5953953","_rev":"_VWg_JzC--H"}}
{"type":2302,"data":{"_key":"5954732","_rev":"_VWgEO-q--D"}}
{"type":2302,"data":{"_key":"5954787","_rev":"_VWgERb---F"}}
{"type":2302,"data":{"_key":"5955205","_rev":"_VWgGDLu--C"}}
{"type":2302,"data":{"_key":"5954791","_rev":"_VWgERb---H"}}
{"type":2302,"data":{"_key":"5955207","_rev":"_VWgGDLu--D"}}
{"type":2302,"data":{"_key":"5954789","_rev":"_VWgERb---G"}}
{"type":2302,"data":{"_key":"5954730","_rev":"_VWgEO-q--C"}}
{"type":2302,"data":{"_key":"5955199","_rev":"_VWgGDLu--_"}}
{"type":2302,"data":{"_key":"5955201","_rev":"_VWgGDLu--A"}}
{"type":2302,"data":{"_key":"5954468","_rev":"_VWgChKO--A"}}
{"type":2302,"data":{"_key":"5954474","_rev":"_VWgChKO--D"}}
{"type":2302,"data":{"_key":"5954795","_rev":"_VWgERb---J"}}
{"type":2302,"data":{"_key":"5954463","_rev":"_VWgChKO---"}}
{"type":2302,"data":{"_key":"5954721","_rev":"_VWgEO-q---"}}
{"type":2302,"data":{"_key":"5954784","_rev":"_VWgERb---E"}}
{"type":2302,"data":{"_key":"5954793","_rev":"_VWgERb---I"}}
{"type":2302,"data":{"_key":"5955203","_rev":"_VWgGDLu--B"}}
{"type":2302,"data":{"_key":"5954728","_rev":"_VWgEO-q--B"}}
{"type":2302,"data":{"_key":"5955196","_rev":"_VWgGDLu---"}}
{"type":2302,"data":{"_key":"5954470","_rev":"_VWgChKO--B"}}
{"type":2302,"data":{"_key":"5954726","_rev":"_VWgEO-q--A"}}
{"type":2302,"data":{"_key":"5954472","_rev":"_VWgChKO--C"}}
{"type":2302,"data":{"_key":"5954466","_rev":"_VWgChKO--_"}}
{"type":2302,"data":{"_key":"5954724","_rev":"_VWgEO-q--_"}}
{"type":2302,"data":{"_key":"5955720","_rev":"_VWgHoQS--B"}}
{"type":2302,"data":{"_key":"5955902","_rev":"_VWgJdX6--_"}}
{"type":2302,"data":{"_key":"5955718","_rev":"_VWgHoQS--A"}}
{"type":2302,"data":{"_key":"5955904","_rev":"_VWgJdX6--A"}}
{"type":2302,"data":{"_key":"5955899","_rev":"_VWgJdX6---"}}
{"type":2302,"data":{"_key":"5955906","_rev":"_VWgJdX6--B"}}
{"type":2302,"data":{"_key":"5955908","_rev":"_VWgJdX6--C"}}
{"type":2302,"data":{"_key":"5955910","_rev":"_VWgJdX6--D"}}
{"type":2302,"data":{"_key":"5955724","_rev":"_VWgHoQS--D"}}
{"type":2302,"data":{"_key":"5955716","_rev":"_VWgHoQS--_"}}
{"type":2302,"data":{"_key":"5955713","_rev":"_VWgHoQS---"}}
{"type":2302,"data":{"_key":"5955722","_rev":"_VWgHoQS--C"}}
{"type":2302,"data":{"_key":"5956808","_rev":"_VWgN58i--D"}}
{"type":2302,"data":{"_key":"5956802","_rev":"_VWgN58i--A"}}
{"type":2302,"data":{"_key":"5956413","_rev":"_VWgMEvG--A"}}
{"type":2302,"data":{"_key":"5956800","_rev":"_VWgN58i--_"}}
{"type":2302,"data":{"_key":"5956419","_rev":"_VWgMEvG--D"}}
{"type":2302,"data":{"_key":"5956806","_rev":"_VWgN58i--C"}}
{"type":2302,"data":{"_key":"5956804","_rev":"_VWgN58i--B"}}
{"type":2302,"data":{"_key":"5956797","_rev":"_VWgN58i---"}}
{"type":2302,"data":{"_key":"5956415","_rev":"_VWgMEvG--B"}}
{"type":2302,"data":{"_key":"5956417","_rev":"_VWgMEvG--C"}}
{"type":2302,"data":{"_key":"5956408","_rev":"_VWgMEvG---"}}
{"type":2302,"data":{"_key":"5956411","_rev":"_VWgMEvG--_"}}
{"type":2302,"data":{"_key":"5957378","_rev":"_VWgSALq--D"}}
{"type":2302,"data":{"_key":"5957498","_rev":"_VWgTCgm--A"}}
{"type":2302,"data":{"_key":"5957374","_rev":"_VWgSALq--B"}}
{"type":2302,"data":{"_key":"5957496","_rev":"_VWgTCgm--_"}}
{"type":2302,"data":{"_key":"5957500","_rev":"_VWgTCgm--B"}}
{"type":2302,"data":{"_key":"5957939","_rev":"_VWgT1Y2--D"}}
{"type":2302,"data":{"_key":"5957370","_rev":"_VWgSALq--_"}}
{"type":2302,"data":{"_key":"5957931","_rev":"_VWgT1Y2--_"}}
{"type":2302,"data":{"_key":"5957928","_rev":"_VWgT1Y2---"}}
{"type":2302,"data":{"_key":"5957504","_rev":"_VWgTCgm--D"}}
{"type":2302,"data":{"_key":"5957376","_rev":"_VWgSALq--C"}}
{"type":2302,"data":{"_key":"5957493","_rev":"_VWgTCgm---"}}
{"type":2302,"data":{"_key":"5957937","_rev":"_VWgT1Y2--C"}}
{"type":2302,"data":{"_key":"5957933","_rev":"_VWgT1Y2--A"}}
{"type":2302,"data":{"_key":"5957502","_rev":"_VWgTCgm--C"}}
{"type":2302,"data":{"_key":"5957935","_rev":"_VWgT1Y2--B"}}
{"type":2302,"data":{"_key":"5957367","_rev":"_VWgSALq---"}}
{"type":2302,"data":{"_key":"5957372","_rev":"_VWgSALq--A"}}
{"type":2302,"data":{"_key":"5958645","_rev":"_VWgVmWG---"}}
{"type":2302,"data":{"_key":"5958648","_rev":"_VWgVmWG--_"}}
{"type":2302,"data":{"_key":"5958654","_rev":"_VWgVmWG--C"}}
{"type":2302,"data":{"_key":"5958548","_rev":"_VWgVJSO--_"}}
{"type":2302,"data":{"_key":"5958556","_rev":"_VWgVJSO--D"}}
{"type":2302,"data":{"_key":"5958545","_rev":"_VWgVJSO---"}}
{"type":2302,"data":{"_key":"5958552","_rev":"_VWgVJSO--B"}}
{"type":2302,"data":{"_key":"5958650","_rev":"_VWgVmWG--A"}}
{"type":2302,"data":{"_key":"5958656","_rev":"_VWgVmWG--D"}}
{"type":2302,"data":{"_key":"5958652","_rev":"_VWgVmWG--B"}}
{"type":2302,"data":{"_key":"5958554","_rev":"_VWgVJSO--C"}}
{"type":2302,"data":{"_key":"5958550","_rev":"_VWgVJSO--A"}}
{"type":2302,"data":{"_key":"5959599","_rev":"_VWgZDEC--C"}}
{"type":2302,"data":{"_key":"5959593","_rev":"_VWgZDEC--_"}}
{"type":2302,"data":{"_key":"5959590","_rev":"_VWgZDEC---"}}
{"type":2302,"data":{"_key":"5959240","_rev":"_VWgXN2u--B"}}
{"type":2302,"data":{"_key":"5959411","_rev":"_VWgY-cm--D"}}
{"type":2302,"data":{"_key":"5959238","_rev":"_VWgXN2u--A"}}
{"type":2302,"data":{"_key":"5959233","_rev":"_VWgXN2u---"}}
{"type":2302,"data":{"_key":"5959400","_rev":"_VWgY-cm---"}}
{"type":2302,"data":{"_key":"5959409","_rev":"_VWgY-cm--C"}}
{"type":2302,"data":{"_key":"5959597","_rev":"_VWgZDEC--B"}}
{"type":2302,"data":{"_key":"5959236","_rev":"_VWgXN2u--_"}}
{"type":2302,"data":{"_key":"5959595","_rev":"_VWgZDEC--A"}}
{"type":2302,"data":{"_key":"5959601","_rev":"_VWgZDEC--D"}}
{"type":2302,"data":{"_key":"5959403","_rev":"_VWgY-cm--_"}}
{"type":2302,"data":{"_key":"5959244","_rev":"_VWgXN2u--D"}}
{"type":2302,"data":{"_key":"5959242","_rev":"_VWgXN2u--C"}}
{"type":2302,"data":{"_key":"5959405","_rev":"_VWgY-cm--A"}}
{"type":2302,"data":{"_key":"5959407","_rev":"_VWgY-cm--B"}}
{"type":2302,"data":{"_key":"5960703","_rev":"_VWggQYu--_"}}
{"type":2302,"data":{"_key":"5960401","_rev":"_VWgebMC--C"}}
{"type":2302,"data":{"_key":"5960707","_rev":"_VWggQYu--B"}}
{"type":2302,"data":{"_key":"5960508","_rev":"_VWgfG3O--D"}}
{"type":2302,"data":{"_key":"5960497","_rev":"_VWgfG3O---"}}
{"type":2302,"data":{"_key":"5960506","_rev":"_VWgfG3O--C"}}
{"type":2302,"data":{"_key":"5960504","_rev":"_VWgfG3O--B"}}
{"type":2302,"data":{"_key":"5960500","_rev":"_VWgfG3O--_"}}
{"type":2302,"data":{"_key":"5960711","_rev":"_VWggQYu--D"}}
{"type":2302,"data":{"_key":"5960709","_rev":"_VWggQYu--C"}}
{"type":2302,"data":{"_key":"5960397","_rev":"_VWgebMC--A"}}
{"type":2302,"data":{"_key":"5960399","_rev":"_VWgebMC--B"}}
{"type":2302,"data":{"_key":"5960700","_rev":"_VWggQYu---"}}
{"type":2302,"data":{"_key":"5960705","_rev":"_VWggQYu--A"}}
{"type":2302,"data":{"_key":"5960395","_rev":"_VWgebMC--_"}}
{"type":2302,"data":{"_key":"5960403","_rev":"_VWgebMC--D"}}
{"type":2302,"data":{"_key":"5960392","_rev":"_VWgebMC---"}}
{"type":2302,"data":{"_key":"5960502","_rev":"_VWgfG3O--A"}}
{"type":2302,"data":{"_key":"5963043","_rev":"_VWgv3S---_"}}
{"type":2302,"data":{"_key":"5962898","_rev":"_VWgva3K---"}}
{"type":2302,"data":{"_key":"5963349","_rev":"_VWgxQEm--B"}}
{"type":2302,"data":{"_key":"5963040","_rev":"_VWgv3S----"}}
{"type":2302,"data":{"_key":"5963345","_rev":"_VWgxQEm--_"}}
{"type":2302,"data":{"_key":"5963051","_rev":"_VWgv3S---D"}}
{"type":2302,"data":{"_key":"5962901","_rev":"_VWgva3K--_"}}
{"type":2302,"data":{"_key":"5962903","_rev":"_VWgva3K--A"}}
{"type":2302,"data":{"_key":"5963047","_rev":"_VWgv3S---B"}}
{"type":2302,"data":{"_key":"5962909","_rev":"_VWgva3K--D"}}
{"type":2302,"data":{"_key":"5963045","_rev":"_VWgv3S---A"}}
{"type":2302,"data":{"_key":"5962907","_rev":"_VWgva3K--C"}}
{"type":2302,"data":{"_key":"5963351","_rev":"_VWgxQEm--C"}}
{"type":2302,"data":{"_key":"5963342","_rev":"_VWgxQEm---"}}
{"type":2302,"data":{"_key":"5963049","_rev":"_VWgv3S---C"}}
{"type":2302,"data":{"_key":"5962905","_rev":"_VWgva3K--B"}}
{"type":2302,"data":{"_key":"5963353","_rev":"_VWgxQEm--D"}}
{"type":2302,"data":{"_key":"5963347","_rev":"_VWgxQEm--A"}}
{"type":2302,"data":{"_key":"5965954","_rev":"_VWg5Lh----"}}
{"type":2302,"data":{"_key":"5967463","_rev":"_VWhIIZ6--D"}}
{"type":2302,"data":{"_key":"5966551","_rev":"_VWh-AR----"}}
{"type":2302,"data":{"_key":"5965691","_rev":"_VWg14MO---"}}
{"type":2302,"data":{"_key":"5967452","_rev":"_VWhIIZ6---"}}
{"type":2302,"data":{"_key":"5967455","_rev":"_VWhIIZ6--_"}}
{"type":2302,"data":{"_key":"5967459","_rev":"_VWhIIZ6--B"}}
{"type":2302,"data":{"_key":"5967237","_rev":"_VWhGXZW---"}}
{"type":2302,"data":{"_key":"5967241","_rev":"_VWhGXZW--_"}}
{"type":2302,"data":{"_key":"5967457","_rev":"_VWhIIZ6--A"}}
{"type":2302,"data":{"_key":"5967461","_rev":"_VWhIIZ6--C"}}
{"type":2302,"data":{"_key":"5968880","_rev":"_VWhMdxG--D"}}
{"type":2302,"data":{"_key":"5968712","_rev":"_VWhLGKG--D"}}
{"type":2302,"data":{"_key":"5967822","_rev":"_VWhJQ9u--B"}}
{"type":2302,"data":{"_key":"5968701","_rev":"_VWhLGKG---"}}
{"type":2302,"data":{"_key":"5968869","_rev":"_VWhMdxG---"}}
{"type":2302,"data":{"_key":"5968708","_rev":"_VWhLGKG--B"}}
{"type":2302,"data":{"_key":"5967949","_rev":"_VWhJkc2---"}}
{"type":2302,"data":{"_key":"5968710","_rev":"_VWhLGKG--C"}}
{"type":2302,"data":{"_key":"5968706","_rev":"_VWhLGKG--A"}}
{"type":2302,"data":{"_key":"5967960","_rev":"_VWhJkc2--D"}}
{"type":2302,"data":{"_key":"5967818","_rev":"_VWhJQ9u--_"}}
{"type":2302,"data":{"_key":"5968874","_rev":"_VWhMdxG--A"}}
{"type":2302,"data":{"_key":"5968876","_rev":"_VWhMdxG--B"}}
{"type":2302,"data":{"_key":"5968878","_rev":"_VWhMdxG--C"}}
{"type":2302,"data":{"_key":"5968872","_rev":"_VWhMdxG--_"}}
{"type":2302,"data":{"_key":"5968704","_rev":"_VWhLGKG--_"}}
{"type":2302,"data":{"_key":"5967826","_rev":"_VWhJQ9u--D"}}
{"type":2302,"data":{"_key":"5967958","_rev":"_VWhJkc2--C"}}
{"type":2302,"data":{"_key":"5967952","_rev":"_VWhJkc2--_"}}
{"type":2302,"data":{"_key":"5967956","_rev":"_VWhJkc2--B"}}
{"type":2302,"data":{"_key":"5967824","_rev":"_VWhJQ9u--C"}}
{"type":2302,"data":{"_key":"5967815","_rev":"_VWhJQ9u---"}}
{"type":2302,"data":{"_key":"5967820","_rev":"_VWhJQ9u--A"}}
{"type":2302,"data":{"_key":"5967954","_rev":"_VWhJkc2--A"}}
{"type":2302,"data":{"_key":"5969993","_rev":"_VWhPmX6--A"}}
{"type":2302,"data":{"_key":"5969535","_rev":"_VWhNbjK--_"}}
{"type":2302,"data":{"_key":"5969988","_rev":"_VWhPmX6---"}}
{"type":2302,"data":{"_key":"5969918","_rev":"_VWhPQwe--B"}}
{"type":2302,"data":{"_key":"5969999","_rev":"_VWhPmX6--D"}}
{"type":2302,"data":{"_key":"5969532","_rev":"_VWhNbjK---"}}
{"type":2302,"data":{"_key":"5969537","_rev":"_VWhNbjK--A"}}
{"type":2302,"data":{"_key":"5969995","_rev":"_VWhPmX6--B"}}
{"type":2302,"data":{"_key":"5969914","_rev":"_VWhPQwe--_"}}
{"type":2302,"data":{"_key":"5969911","_rev":"_VWhPQwe---"}}
{"type":2302,"data":{"_key":"5969916","_rev":"_VWhPQwe--A"}}
{"type":2302,"data":{"_key":"5969997","_rev":"_VWhPmX6--C"}}
{"type":2302,"data":{"_key":"5969991","_rev":"_VWhPmX6--_"}}
{"type":2302,"data":{"_key":"5969541","_rev":"_VWhNbjK--C"}}
{"type":2302,"data":{"_key":"5969920","_rev":"_VWhPQwe--C"}}
{"type":2302,"data":{"_key":"5969539","_rev":"_VWhNbjK--B"}}
{"type":2302,"data":{"_key":"5969922","_rev":"_VWhPQwe--D"}}
{"type":2302,"data":{"_key":"5969543","_rev":"_VWhNbjK--D"}}
{"type":2302,"data":{"_key":"5972357","_rev":"_VWhnTUG--_"}}
{"type":2302,"data":{"_key":"5972666","_rev":"_VWhnyj----"}}
{"type":2302,"data":{"_key":"5972363","_rev":"_VWhnTUG--C"}}
{"type":2302,"data":{"_key":"5974093","_rev":"_VWhpIhO--A"}}
{"type":2302,"data":{"_key":"5997246","_rev":"_VWi-wki--J"}}
{"type":2302,"data":{"_key":"5972519","_rev":"_VWhnkh---I"}}
{"type":2302,"data":{"_key":"5974095","_rev":"_VWhpIhO--B"}}
{"type":2302,"data":{"_key":"5972675","_rev":"_VWhnyj---C"}}
{"type":2302,"data":{"_key":"5972513","_rev":"_VWhnkh---F"}}
{"type":2302,"data":{"_key":"5972673","_rev":"_VWhnyj---B"}}
{"type":2302,"data":{"_key":"5972354","_rev":"_VWhnTUG---"}}
{"type":2302,"data":{"_key":"5972521","_rev":"_VWhnkh---J"}}
{"type":2302,"data":{"_key":"5972677","_rev":"_VWhnyj---D"}}
{"type":2302,"data":{"_key":"5974089","_rev":"_VWhpIhO---"}}
{"type":2302,"data":{"_key":"5997240","_rev":"_VWi-wki--G"}}
{"type":2302,"data":{"_key":"5972359","_rev":"_VWhnTUG--A"}}
{"type":2302,"data":{"_key":"5972361","_rev":"_VWhnTUG--B"}}
{"type":2302,"data":{"_key":"5997242","_rev":"_VWi-wki--H"}}
{"type":2302,"data":{"_key":"5974087","_rev":"_VWhpIhK--_"}}
{"type":2302,"data":{"_key":"5974091","_rev":"_VWhpIhO--_"}}
{"type":2302,"data":{"_key":"5972671","_rev":"_VWhnyj---A"}}
{"type":2302,"data":{"_key":"5972365","_rev":"_VWhnTUG--D"}}
{"type":2302,"data":{"_key":"5997238","_rev":"_VWi-wki--F"}}
{"type":2302,"data":{"_key":"5997244","_rev":"_VWi-wki--I"}}
{"type":2302,"data":{"_key":"5972515","_rev":"_VWhnkh---G"}}
{"type":2302,"data":{"_key":"5974084","_rev":"_VWhpIhK---"}}
{"type":2302,"data":{"_key":"5972510","_rev":"_VWhnkh---E"}}
{"type":2302,"data":{"_key":"5972669","_rev":"_VWhnyj---_"}}
{"type":2302,"data":{"_key":"5997235","_rev":"_VWi-wki--E"}}
{"type":2302,"data":{"_key":"5972517","_rev":"_VWhnkh---H"}}
{"type":2302,"data":{"_key":"5997671","_rev":"_VWi_wzu--G"}}
{"type":2302,"data":{"_key":"5997666","_rev":"_VWi_wzu--E"}}
{"type":2302,"data":{"_key":"5997675","_rev":"_VWi_wz2--_"}}
{"type":2302,"data":{"_key":"5998513","_rev":"_VWiCEC---I"}}
{"type":2302,"data":{"_key":"5997669","_rev":"_VWi_wzu--F"}}
{"type":2302,"data":{"_key":"5998504","_rev":"_VWiCEC---E"}}
{"type":2302,"data":{"_key":"5997673","_rev":"_VWi_wz2---"}}
{"type":2302,"data":{"_key":"5997677","_rev":"_VWi_wz2--A"}}
{"type":2302,"data":{"_key":"5998515","_rev":"_VWiCEC---J"}}
{"type":2302,"data":{"_key":"5998511","_rev":"_VWiCEC---H"}}
{"type":2302,"data":{"_key":"5998507","_rev":"_VWiCEC---F"}}
{"type":2302,"data":{"_key":"5998509","_rev":"_VWiCEC---G"}}
{"type":2300,"data":{"_from":"auth_users/5874680","_id":"isOn/6019480","_key":"6019480","_rev":"_VWlxKPu--E","_to":"currentPath/6019466"}}
{"type":2300,"data":{"_from":"auth_users/5874684","_id":"isOn/6019483","_key":"6019483","_rev":"_VWlxKPu--F","_to":"currentPath/6019470"}}
{"type":2300,"data":{"_from":"auth_users/5874686","_id":"isOn/6019485","_key":"6019485","_rev":"_VWlxKPu--G","_to":"currentPath/6019472"}}
{"type":2300,"data":{"_from":"auth_users/5874688","_id":"isOn/6019487","_key":"6019487","_rev":"_VWlxKPu--H","_to":"currentPath/6019474"}}
{"type":2300,"data":{"_from":"auth_users/5874690","_id":"isOn/6019489","_key":"6019489","_rev":"_VWlxKPu--I","_to":"currentPath/6019476"}}
{"type":2300,"data":{"_from":"auth_users/5874697","_id":"isOn/6019491","_key":"6019491","_rev":"_VWlxKPu--J","_to":"currentPath/6019478"}}
{"type":2300,"data":{"_from":"auth_users/5874680","_id":"isOn/6020276","_key":"6020276","_rev":"_VWlzL0q--B","_to":"currentPath/6020262"}}
{"type":2300,"data":{"_from":"auth_users/5874684","_id":"isOn/6020279","_key":"6020279","_rev":"_VWlzL0q--C","_to":"currentPath/6020266"}}
{"type":2300,"data":{"_from":"auth_users/5874686","_id":"isOn/6020281","_key":"6020281","_rev":"_VWlzL0q--D","_to":"currentPath/6020268"}}
{"type":2300,"data":{"_from":"auth_users/5874688","_id":"isOn/6020283","_key":"6020283","_rev":"_VWlzL0q--E","_to":"currentPath/6020270"}}
{"type":2300,"data":{"_from":"auth_users/5874690","_id":"isOn/6020285","_key":"6020285","_rev":"_VWlzL0q--F","_to":"currentPath/6020272"}}
{"type":2300,"data":{"_from":"auth_users/5874697","_id":"isOn/6020287","_key":"6020287","_rev":"_VWlzL0q--G","_to":"currentPath/6020274"}}
{"type":2300,"data":{"_from":"auth_users/5874680","_id":"isOn/6032009","_key":"6032009","_rev":"_VWnkAzi--E","_to":"currentPath/6031995"}}
{"type":2300,"data":{"_from":"auth_users/5874684","_id":"isOn/6032012","_key":"6032012","_rev":"_VWnkAzi--F","_to":"currentPath/6031999"}}
{"type":2300,"data":{"_from":"auth_users/5874686","_id":"isOn/6032014","_key":"6032014","_rev":"_VWnkAzi--G","_to":"currentPath/6032001"}}
{"type":2300,"data":{"_from":"auth_users/5874688","_id":"isOn/6032016","_key":"6032016","_rev":"_VWnkAzi--H","_to":"currentPath/6032003"}}
{"type":2300,"data":{"_from":"auth_users/5874690","_id":"isOn/6032018","_key":"6032018","_rev":"_VWnkAzi--I","_to":"currentPath/6032005"}}
{"type":2300,"data":{"_from":"auth_users/5874697","_id":"isOn/6032020","_key":"6032020","_rev":"_VWnkAzi--J","_to":"currentPath/6032007"}}
{"type":2300,"data":{"_from":"auth_users/5874680","_id":"isOn/6032085","_key":"6032085","_rev":"_VWnkb1u--E","_to":"currentPath/6032071"}}
{"type":2300,"data":{"_from":"auth_users/5874684","_id":"isOn/6032088","_key":"6032088","_rev":"_VWnkb1u--F","_to":"currentPath/6032075"}}
{"type":2300,"data":{"_from":"auth_users/5874686","_id":"isOn/6032090","_key":"6032090","_rev":"_VWnkb1u--G","_to":"currentPath/6032077"}}
{"type":2300,"data":{"_from":"auth_users/5874688","_id":"isOn/6032092","_key":"6032092","_rev":"_VWnkb1u--H","_to":"currentPath/6032079"}}
{"type":2300,"data":{"_from":"auth_users/5874690","_id":"isOn/6032094","_key":"6032094","_rev":"_VWnkb1u--I","_to":"currentPath/6032081"}}
{"type":2300,"data":{"_from":"auth_users/5874697","_id":"isOn/6032096","_key":"6032096","_rev":"_VWnkb1u--J","_to":"currentPath/6032083"}}
{"type":2300,"data":{"_from":"auth_users/5874680","_id":"isOn/6040489","_key":"6040489","_rev":"_VWo1lme--E","_to":"currentPath/6040475"}}
{"type":2300,"data":{"_from":"auth_users/5874684","_id":"isOn/6040492","_key":"6040492","_rev":"_VWo1lmi---","_to":"currentPath/6040479"}}
{"type":2300,"data":{"_from":"auth_users/5874686","_id":"isOn/6040494","_key":"6040494","_rev":"_VWo1lmi--_","_to":"currentPath/6040481"}}
{"type":2300,"data":{"_from":"auth_users/5874688","_id":"isOn/6040496","_key":"6040496","_rev":"_VWo1lmi--A","_to":"currentPath/6040483"}}
{"type":2300,"data":{"_from":"auth_users/5874690","_id":"isOn/6040498","_key":"6040498","_rev":"_VWo1lmi--B","_to":"currentPath/6040485"}}
{"type":2300,"data":{"_from":"auth_users/5874697","_id":"isOn/6040500","_key":"6040500","_rev":"_VWo1lmi--C","_to":"currentPath/6040487"}}
{"type":2300,"data":{"_from":"auth_users/5874680","_id":"isOn/6060285","_key":"6060285","_rev":"_VWsHPpC---","_to":"currentPath/6060271"}}
{"type":2300,"data":{"_from":"auth_users/5874684","_id":"isOn/6060288","_key":"6060288","_rev":"_VWsHPpC--_","_to":"currentPath/6060275"}}
{"type":2300,"data":{"_from":"auth_users/5874686","_id":"isOn/6060290","_key":"6060290","_rev":"_VWsHPpC--A","_to":"currentPath/6060277"}}
{"type":2300,"data":{"_from":"auth_users/5874688","_id":"isOn/6060292","_key":"6060292","_rev":"_VWsHPpC--B","_to":"currentPath/6060279"}}
{"type":2300,"data":{"_from":"auth_users/5874690","_id":"isOn/6060294","_key":"6060294","_rev":"_VWsHPpC--C","_to":"currentPath/6060281"}}
{"type":2300,"data":{"_from":"auth_users/5874697","_id":"isOn/6060296","_key":"6060296","_rev":"_VWsHPpC--D","_to":"currentPath/6060283"}}
{"type":2300,"data":{"_from":"auth_users/5874680","_id":"isOn/6060434","_key":"6060434","_rev":"_VWsIVL6---","_to":"currentPath/6060420"}}
{"type":2300,"data":{"_from":"auth_users/5874684","_id":"isOn/6060437","_key":"6060437","_rev":"_VWsIVL6--_","_to":"currentPath/6060424"}}
{"type":2300,"data":{"_from":"auth_users/5874686","_id":"isOn/6060439","_key":"6060439","_rev":"_VWsIVL6--A","_to":"currentPath/6060426"}}
{"type":2300,"data":{"_from":"auth_users/5874688","_id":"isOn/6060441","_key":"6060441","_rev":"_VWsIVL6--B","_to":"currentPath/6060428"}}
{"type":2300,"data":{"_from":"auth_users/5874690","_id":"isOn/6060443","_key":"6060443","_rev":"_VWsIVL6--C","_to":"currentPath/6060430"}}
{"type":2300,"data":{"_from":"auth_users/5874697","_id":"isOn/6060445","_key":"6060445","_rev":"_VWsIVL6--D","_to":"currentPath/6060432"}}
{"type":2300,"data":{"_from":"auth_users/5874680","_id":"isOn/6060568","_key":"6060568","_rev":"_VWsJUn2---","_to":"currentPath/6060554"}}
{"type":2300,"data":{"_from":"auth_users/5874684","_id":"isOn/6060571","_key":"6060571","_rev":"_VWsJUn2--_","_to":"currentPath/6060558"}}
{"type":2300,"data":{"_from":"auth_users/5874686","_id":"isOn/6060573","_key":"6060573","_rev":"_VWsJUn2--A","_to":"currentPath/6060560"}}
{"type":2300,"data":{"_from":"auth_users/5874688","_id":"isOn/6060575","_key":"6060575","_rev":"_VWsJUn2--B","_to":"currentPath/6060562"}}
{"type":2300,"data":{"_from":"auth_users/5874690","_id":"isOn/6060577","_key":"6060577","_rev":"_VWsJUn2--C","_to":"currentPath/6060564"}}
{"type":2300,"data":{"_from":"auth_users/5874697","_id":"isOn/6060579","_key":"6060579","_rev":"_VWsJUn2--D","_to":"currentPath/6060566"}}
{"type":2300,"data":{"_from":"auth_users/5874680","_id":"isOn/6060643","_key":"6060643","_rev":"_VWsJZoa---","_to":"currentPath/6060629"}}
{"type":2300,"data":{"_from":"auth_users/5874684","_id":"isOn/6060646","_key":"6060646","_rev":"_VWsJZoa--_","_to":"currentPath/6060633"}}
{"type":2300,"data":{"_from":"auth_users/5874686","_id":"isOn/6060648","_key":"6060648","_rev":"_VWsJZoa--A","_to":"currentPath/6060635"}}
{"type":2300,"data":{"_from":"auth_users/5874688","_id":"isOn/6060650","_key":"6060650","_rev":"_VWsJZoa--B","_to":"currentPath/6060637"}}
{"type":2300,"data":{"_from":"auth_users/5874690","_id":"isOn/6060652","_key":"6060652","_rev":"_VWsJZoa--C","_to":"currentPath/6060639"}}
{"type":2300,"data":{"_from":"auth_users/5874697","_id":"isOn/6060654","_key":"6060654","_rev":"_VWsJZoa--D","_to":"currentPath/6060641"}}
{"type":2300,"data":{"_from":"auth_users/5874680","_id":"isOn/6060781","_key":"6060781","_rev":"_VWsKUAu---","_to":"currentPath/6060767"}}
{"type":2300,"data":{"_from":"auth_users/5874684","_id":"isOn/6060784","_key":"6060784","_rev":"_VWsKUAu--_","_to":"currentPath/6060771"}}
{"type":2300,"data":{"_from":"auth_users/5874686","_id":"isOn/6060786","_key":"6060786","_rev":"_VWsKUAu--A","_to":"currentPath/6060773"}}
{"type":2300,"data":{"_from":"auth_users/5874688","_id":"isOn/6060788","_key":"6060788","_rev":"_VWsKUAu--B","_to":"currentPath/6060775"}}
{"type":2300,"data":{"_from":"auth_users/5874690","_id":"isOn/6060790","_key":"6060790","_rev":"_VWsKUAu--C","_to":"currentPath/6060777"}}
{"type":2300,"data":{"_from":"auth_users/5874697","_id":"isOn/6060792","_key":"6060792","_rev":"_VWsKUAu--D","_to":"currentPath/6060779"}}
{"type":2300,"data":{"_from":"auth_users/5874680","_id":"isOn/6060848","_key":"6060848","_rev":"_VWsKbgW---","_to":"currentPath/6060834"}}
{"type":2300,"data":{"_from":"auth_users/5874684","_id":"isOn/6060851","_key":"6060851","_rev":"_VWsKbgW--_","_to":"currentPath/6060838"}}
{"type":2300,"data":{"_from":"auth_users/5874686","_id":"isOn/6060853","_key":"6060853","_rev":"_VWsKbgW--A","_to":"currentPath/6060840"}}
{"type":2300,"data":{"_from":"auth_users/5874688","_id":"isOn/6060855","_key":"6060855","_rev":"_VWsKbgW--B","_to":"currentPath/6060842"}}
{"type":2300,"data":{"_from":"auth_users/5874690","_id":"isOn/6060857","_key":"6060857","_rev":"_VWsKbgW--C","_to":"currentPath/6060844"}}
{"type":2300,"data":{"_from":"auth_users/5874697","_id":"isOn/6060859","_key":"6060859","_rev":"_VWsKbgW--D","_to":"currentPath/6060846"}}
{"type":2300,"data":{"_from":"auth_users/5874680","_id":"isOn/6060990","_key":"6060990","_rev":"_VWsLbo2---","_to":"currentPath/6060976"}}
{"type":2300,"data":{"_from":"auth_users/5874684","_id":"isOn/6060993","_key":"6060993","_rev":"_VWsLbo2--_","_to":"currentPath/6060980"}}
{"type":2300,"data":{"_from":"auth_users/5874686","_id":"isOn/6060995","_key":"6060995","_rev":"_VWsLbo2--A","_to":"currentPath/6060982"}}
{"type":2300,"data":{"_from":"auth_users/5874688","_id":"isOn/6060997","_key":"6060997","_rev":"_VWsLbo2--B","_to":"currentPath/6060984"}}
{"type":2300,"data":{"_from":"auth_users/5874690","_id":"isOn/6060999","_key":"6060999","_rev":"_VWsLbo2--C","_to":"currentPath/6060986"}}
{"type":2300,"data":{"_from":"auth_users/5874697","_id":"isOn/6061001","_key":"6061001","_rev":"_VWsLbo2--D","_to":"currentPath/6060988"}}
{"type":2300,"data":{"_from":"auth_users/5874680","_id":"isOn/6061048","_key":"6061048","_rev":"_VWsLdTq---","_to":"currentPath/6061034"}}
{"type":2300,"data":{"_from":"auth_users/5874684","_id":"isOn/6061051","_key":"6061051","_rev":"_VWsLdTq--_","_to":"currentPath/6061038"}}
{"type":2300,"data":{"_from":"auth_users/5874686","_id":"isOn/6061053","_key":"6061053","_rev":"_VWsLdTq--A","_to":"currentPath/6061040"}}
{"type":2300,"data":{"_from":"auth_users/5874688","_id":"isOn/6061055","_key":"6061055","_rev":"_VWsLdTq--B","_to":"currentPath/6061042"}}
{"type":2300,"data":{"_from":"auth_users/5874690","_id":"isOn/6061057","_key":"6061057","_rev":"_VWsLdTq--C","_to":"currentPath/6061044"}}
{"type":2300,"data":{"_from":"auth_users/5874697","_id":"isOn/6061059","_key":"6061059","_rev":"_VWsLdTq--D","_to":"currentPath/6061046"}}
{"type":2300,"data":{"_from":"auth_users/5874680","_id":"isOn/6061200","_key":"6061200","_rev":"_VWsMeA----","_to":"currentPath/6061186"}}
{"type":2300,"data":{"_from":"auth_users/5874684","_id":"isOn/6061203","_key":"6061203","_rev":"_VWsMeA---_","_to":"currentPath/6061190"}}
{"type":2300,"data":{"_from":"auth_users/5874686","_id":"isOn/6061205","_key":"6061205","_rev":"_VWsMeA---A","_to":"currentPath/6061192"}}
{"type":2300,"data":{"_from":"auth_users/5874688","_id":"isOn/6061207","_key":"6061207","_rev":"_VWsMeA---B","_to":"currentPath/6061194"}}
{"type":2300,"data":{"_from":"auth_users/5874690","_id":"isOn/6061209","_key":"6061209","_rev":"_VWsMeA---C","_to":"currentPath/6061196"}}
{"type":2300,"data":{"_from":"auth_users/5874697","_id":"isOn/6061211","_key":"6061211","_rev":"_VWsMeA---D","_to":"currentPath/6061198"}}
{"type":2300,"data":{"_from":"auth_users/5874680","_id":"isOn/6061549","_key":"6061549","_rev":"_VWsN8O6---","_to":"currentPath/6061535"}}
{"type":2300,"data":{"_from":"auth_users/5874684","_id":"isOn/6061552","_key":"6061552","_rev":"_VWsN8O6--_","_to":"currentPath/6061539"}}
{"type":2300,"data":{"_from":"auth_users/5874686","_id":"isOn/6061554","_key":"6061554","_rev":"_VWsN8O6--A","_to":"currentPath/6061541"}}
{"type":2300,"data":{"_from":"auth_users/5874688","_id":"isOn/6061556","_key":"6061556","_rev":"_VWsN8O6--B","_to":"currentPath/6061543"}}
{"type":2300,"data":{"_from":"auth_users/5874690","_id":"isOn/6061558","_key":"6061558","_rev":"_VWsN8O6--C","_to":"currentPath/6061545"}}
{"type":2300,"data":{"_from":"auth_users/5874697","_id":"isOn/6061560","_key":"6061560","_rev":"_VWsN8O6--D","_to":"currentPath/6061547"}}
{"type":2300,"data":{"_from":"auth_users/5874680","_id":"isOn/6061684","_key":"6061684","_rev":"_VWsOx-q---","_to":"currentPath/6061670"}}
{"type":2300,"data":{"_from":"auth_users/5874684","_id":"isOn/6061687","_key":"6061687","_rev":"_VWsOx-q--_","_to":"currentPath/6061674"}}
{"type":2300,"data":{"_from":"auth_users/5874686","_id":"isOn/6061689","_key":"6061689","_rev":"_VWsOx-q--A","_to":"currentPath/6061676"}}
{"type":2300,"data":{"_from":"auth_users/5874688","_id":"isOn/6061691","_key":"6061691","_rev":"_VWsOx-q--B","_to":"currentPath/6061678"}}
{"type":2300,"data":{"_from":"auth_users/5874690","_id":"isOn/6061693","_key":"6061693","_rev":"_VWsOx-q--C","_to":"currentPath/6061680"}}
{"type":2300,"data":{"_from":"auth_users/5874697","_id":"isOn/6061695","_key":"6061695","_rev":"_VWsOx-q--D","_to":"currentPath/6061682"}}
{"type":2300,"data":{"_from":"auth_users/5874680","_id":"isOn/6061833","_key":"6061833","_rev":"_VWsP2QW---","_to":"currentPath/6061819"}}
{"type":2300,"data":{"_from":"auth_users/5874684","_id":"isOn/6061836","_key":"6061836","_rev":"_VWsP2QW--_","_to":"currentPath/6061823"}}
{"type":2300,"data":{"_from":"auth_users/5874686","_id":"isOn/6061838","_key":"6061838","_rev":"_VWsP2QW--A","_to":"currentPath/6061825"}}
{"type":2300,"data":{"_from":"auth_users/5874688","_id":"isOn/6061840","_key":"6061840","_rev":"_VWsP2QW--B","_to":"currentPath/6061827"}}
{"type":2300,"data":{"_from":"auth_users/5874690","_id":"isOn/6061842","_key":"6061842","_rev":"_VWsP2QW--C","_to":"currentPath/6061829"}}
{"type":2300,"data":{"_from":"auth_users/5874697","_id":"isOn/6061844","_key":"6061844","_rev":"_VWsP2QW--D","_to":"currentPath/6061831"}}
{"type":2300,"data":{"_from":"auth_users/5874680","_id":"isOn/6062003","_key":"6062003","_rev":"_VWsRQaO---","_to":"currentPath/6061989"}}
{"type":2300,"data":{"_from":"auth_users/5874684","_id":"isOn/6062006","_key":"6062006","_rev":"_VWsRQaO--_","_to":"currentPath/6061993"}}
{"type":2300,"data":{"_from":"auth_users/5874686","_id":"isOn/6062008","_key":"6062008","_rev":"_VWsRQaO--A","_to":"currentPath/6061995"}}
{"type":2300,"data":{"_from":"auth_users/5874688","_id":"isOn/6062010","_key":"6062010","_rev":"_VWsRQaO--B","_to":"currentPath/6061997"}}
{"type":2300,"data":{"_from":"auth_users/5874690","_id":"isOn/6062012","_key":"6062012","_rev":"_VWsRQaO--C","_to":"currentPath/6061999"}}
{"type":2300,"data":{"_from":"auth_users/5874697","_id":"isOn/6062014","_key":"6062014","_rev":"_VWsRQaO--D","_to":"currentPath/6062001"}}
{"type":2300,"data":{"_from":"auth_users/5874680","_id":"isOn/6062254","_key":"6062254","_rev":"_VWsU-MC---","_to":"currentPath/6062240"}}
{"type":2300,"data":{"_from":"auth_users/5874684","_id":"isOn/6062257","_key":"6062257","_rev":"_VWsU-MC--_","_to":"currentPath/6062244"}}
{"type":2300,"data":{"_from":"auth_users/5874686","_id":"isOn/6062259","_key":"6062259","_rev":"_VWsU-MC--A","_to":"currentPath/6062246"}}
{"type":2300,"data":{"_from":"auth_users/5874688","_id":"isOn/6062261","_key":"6062261","_rev":"_VWsU-MC--B","_to":"currentPath/6062248"}}
{"type":2300,"data":{"_from":"auth_users/5874690","_id":"isOn/6062263","_key":"6062263","_rev":"_VWsU-MC--C","_to":"currentPath/6062250"}}
{"type":2300,"data":{"_from":"auth_users/5874697","_id":"isOn/6062265","_key":"6062265","_rev":"_VWsU-MC--D","_to":"currentPath/6062252"}}
{"type":2300,"data":{"_from":"auth_users/6213600","_id":"isOn/6214080","_key":"6214080","_rev":"_VY8fSYy---","_to":"currentPath/6214060"}}
{"type":2300,"data":{"_from":"auth_users/6213604","_id":"isOn/6214083","_key":"6214083","_rev":"_VY8fSYy--_","_to":"currentPath/6214064"}}
{"type":2300,"data":{"_from":"auth_users/5874697","_id":"isOn/6214085","_key":"6214085","_rev":"_VY8fSYy--A","_to":"currentPath/6214066"}}
{"type":2300,"data":{"_from":"auth_users/5874690","_id":"isOn/6214087","_key":"6214087","_rev":"_VY8fSYy--B","_to":"currentPath/6214068"}}
{"type":2300,"data":{"_from":"auth_users/5874688","_id":"isOn/6214089","_key":"6214089","_rev":"_VY8fSYy--C","_to":"currentPath/6214070"}}
{"type":2300,"data":{"_from":"auth_users/5874686","_id":"isOn/6214091","_key":"6214091","_rev":"_VY8fSYy--D","_to":"currentPath/6214072"}}
{"type":2300,"data":{"_from":"auth_users/5874684","_id":"isOn/6214093","_key":"6214093","_rev":"_VY8fSYy--E","_to":"currentPath/6214074"}}
{"type":2300,"data":{"_from":"auth_users/6213606","_id":"isOn/6214095","_key":"6214095","_rev":"_VY8fSYy--F","_to":"currentPath/6214076"}}
{"type":2300,"data":{"_from":"auth_users/5874680","_id":"isOn/6214097","_key":"6214097","_rev":"_VY8fSYy--G","_to":"currentPath/6214078"}}
{"type":2302,"data":{"_key":"6060294","_rev":"_VWsHPpC--C"}}
{"type":2302,"data":{"_key":"6032088","_rev":"_VWnkb1u--F"}}
{"type":2302,"data":{"_key":"6060784","_rev":"_VWsKUAu--_"}}
{"type":2302,"data":{"_key":"6062652","_rev":"_VWsWQra--A"}}
{"type":2302,"data":{"_key":"6061842","_rev":"_VWsP2QW--C"}}
{"type":2302,"data":{"_key":"6032020","_rev":"_VWnkAzi--J"}}
{"type":2302,"data":{"_key":"6032018","_rev":"_VWnkAzi--I"}}
{"type":2302,"data":{"_key":"6064512","_rev":"_VWsnd5e--D"}}
{"type":2302,"data":{"_key":"6040496","_rev":"_VWo1lmi--A"}}
{"type":2302,"data":{"_key":"6060288","_rev":"_VWsHPpC--_"}}
{"type":2302,"data":{"_key":"6060290","_rev":"_VWsHPpC--A"}}
{"type":2302,"data":{"_key":"6061055","_rev":"_VWsLdTq--B"}}
{"type":2302,"data":{"_key":"6062259","_rev":"_VWsU-MC--A"}}
{"type":2302,"data":{"_key":"6020285","_rev":"_VWlzL0q--F"}}
{"type":2302,"data":{"_key":"6062261","_rev":"_VWsU-MC--B"}}
{"type":2302,"data":{"_key":"6061203","_rev":"_VWsMeA---_"}}
{"type":2302,"data":{"_key":"6060652","_rev":"_VWsJZoa--C"}}
{"type":2302,"data":{"_key":"6061840","_rev":"_VWsP2QW--B"}}
{"type":2302,"data":{"_key":"6060781","_rev":"_VWsKUAu---"}}
{"type":2302,"data":{"_key":"6064508","_rev":"_VWsnd5e--B"}}
{"type":2302,"data":{"_key":"6063874","_rev":"_VWsiPI---D"}}
{"type":2302,"data":{"_key":"6061048","_rev":"_VWsLdTq---"}}
{"type":2302,"data":{"_key":"6060995","_rev":"_VWsLbo2--A"}}
{"type":2302,"data":{"_key":"6062768","_rev":"_VWsW1lu--A"}}
{"type":2302,"data":{"_key":"6032092","_rev":"_VWnkb1u--H"}}
{"type":2302,"data":{"_key":"6020287","_rev":"_VWlzL0q--G"}}
{"type":2302,"data":{"_key":"6061051","_rev":"_VWsLdTq--_"}}
{"type":2302,"data":{"_key":"6062906","_rev":"_VWsXxS---C"}}
{"type":2302,"data":{"_key":"6061207","_rev":"_VWsMeA---B"}}
{"type":2302,"data":{"_key":"6120953","_rev":"_VW2Nc9y---"}}
{"type":2302,"data":{"_key":"6060571","_rev":"_VWsJUn2--_"}}
{"type":2302,"data":{"_key":"6064018","_rev":"_VWsjRgW--C"}}
{"type":2302,"data":{"_key":"6064649","_rev":"_VWsoRRa--A"}}
{"type":2302,"data":{"_key":"6061684","_rev":"_VWsOx-q---"}}
{"type":2302,"data":{"_key":"6061689","_rev":"_VWsOx-q--A"}}
{"type":2302,"data":{"_key":"6063171","_rev":"_VWsamTq--A"}}
{"type":2302,"data":{"_key":"6062519","_rev":"_VWsVj2a---"}}
{"type":2302,"data":{"_key":"6061001","_rev":"_VWsLbo2--D"}}
{"type":2302,"data":{"_key":"6062897","_rev":"_VWsXxS----"}}
{"type":2302,"data":{"_key":"6064366","_rev":"_VWsmf8S--B"}}
{"type":2302,"data":{"_key":"6061838","_rev":"_VWsP2QW--A"}}
{"type":2302,"data":{"_key":"6062012","_rev":"_VWsRQaO--C"}}
{"type":2302,"data":{"_key":"6060650","_rev":"_VWsJZoa--B"}}
{"type":2302,"data":{"_key":"6020279","_rev":"_VWlzL0q--C"}}
{"type":2302,"data":{"_key":"6060792","_rev":"_VWsKUAu--D"}}
{"type":2302,"data":{"_key":"6061554","_rev":"_VWsN8O6--A"}}
{"type":2302,"data":{"_key":"6060790","_rev":"_VWsKUAu--C"}}
{"type":2302,"data":{"_key":"6062766","_rev":"_VWsW1lu--_"}}
{"type":2302,"data":{"_key":"6064368","_rev":"_VWsmf8W---"}}
{"type":2302,"data":{"_key":"6060857","_rev":"_VWsKbgW--C"}}
{"type":2302,"data":{"_key":"6062772","_rev":"_VWsW1lu--C"}}
{"type":2302,"data":{"_key":"6032085","_rev":"_VWnkb1u--E"}}
{"type":2302,"data":{"_key":"6063863","_rev":"_VWsiPI----"}}
{"type":2302,"data":{"_key":"6063868","_rev":"_VWsiPI---A"}}
{"type":2302,"data":{"_key":"6060441","_rev":"_VWsIVL6--B"}}
{"type":2302,"data":{"_key":"6062656","_rev":"_VWsWQra--C"}}
{"type":2302,"data":{"_key":"6060439","_rev":"_VWsIVL6--A"}}
{"type":2302,"data":{"_key":"6062650","_rev":"_VWsWQra--_"}}
{"type":2302,"data":{"_key":"6019489","_rev":"_VWlxKPu--I"}}
{"type":2302,"data":{"_key":"6040500","_rev":"_VWo1lmi--C"}}
{"type":2302,"data":{"_key":"6062254","_rev":"_VWsU-MC---"}}
{"type":2302,"data":{"_key":"6061211","_rev":"_VWsMeA---D"}}
{"type":2302,"data":{"_key":"6062528","_rev":"_VWsVj2a--C"}}
{"type":2302,"data":{"_key":"6060643","_rev":"_VWsJZoa---"}}
{"type":2302,"data":{"_key":"6064647","_rev":"_VWsoRRa--_"}}
{"type":2302,"data":{"_key":"6064364","_rev":"_VWsmf8S--A"}}
{"type":2302,"data":{"_key":"6061836","_rev":"_VWsP2QW--_"}}
{"type":2302,"data":{"_key":"6061687","_rev":"_VWsOx-q--_"}}
{"type":2302,"data":{"_key":"6060855","_rev":"_VWsKbgW--B"}}
{"type":2302,"data":{"_key":"6063866","_rev":"_VWsiPI---_"}}
{"type":2302,"data":{"_key":"6060575","_rev":"_VWsJUn2--B"}}
{"type":2302,"data":{"_key":"6064362","_rev":"_VWsmf8S--_"}}
{"type":2302,"data":{"_key":"6064651","_rev":"_VWsoRRa--B"}}
{"type":2302,"data":{"_key":"6040498","_rev":"_VWo1lmi--B"}}
{"type":2302,"data":{"_key":"6064170","_rev":"_VWskhIy--B"}}
{"type":2302,"data":{"_key":"6060648","_rev":"_VWsJZoa--A"}}
{"type":2302,"data":{"_key":"6062010","_rev":"_VWsRQaO--B"}}
{"type":2302,"data":{"_key":"6060285","_rev":"_VWsHPpC---"}}
{"type":2302,"data":{"_key":"6061693","_rev":"_VWsOx-q--C"}}
{"type":2302,"data":{"_key":"6064504","_rev":"_VWsnd5e--_"}}
{"type":2302,"data":{"_key":"6032009","_rev":"_VWnkAzi--E"}}
{"type":2302,"data":{"_key":"6032012","_rev":"_VWnkAzi--F"}}
{"type":2302,"data":{"_key":"6064166","_rev":"_VWskhIy--_"}}
{"type":2302,"data":{"_key":"6061695","_rev":"_VWsOx-q--D"}}
{"type":2302,"data":{"_key":"6064168","_rev":"_VWskhIy--A"}}
{"type":2302,"data":{"_key":"6061556","_rev":"_VWsN8O6--B"}}
{"type":2302,"data":{"_key":"6064164","_rev":"_VWskhIy---"}}
{"type":2302,"data":{"_key":"6032094","_rev":"_VWnkb1u--I"}}
{"type":2302,"data":{"_key":"6062774","_rev":"_VWsW1lu--D"}}
{"type":2302,"data":{"_key":"6064009","_rev":"_VWsjRgW---"}}
{"type":2302,"data":{"_key":"6062900","_rev":"_VWsXxS---_"}}
{"type":2302,"data":{"_key":"6063166","_rev":"_VWsamTq---"}}
{"type":2302,"data":{"_key":"6062654","_rev":"_VWsWQra--B"}}
{"type":2302,"data":{"_key":"6061205","_rev":"_VWsMeA---A"}}
{"type":2302,"data":{"_key":"6063169","_rev":"_VWsamTq--_"}}
{"type":2302,"data":{"_key":"6064644","_rev":"_VWsoRRa---"}}
{"type":2302,"data":{"_key":"6063173","_rev":"_VWsamTq--B"}}
{"type":2302,"data":{"_key":"6062763","_rev":"_VWsW1lu---"}}
{"type":2302,"data":{"_key":"6060646","_rev":"_VWsJZoa--_"}}
{"type":2302,"data":{"_key":"6064016","_rev":"_VWsjRgW--B"}}
{"type":2302,"data":{"_key":"6120956","_rev":"_VW2Nc9y--_"}}
{"type":2302,"data":{"_key":"6061057","_rev":"_VWsLdTq--C"}}
{"type":2302,"data":{"_key":"6060443","_rev":"_VWsIVL6--C"}}
{"type":2302,"data":{"_key":"6061844","_rev":"_VWsP2QW--D"}}
{"type":2302,"data":{"_key":"6064359","_rev":"_VWsmf8S---"}}
{"type":2302,"data":{"_key":"6062902","_rev":"_VWsXxS---A"}}
{"type":2302,"data":{"_key":"6060999","_rev":"_VWsLbo2--C"}}
{"type":2302,"data":{"_key":"6062003","_rev":"_VWsRQaO---"}}
{"type":2302,"data":{"_key":"6060853","_rev":"_VWsKbgW--A"}}
{"type":2302,"data":{"_key":"6032016","_rev":"_VWnkAzi--H"}}
{"type":2302,"data":{"_key":"6064510","_rev":"_VWsnd5e--C"}}
{"type":2302,"data":{"_key":"6061209","_rev":"_VWsMeA---C"}}
{"type":2302,"data":{"_key":"6019491","_rev":"_VWlxKPu--J"}}
{"type":2302,"data":{"_key":"6062008","_rev":"_VWsRQaO--A"}}
{"type":2302,"data":{"_key":"6062904","_rev":"_VWsXxS---B"}}
{"type":2302,"data":{"_key":"6060573","_rev":"_VWsJUn2--A"}}
{"type":2302,"data":{"_key":"6064161","_rev":"_VWskhIu---"}}
{"type":2302,"data":{"_key":"6020281","_rev":"_VWlzL0q--D"}}
{"type":2302,"data":{"_key":"6062014","_rev":"_VWsRQaO--D"}}
{"type":2302,"data":{"_key":"6060434","_rev":"_VWsIVL6---"}}
{"type":2302,"data":{"_key":"6060851","_rev":"_VWsKbgW--_"}}
{"type":2302,"data":{"_key":"6061053","_rev":"_VWsLdTq--A"}}
{"type":2302,"data":{"_key":"6032014","_rev":"_VWnkAzi--G"}}
{"type":2302,"data":{"_key":"6061833","_rev":"_VWsP2QW---"}}
{"type":2302,"data":{"_key":"6062006","_rev":"_VWsRQaO--_"}}
{"type":2302,"data":{"_key":"6020276","_rev":"_VWlzL0q--B"}}
{"type":2302,"data":{"_key":"6062770","_rev":"_VWsW1lu--B"}}
{"type":2302,"data":{"_key":"6060997","_rev":"_VWsLbo2--B"}}
{"type":2302,"data":{"_key":"6061691","_rev":"_VWsOx-q--B"}}
{"type":2302,"data":{"_key":"6064014","_rev":"_VWsjRgW--A"}}
{"type":2302,"data":{"_key":"6061200","_rev":"_VWsMeA----"}}
{"type":2302,"data":{"_key":"6040494","_rev":"_VWo1lmi--_"}}
{"type":2302,"data":{"_key":"6062530","_rev":"_VWsVj2a--D"}}
{"type":2302,"data":{"_key":"6019487","_rev":"_VWlxKPu--H"}}
{"type":2302,"data":{"_key":"6060437","_rev":"_VWsIVL6--_"}}
{"type":2302,"data":{"_key":"6060579","_rev":"_VWsJUn2--D"}}
{"type":2302,"data":{"_key":"6060788","_rev":"_VWsKUAu--B"}}
{"type":2302,"data":{"_key":"6060990","_rev":"_VWsLbo2---"}}
{"type":2302,"data":{"_key":"6062522","_rev":"_VWsVj2a--_"}}
{"type":2302,"data":{"_key":"6064506","_rev":"_VWsnd5e--A"}}
{"type":2302,"data":{"_key":"6019485","_rev":"_VWlxKPu--G"}}
{"type":2302,"data":{"_key":"6062257","_rev":"_VWsU-MC--_"}}
{"type":2302,"data":{"_key":"6060577","_rev":"_VWsJUn2--C"}}
{"type":2302,"data":{"_key":"6060859","_rev":"_VWsKbgW--D"}}
{"type":2302,"data":{"_key":"6062908","_rev":"_VWsXxS---D"}}
{"type":2302,"data":{"_key":"6063870","_rev":"_VWsiPI---B"}}
{"type":2302,"data":{"_key":"6060445","_rev":"_VWsIVL6--D"}}
{"type":2302,"data":{"_key":"6061558","_rev":"_VWsN8O6--C"}}
{"type":2302,"data":{"_key":"6061549","_rev":"_VWsN8O6---"}}
{"type":2302,"data":{"_key":"6060296","_rev":"_VWsHPpC--D"}}
{"type":2302,"data":{"_key":"6060786","_rev":"_VWsKUAu--A"}}
{"type":2302,"data":{"_key":"6062524","_rev":"_VWsVj2a--A"}}
{"type":2302,"data":{"_key":"6040492","_rev":"_VWo1lmi---"}}
{"type":2302,"data":{"_key":"6061552","_rev":"_VWsN8O6--_"}}
{"type":2302,"data":{"_key":"6061560","_rev":"_VWsN8O6--D"}}
{"type":2302,"data":{"_key":"6063872","_rev":"_VWsiPI---C"}}
{"type":2302,"data":{"_key":"6019483","_rev":"_VWlxKPu--F"}}
{"type":2302,"data":{"_key":"6064653","_rev":"_VWsoRRa--C"}}
{"type":2302,"data":{"_key":"6032090","_rev":"_VWnkb1u--G"}}
{"type":2302,"data":{"_key":"6064370","_rev":"_VWsmf8W--_"}}
{"type":2302,"data":{"_key":"6062526","_rev":"_VWsVj2a--B"}}
{"type":2302,"data":{"_key":"6063177","_rev":"_VWsamTq--D"}}
{"type":2302,"data":{"_key":"6032096","_rev":"_VWnkb1u--J"}}
{"type":2302,"data":{"_key":"6040489","_rev":"_VWo1lme--E"}}
{"type":2302,"data":{"_key":"6064012","_rev":"_VWsjRgW--_"}}
{"type":2302,"data":{"_key":"6062658","_rev":"_VWsWQra--D"}}
{"type":2302,"data":{"_key":"6060993","_rev":"_VWsLbo2--_"}}
{"type":2302,"data":{"_key":"6060292","_rev":"_VWsHPpC--B"}}
{"type":2302,"data":{"_key":"6061059","_rev":"_VWsLdTq--D"}}
{"type":2302,"data":{"_key":"6064020","_rev":"_VWsjRgW--D"}}
{"type":2302,"data":{"_key":"6062263","_rev":"_VWsU-MC--C"}}
{"type":2302,"data":{"_key":"6060654","_rev":"_VWsJZoa--D"}}
{"type":2302,"data":{"_key":"6062265","_rev":"_VWsU-MC--D"}}
{"type":2302,"data":{"_key":"6060848","_rev":"_VWsKbgW---"}}
{"type":2302,"data":{"_key":"6020283","_rev":"_VWlzL0q--E"}}
{"type":2302,"data":{"_key":"6063175","_rev":"_VWsamTq--C"}}
{"type":2302,"data":{"_key":"6064172","_rev":"_VWskhIy--C"}}
{"type":2302,"data":{"_key":"6019480","_rev":"_VWlxKPu--E"}}
{"type":2302,"data":{"_key":"6064655","_rev":"_VWsoRRa--D"}}
{"type":2302,"data":{"_key":"6064501","_rev":"_VWsnd5e---"}}
{"type":2302,"data":{"_key":"6062647","_rev":"_VWsWQra---"}}
{"type":2302,"data":{"_key":"6060568","_rev":"_VWsJUn2---"}}
{"type":2302,"data":{"_key":"6121719","_rev":"_VW2PO9a--_"}}
{"type":2302,"data":{"_key":"6121716","_rev":"_VW2PO9a---"}}
{"type":2302,"data":{"_key":"6125660","_rev":"_VW2zrca--A"}}
{"type":2302,"data":{"_key":"6125033","_rev":"_VW2ujlm--B"}}
{"type":2302,"data":{"_key":"6123866","_rev":"_VW2i2Cy--B"}}
{"type":2302,"data":{"_key":"6122442","_rev":"_VW2Upb6--A"}}
{"type":2302,"data":{"_key":"6123863","_rev":"_VW2i2Cy--A"}}
{"type":2302,"data":{"_key":"6123822","_rev":"_VW2iqH2--_"}}
{"type":2302,"data":{"_key":"6123360","_rev":"_VW2fjsq--A"}}
{"type":2302,"data":{"_key":"6130217","_rev":"_VW3aI-O--B"}}
{"type":2302,"data":{"_key":"6122033","_rev":"_VW2Sto---B"}}
{"type":2302,"data":{"_key":"6123918","_rev":"_VW2jHGm--B"}}
{"type":2302,"data":{"_key":"6124277","_rev":"_VW2nQmK--A"}}
{"type":2302,"data":{"_key":"6122101","_rev":"_VW2TUfK--A"}}
{"type":2302,"data":{"_key":"6122030","_rev":"_VW2Sto---A"}}
{"type":2302,"data":{"_key":"6130214","_rev":"_VW3aI-O--A"}}
{"type":2302,"data":{"_key":"6122381","_rev":"_VW2UPTe--A"}}
{"type":2302,"data":{"_key":"6122384","_rev":"_VW2UPTe--B"}}
{"type":2302,"data":{"_key":"6125357","_rev":"_VW2va1y--A"}}
{"type":2302,"data":{"_key":"6123915","_rev":"_VW2jHGm--A"}}
{"type":2302,"data":{"_key":"6122104","_rev":"_VW2TUfK--B"}}
{"type":2302,"data":{"_key":"6130090","_rev":"_VW3ZBbm--A"}}
{"type":2302,"data":{"_key":"6124826","_rev":"_VW2r65m--_"}}
{"type":2302,"data":{"_key":"6130093","_rev":"_VW3ZBbm--B"}}
{"type":2302,"data":{"_key":"6130253","_rev":"_VW3aURa---"}}
{"type":2302,"data":{"_key":"6125030","_rev":"_VW2ujlm--A"}}
{"type":2302,"data":{"_key":"6123771","_rev":"_VW2ibSy---"}}
{"type":2302,"data":{"_key":"6124823","_rev":"_VW2r65m---"}}
{"type":2302,"data":{"_key":"6125663","_rev":"_VW2zrca--B"}}
{"type":2302,"data":{"_key":"6129163","_rev":"_VW3Pyo2---"}}
{"type":2302,"data":{"_key":"6123363","_rev":"_VW2fjsq--B"}}
{"type":2302,"data":{"_key":"6123774","_rev":"_VW2ibSy--_"}}
{"type":2302,"data":{"_key":"6122445","_rev":"_VW2Upb6--B"}}
{"type":2302,"data":{"_key":"6125360","_rev":"_VW2va1y--B"}}
{"type":2302,"data":{"_key":"6130256","_rev":"_VW3aURa--_"}}
{"type":2302,"data":{"_key":"6123819","_rev":"_VW2iqH2---"}}
{"type":2302,"data":{"_key":"6124280","_rev":"_VW2nQmK--B"}}
{"type":2302,"data":{"_key":"6131136","_rev":"_VW3ff5e--_"}}
{"type":2302,"data":{"_key":"6131133","_rev":"_VW3ff5e---"}}
{"type":2300,"data":{"_from":"auth_users/5874684","_id":"isOn/6131787","_key":"6131787","_rev":"_VW3m6-O---","_to":"currentPath/6131781"}}
{"type":2300,"data":{"_from":"auth_users/5874680","_id":"isOn/6131790","_key":"6131790","_rev":"_VW3m6-O--_","_to":"currentPath/6131785"}}
{"type":2300,"data":{"_from":"auth_users/5874684","_id":"isOn/6131827","_key":"6131827","_rev":"_VW3nSKS--A","_to":"currentPath/6131821"}}
{"type":2300,"data":{"_from":"auth_users/5874680","_id":"isOn/6131830","_key":"6131830","_rev":"_VW3nSKS--B","_to":"currentPath/6131825"}}
{"type":2300,"data":{"_from":"auth_users/5874684","_id":"isOn/6131884","_key":"6131884","_rev":"_VW3nrZO---","_to":"currentPath/6131878"}}
{"type":2300,"data":{"_from":"auth_users/5874680","_id":"isOn/6131887","_key":"6131887","_rev":"_VW3nrZO--_","_to":"currentPath/6131882"}}
{"type":2300,"data":{"_from":"auth_users/5874680","_id":"isOn/6131930","_key":"6131930","_rev":"_VW3n9P6--_","_to":"currentPath/6131926"}}
{"type":2300,"data":{"_from":"auth_users/5874680","_id":"isOn/6131989","_key":"6131989","_rev":"_VW3oorG---","_to":"currentPath/6131985"}}
{"type":2300,"data":{"_from":"auth_users/5874680","_id":"isOn/6132021","_key":"6132021","_rev":"_VW3oviC--_","_to":"currentPath/6132017"}}
{"type":2300,"data":{"_from":"auth_users/5874680","_id":"isOn/6132112","_key":"6132112","_rev":"_VW3paxu---","_to":"currentPath/6132108"}}
{"type":2300,"data":{"_from":"auth_users/5874680","_id":"isOn/6132375","_key":"6132375","_rev":"_VW3s972--_","_to":"currentPath/6132371"}}
{"type":2300,"data":{"_from":"auth_users/5874680","_id":"isOn/6132511","_key":"6132511","_rev":"_VW3uWmq---","_to":"currentPath/6132507"}}
{"type":2300,"data":{"_from":"auth_users/5874680","_id":"isOn/6132664","_key":"6132664","_rev":"_VW3v4rK--_","_to":"currentPath/6132660"}}
{"type":2300,"data":{"_from":"auth_users/5874684","_id":"isOn/6132716","_key":"6132716","_rev":"_VW3wM5m--A","_to":"currentPath/6132710"}}
{"type":2300,"data":{"_from":"auth_users/5874680","_id":"isOn/6132719","_key":"6132719","_rev":"_VW3wM5m--B","_to":"currentPath/6132714"}}
{"type":2300,"data":{"_from":"auth_users/5874684","_id":"isOn/6132842","_key":"6132842","_rev":"_VW3xoii---","_to":"currentPath/6132836"}}
{"type":2300,"data":{"_from":"auth_users/5874680","_id":"isOn/6132845","_key":"6132845","_rev":"_VW3xoii--_","_to":"currentPath/6132840"}}
