{"type":2300,"data":{"_id":"schools/5768399","_key":"5768399","_rev":"_VV-mSXe---","addressCity":"El Dorado","addressState":"IL","addressStreet":"123 Fake St","addressStreet2":"","addressZip5":60004,"avgClassSize":30,"avgClassroomSqFt":400,"freeReducedLunch":0.5,"name":"Test School","ncesId":0,"numStudents":1000,"studentPopulationBlack":0.25,"studentPopulationHispanic":0.25,"type":"public"}}
{"type":2300,"data":{"_id":"schools/5016540","_key":"5016540","_rev":"_VS12j2O---","name":"Marin's Community School"}}
