{"indexes":[],"parameters":{"allowUserKeys":true,"cid":"1290111","count":0,"deleted":false,"doCompact":true,"id":"1290111","indexBuckets":8,"indexes":[{"fields":["_key"],"id":"0","selectivityEstimate":1,"sparse":false,"type":"primary","unique":true}],"isSmart":false,"isSystem":false,"isVolatile":false,"journalSize":33554432,"keyOptions":{"allowUserKeys":true,"lastValue":4748188,"type":"traditional"},"name":"students","numberOfShards":1,"planId":"1290111","replicationFactor":1,"shardKeys":["_key"],"shards":{},"status":4,"type":2,"version":6,"waitForSync":false}}