{"type":2300,"data":{"_id":"students/4748183","_key":"4748183","_rev":"_VS48txO---","createdBy":"chris@sidekick.education","dateCreated":1500048644001,"dateUpdated":null,"email":"cathy.content@demo.mysummitps.com","firstName":"Cathy","grade":9,"lastName":"C","mentor":"History Teacher","studentId":"31","updatedBy":null}}
{"type":2300,"data":{"_id":"students/4185388","_key":"4185388","_rev":"_VS48Shi---","dateCreated":1499622473008,"dateUpdated":1500048644035,"email":"beatrice.behind@demo.mysummitps.com","firstName":"Bobby","grade":9,"lastName":"B","mentor":"Math Teacher","studentId":"98","updatedBy":"chris@sidekick.education"}}
{"type":2300,"data":{"_id":"students/4185384","_key":"4185384","_rev":"_VS46cV2---","dateCreated":1499622473008,"dateUpdated":1500048644001,"email":"patty.projects@demo.mysummitps.com","firstName":"Patty","grade":9,"lastName":"P","mentor":"Spanish Teacher","studentId":"55","updatedBy":"chris@sidekick.education"}}
{"type":2300,"data":{"_id":"students/4185390","_key":"4185390","_rev":"_VS47Rra---","dateCreated":1499622473008,"dateUpdated":1500048644035,"email":"sammy.speedy@demo.mysummitps.com","firstName":"Sammy","grade":9,"lastName":"S","mentor":"Science Teacher","studentId":"92","updatedBy":"chris@sidekick.education"}}
{"type":2300,"data":{"_id":"students/4748188","_key":"4748188","_rev":"_VS472IO---","createdBy":"chris@sidekick.education","dateCreated":1500048644035,"dateUpdated":null,"email":"tommy.on-track@demo.mysummitps.com","firstName":"Tracy","grade":9,"lastName":"O","mentor":"English Teacher","studentId":"67","updatedBy":null}}
