{"type":2300,"data":{"_from":"students/2863504","_id":"studentToCurrentFA/2863545","_key":"2863545","_rev":"_VMnairq---","_to":"focusAreas/1337799"}}
{"type":2300,"data":{"_from":"students/2863402","_id":"studentToCurrentFA/2863467","_key":"2863467","_rev":"_VMnaEFW---","_to":"focusAreas/1337169"}}
{"type":2300,"data":{"_from":"students/2863400","_id":"studentToCurrentFA/2863459","_key":"2863459","_rev":"_VMnaEFO---","_to":"focusAreas/1337169"}}
{"type":2300,"data":{"_from":"students/2863398","_id":"studentToCurrentFA/2863451","_key":"2863451","_rev":"_VMnaEFK---","_to":"focusAreas/1337169"}}
{"type":2300,"data":{"_from":"students/2857894","_id":"studentToCurrentFA/2857951","_key":"2857951","_rev":"_VMmcegK---","_to":"focusAreas/1337169"}}
{"type":2300,"data":{"_from":"students/2857886","_id":"studentToCurrentFA/2857917","_key":"2857917","_rev":"_VMmcefi---","_to":"focusAreas/1337169"}}
{"type":2300,"data":{"_from":"students/2857882","_id":"studentToCurrentFA/2857913","_key":"2857913","_rev":"_VMmcefe--_","_to":"focusAreas/1337169"}}
{"type":2300,"data":{"_from":"students/2857763","_id":"studentToCurrentFA/2857820","_key":"2857820","_rev":"_VMmbrUS---","_to":"focusAreas/1337169"}}
{"type":2300,"data":{"_from":"students/2857759","_id":"studentToCurrentFA/2857804","_key":"2857804","_rev":"_VMmbrUC---","_to":"focusAreas/1337169"}}
{"type":2300,"data":{"_from":"students/2857757","_id":"studentToCurrentFA/2857793","_key":"2857793","_rev":"_VMmbrT6---","_to":"focusAreas/1337169"}}
{"type":2300,"data":{"_from":"students/2845916","_id":"studentToCurrentFA/2845981","_key":"2845981","_rev":"_VMkhIQC--_","_to":"focusAreas/1337379"}}
{"type":2300,"data":{"_from":"students/2845914","_id":"studentToCurrentFA/2845973","_key":"2845973","_rev":"_VMkhIQ----","_to":"focusAreas/1337379"}}
{"type":2300,"data":{"_from":"students/2845912","_id":"studentToCurrentFA/2845965","_key":"2845965","_rev":"_VMkhIOy---","_to":"focusAreas/1337379"}}
{"type":2300,"data":{"_from":"students/2845906","_id":"studentToCurrentFA/2845939","_key":"2845939","_rev":"_VMkhIMS---","_to":"focusAreas/1337379"}}
{"type":2300,"data":{"_from":"students/2545572","_id":"studentToCurrentFA/2545631","_key":"2545631","_rev":"_VK3kLPK---","_to":"focusAreas/1337561"}}
{"type":2300,"data":{"_from":"students/2545560","_id":"studentToCurrentFA/2545591","_key":"2545591","_rev":"_VK3kLOa--_","_to":"focusAreas/1337561"}}
{"type":2300,"data":{"_from":"students/2531428","_id":"studentToCurrentFA/2531491","_key":"2531491","_rev":"_VK1CjHW--_","_to":"focusAreas/1337517"}}
{"type":2300,"data":{"_from":"students/2531426","_id":"studentToCurrentFA/2531483","_key":"2531483","_rev":"_VK1CjHS---","_to":"focusAreas/1337517"}}
{"type":2300,"data":{"_from":"students/2531422","_id":"studentToCurrentFA/2531467","_key":"2531467","_rev":"_VK1CjG2---","_to":"focusAreas/1337517"}}
{"type":2300,"data":{"_from":"students/2531420","_id":"studentToCurrentFA/2531456","_key":"2531456","_rev":"_VK1CjGu---","_to":"focusAreas/1337517"}}
{"type":2300,"data":{"_from":"students/2531418","_id":"studentToCurrentFA/2531449","_key":"2531449","_rev":"_VK1CjGi---","_to":"focusAreas/1337517"}}
{"type":2300,"data":{"_from":"students/2531255","_id":"studentToCurrentFA/2531308","_key":"2531308","_rev":"_VK1BEqy--_","_to":"focusAreas/1337169"}}
{"type":2300,"data":{"_from":"students/2531251","_id":"studentToCurrentFA/2531292","_key":"2531292","_rev":"_VK1BEqe--A","_to":"focusAreas/1337169"}}
{"type":2300,"data":{"_from":"students/2531080","_id":"studentToCurrentFA/2531145","_key":"2531145","_rev":"_VK1_pAi---","_to":"focusAreas/1337325"}}
{"type":2300,"data":{"_from":"students/2531076","_id":"studentToCurrentFA/2531129","_key":"2531129","_rev":"_VK1_pAa---","_to":"focusAreas/1337325"}}
{"type":2300,"data":{"_from":"students/2531074","_id":"studentToCurrentFA/2531121","_key":"2531121","_rev":"_VK1_pAW---","_to":"focusAreas/1337325"}}
{"type":2300,"data":{"_from":"students/2531072","_id":"studentToCurrentFA/2531113","_key":"2531113","_rev":"_VK1_pAO---","_to":"focusAreas/1337325"}}
{"type":2300,"data":{"_from":"students/2531070","_id":"studentToCurrentFA/2531105","_key":"2531105","_rev":"_VK1_pAG--A","_to":"focusAreas/1337325"}}
{"type":2300,"data":{"_from":"students/2531066","_id":"studentToCurrentFA/2531097","_key":"2531097","_rev":"_VK1_pAG---","_to":"focusAreas/1337325"}}
{"type":2300,"data":{"_from":"students/2515018","_id":"studentToCurrentFA/2515093","_key":"2515093","_rev":"_VKyL1_e---","_to":"focusAreas/1337169"}}
{"type":2300,"data":{"_from":"students/2863498","_id":"studentToCurrentFA/2863529","_key":"2863529","_rev":"_VMnaira--_","_to":"focusAreas/1337799"}}
{"type":2300,"data":{"_from":"students/2515016","_id":"studentToCurrentFA/2515085","_key":"2515085","_rev":"_VKyL1_a--_","_to":"focusAreas/1337169"}}
{"type":2300,"data":{"_from":"students/2515012","_id":"studentToCurrentFA/2515069","_key":"2515069","_rev":"_VKyL1_W---","_to":"focusAreas/1337169"}}
{"type":2300,"data":{"_from":"students/2515010","_id":"studentToCurrentFA/2515061","_key":"2515061","_rev":"_VKyL1_S--_","_to":"focusAreas/1337169"}}
{"type":2300,"data":{"_from":"students/2515008","_id":"studentToCurrentFA/2515053","_key":"2515053","_rev":"_VKyL1_O---","_to":"focusAreas/1337169"}}
{"type":2300,"data":{"_from":"students/2515006","_id":"studentToCurrentFA/2515045","_key":"2515045","_rev":"_VKyL1_----","_to":"focusAreas/1337169"}}
{"type":2300,"data":{"_from":"students/2506689","_id":"studentToCurrentFA/2506738","_key":"2506738","_rev":"_VKwtYC----","_to":"focusAreas/1337211"}}
{"type":2300,"data":{"_from":"students/2506685","_id":"studentToCurrentFA/2506720","_key":"2506720","_rev":"_VKwtYBq---","_to":"focusAreas/1337211"}}
{"type":2300,"data":{"_from":"students/2504197","_id":"studentToCurrentFA/2504260","_key":"2504260","_rev":"_VKwSrLy--A","_to":"focusAreas/1337169"}}
{"type":2300,"data":{"_from":"students/2504195","_id":"studentToCurrentFA/2504252","_key":"2504252","_rev":"_VKwSrLy---","_to":"focusAreas/1337169"}}
{"type":2300,"data":{"_from":"students/2863510","_id":"studentToCurrentFA/2863569","_key":"2863569","_rev":"_VMnair6--_","_to":"focusAreas/1337799"}}
{"type":2300,"data":{"_from":"students/2504193","_id":"studentToCurrentFA/2504244","_key":"2504244","_rev":"_VKwSrLq--_","_to":"focusAreas/1337169"}}
{"type":2300,"data":{"_from":"students/2504191","_id":"studentToCurrentFA/2504236","_key":"2504236","_rev":"_VKwSrLm---","_to":"focusAreas/1337169"}}
{"type":2300,"data":{"_from":"students/2504187","_id":"studentToCurrentFA/2504218","_key":"2504218","_rev":"_VKwSrLe---","_to":"focusAreas/1337169"}}
{"type":2300,"data":{"_from":"students/2504183","_id":"studentToCurrentFA/2504214","_key":"2504214","_rev":"_VKwSrLa--_","_to":"focusAreas/1337169"}}
{"type":2300,"data":{"_from":"students/2496410","_id":"studentToCurrentFA/2496475","_key":"2496475","_rev":"_VKu5m7---A","_to":"focusAreas/1338157"}}
{"type":2300,"data":{"_from":"students/2506681","_id":"studentToCurrentFA/2506716","_key":"2506716","_rev":"_VKwtYBi--_","_to":"focusAreas/1337211"}}
{"type":2300,"data":{"_from":"students/2496408","_id":"studentToCurrentFA/2496467","_key":"2496467","_rev":"_VKu5m7----","_to":"focusAreas/1338157"}}
{"type":2300,"data":{"_from":"students/2496396","_id":"studentToCurrentFA/2496429","_key":"2496429","_rev":"_VKu5m2C--_","_to":"focusAreas/1338157"}}
{"type":2300,"data":{"_from":"students/2495776","_id":"studentToCurrentFA/2495847","_key":"2495847","_rev":"_VKu0-12---","_to":"focusAreas/1337121"}}
{"type":2300,"data":{"_from":"students/2495768","_id":"studentToCurrentFA/2495815","_key":"2495815","_rev":"_VKu0-yK---","_to":"focusAreas/1337121"}}
{"type":2300,"data":{"_from":"students/2495766","_id":"studentToCurrentFA/2495807","_key":"2495807","_rev":"_VKu0-xC---","_to":"focusAreas/1337121"}}
{"type":2300,"data":{"_from":"students/2531414","_id":"studentToCurrentFA/2531445","_key":"2531445","_rev":"_VK1CjGe--_","_to":"focusAreas/1337517"}}
{"type":2300,"data":{"_from":"students/2495764","_id":"studentToCurrentFA/2495800","_key":"2495800","_rev":"_VKu0-w6---","_to":"focusAreas/1337121"}}
{"type":2300,"data":{"_from":"students/2494607","_id":"studentToCurrentFA/2494678","_key":"2494678","_rev":"_VKuqsN6---","_to":"focusAreas/1337379"}}
{"type":2300,"data":{"_from":"students/2845902","_id":"studentToCurrentFA/2845935","_key":"2845935","_rev":"_VMkhIL---_","_to":"focusAreas/1337379"}}
{"type":2300,"data":{"_from":"students/2494603","_id":"studentToCurrentFA/2494662","_key":"2494662","_rev":"_VKuqsLa--_","_to":"focusAreas/1337379"}}
{"type":2300,"data":{"_from":"students/2515002","_id":"studentToCurrentFA/2515037","_key":"2515037","_rev":"_VKyL1-2--_","_to":"focusAreas/1337169"}}
{"type":2300,"data":{"_from":"students/2506697","_id":"studentToCurrentFA/2506770","_key":"2506770","_rev":"_VKwtYCa---","_to":"focusAreas/1337211"}}
{"type":2300,"data":{"_from":"students/2494597","_id":"studentToCurrentFA/2494638","_key":"2494638","_rev":"_VKuqsJC---","_to":"focusAreas/1337379"}}
{"type":2300,"data":{"_from":"students/2494595","_id":"studentToCurrentFA/2494631","_key":"2494631","_rev":"_VKuqsI6---","_to":"focusAreas/1337379"}}
{"type":2300,"data":{"_from":"students/2494591","_id":"studentToCurrentFA/2494627","_key":"2494627","_rev":"_VKuqsHq---","_to":"focusAreas/1337379"}}
{"type":2300,"data":{"_from":"students/2493993","_id":"studentToCurrentFA/2494048","_key":"2494048","_rev":"_VKulscG---","_to":"focusAreas/1338113"}}
{"type":2300,"data":{"_from":"students/2493987","_id":"studentToCurrentFA/2494024","_key":"2494024","_rev":"_VKulsZm---","_to":"focusAreas/1338113"}}
{"type":2300,"data":{"_from":"students/2493840","_id":"studentToCurrentFA/2493913","_key":"2493913","_rev":"_VKukoaK---","_to":"focusAreas/1337217"}}
{"type":2300,"data":{"_from":"students/2493838","_id":"studentToCurrentFA/2493905","_key":"2493905","_rev":"_VKukoY6---","_to":"focusAreas/1337217"}}
{"type":2300,"data":{"_from":"students/2493836","_id":"studentToCurrentFA/2493897","_key":"2493897","_rev":"_VKukoXu---","_to":"focusAreas/1337217"}}
{"type":2300,"data":{"_from":"students/2857755","_id":"studentToCurrentFA/2857786","_key":"2857786","_rev":"_VMmbrTu--A","_to":"focusAreas/1337169"}}
{"type":2300,"data":{"_from":"students/2493834","_id":"studentToCurrentFA/2493889","_key":"2493889","_rev":"_VKukoXi---","_to":"focusAreas/1337217"}}
{"type":2300,"data":{"_from":"students/2493643","_id":"studentToCurrentFA/2493710","_key":"2493710","_rev":"_VKui3vi---","_to":"focusAreas/1337121"}}
{"type":2300,"data":{"_from":"students/2493641","_id":"studentToCurrentFA/2493702","_key":"2493702","_rev":"_VKui3ue---","_to":"focusAreas/1337121"}}
{"type":2300,"data":{"_from":"students/2493637","_id":"studentToCurrentFA/2493686","_key":"2493686","_rev":"_VKui3tC---","_to":"focusAreas/1337121"}}
{"type":2300,"data":{"_from":"students/2493635","_id":"studentToCurrentFA/2493678","_key":"2493678","_rev":"_VKui3r2---","_to":"focusAreas/1337121"}}
{"type":2300,"data":{"_from":"students/2515020","_id":"studentToCurrentFA/2515101","_key":"2515101","_rev":"_VKyL1_m---","_to":"focusAreas/1337169"}}
{"type":2300,"data":{"_from":"students/2493629","_id":"studentToCurrentFA/2493662","_key":"2493662","_rev":"_VKui3qa--_","_to":"focusAreas/1337121"}}
{"type":2300,"data":{"_from":"students/2493223","_id":"studentToCurrentFA/2493294","_key":"2493294","_rev":"_VKuhhvy---","_to":"focusAreas/1337121"}}
{"type":2300,"data":{"_from":"students/2493221","_id":"studentToCurrentFA/2493286","_key":"2493286","_rev":"_VKuhhuu---","_to":"focusAreas/1337121"}}
{"type":2300,"data":{"_from":"students/2493219","_id":"studentToCurrentFA/2493278","_key":"2493278","_rev":"_VKuhhue---","_to":"focusAreas/1337121"}}
{"type":2300,"data":{"_from":"students/2857751","_id":"studentToCurrentFA/2857782","_key":"2857782","_rev":"_VMmbrTu--_","_to":"focusAreas/1337169"}}
{"type":2300,"data":{"_from":"students/2493217","_id":"studentToCurrentFA/2493270","_key":"2493270","_rev":"_VKuhhta---","_to":"focusAreas/1337121"}}
{"type":2300,"data":{"_from":"students/2493211","_id":"studentToCurrentFA/2493244","_key":"2493244","_rev":"_VKuhhqi---","_to":"focusAreas/1337121"}}
{"type":2300,"data":{"_from":"students/2492688","_id":"studentToCurrentFA/2492759","_key":"2492759","_rev":"_VKuciOS---","_to":"focusAreas/1337121"}}
{"type":2300,"data":{"_from":"students/2492684","_id":"studentToCurrentFA/2492743","_key":"2492743","_rev":"_VKuciM----","_to":"focusAreas/1337121"}}
{"type":2300,"data":{"_from":"students/2495770","_id":"studentToCurrentFA/2495823","_key":"2495823","_rev":"_VKu0-za---","_to":"focusAreas/1337121"}}
{"type":2300,"data":{"_from":"students/2492682","_id":"studentToCurrentFA/2492735","_key":"2492735","_rev":"_VKuciLm---","_to":"focusAreas/1337121"}}
{"type":2300,"data":{"_from":"students/2492680","_id":"studentToCurrentFA/2492727","_key":"2492727","_rev":"_VKuciKe---","_to":"focusAreas/1337121"}}
{"type":2300,"data":{"_from":"students/2492676","_id":"studentToCurrentFA/2492712","_key":"2492712","_rev":"_VKuciJG---","_to":"focusAreas/1337121"}}
{"type":2300,"data":{"_from":"students/2492672","_id":"studentToCurrentFA/2492708","_key":"2492708","_rev":"_VKuciH2--_","_to":"focusAreas/1337121"}}
{"type":2300,"data":{"_from":"students/2496406","_id":"studentToCurrentFA/2496459","_key":"2496459","_rev":"_VKu5m5y---","_to":"focusAreas/1338157"}}
{"type":2300,"data":{"_from":"students/2492235","_id":"studentToCurrentFA/2492306","_key":"2492306","_rev":"_VKuaGOe---","_to":"focusAreas/1337121"}}
{"type":2300,"data":{"_from":"students/2492233","_id":"studentToCurrentFA/2492298","_key":"2492298","_rev":"_VKuaGNm---","_to":"focusAreas/1337121"}}
{"type":2300,"data":{"_from":"students/2857888","_id":"studentToCurrentFA/2857924","_key":"2857924","_rev":"_VMmcefy---","_to":"focusAreas/1337169"}}
{"type":2300,"data":{"_from":"students/2492231","_id":"studentToCurrentFA/2492290","_key":"2492290","_rev":"_VKuaGMW--_","_to":"focusAreas/1337121"}}
{"type":2300,"data":{"_from":"students/2493207","_id":"studentToCurrentFA/2493240","_key":"2493240","_rev":"_VKuhhpW--_","_to":"focusAreas/1337121"}}
{"type":2300,"data":{"_from":"students/2492229","_id":"studentToCurrentFA/2492282","_key":"2492282","_rev":"_VKuaGMG---","_to":"focusAreas/1337121"}}
{"type":2300,"data":{"_from":"students/2492227","_id":"studentToCurrentFA/2492274","_key":"2492274","_rev":"_VKuaGKu---","_to":"focusAreas/1337121"}}
{"type":2300,"data":{"_from":"students/2494605","_id":"studentToCurrentFA/2494670","_key":"2494670","_rev":"_VKuqsMu---","_to":"focusAreas/1337379"}}
{"type":2300,"data":{"_from":"students/2492225","_id":"studentToCurrentFA/2492267","_key":"2492267","_rev":"_VKuaGJe--A","_to":"focusAreas/1337121"}}
{"type":2300,"data":{"_from":"students/2492223","_id":"studentToCurrentFA/2492263","_key":"2492263","_rev":"_VKuaGJe--_","_to":"focusAreas/1337121"}}
{"type":2300,"data":{"_from":"students/2863508","_id":"studentToCurrentFA/2863561","_key":"2863561","_rev":"_VMnair2--_","_to":"focusAreas/1337799"}}
{"type":2300,"data":{"_from":"students/2492078","_id":"studentToCurrentFA/2492127","_key":"2492127","_rev":"_VKuZkma---","_to":"focusAreas/1337121"}}
{"type":2300,"data":{"_from":"students/2845918","_id":"studentToCurrentFA/2845989","_key":"2845989","_rev":"_VMkhIRO--_","_to":"focusAreas/1337379"}}
{"type":2300,"data":{"_from":"students/2545564","_id":"studentToCurrentFA/2545599","_key":"2545599","_rev":"_VK3kLOe--_","_to":"focusAreas/1337561"}}
{"type":2300,"data":{"_from":"students/2496402","_id":"studentToCurrentFA/2496443","_key":"2496443","_rev":"_VKu5m4e---","_to":"focusAreas/1338157"}}
{"type":2300,"data":{"_from":"students/2487142","_id":"studentToCurrentFA/2487183","_key":"2487183","_rev":"_VKtmhn----","_to":"focusAreas/1337053"}}
{"type":2300,"data":{"_from":"students/2491872","_id":"studentToCurrentFA/2491919","_key":"2491919","_rev":"_VKuYR-6--_","_to":"focusAreas/1337121"}}
{"type":2300,"data":{"_from":"students/2491870","_id":"studentToCurrentFA/2491911","_key":"2491911","_rev":"_VKuYR-u---","_to":"focusAreas/1337121"}}
{"type":2300,"data":{"_from":"students/2491868","_id":"studentToCurrentFA/2491901","_key":"2491901","_rev":"_VKuYQ9e---","_to":"focusAreas/1337121"}}
{"type":2300,"data":{"_from":"students/2487252","_id":"studentToCurrentFA/2487323","_key":"2487323","_rev":"_VKtmnUG---","_to":"focusAreas/1337053"}}
{"type":2300,"data":{"_from":"students/2487246","_id":"studentToCurrentFA/2487299","_key":"2487299","_rev":"_VKtmnRi---","_to":"focusAreas/1337053"}}
{"type":2300,"data":{"_from":"students/2487240","_id":"studentToCurrentFA/2487277","_key":"2487277","_rev":"_VKtmnPG---","_to":"focusAreas/1337053"}}
{"type":2300,"data":{"_from":"students/2482837","_id":"studentToCurrentFA/2482908","_key":"2482908","_rev":"_VKs9nl----","_to":"focusAreas/1337217"}}
{"type":2300,"data":{"_from":"students/2492074","_id":"studentToCurrentFA/2492111","_key":"2492111","_rev":"_VKuZklG---","_to":"focusAreas/1337121"}}
{"type":2300,"data":{"_from":"students/2487236","_id":"studentToCurrentFA/2487269","_key":"2487269","_rev":"_VKtmnN2--_","_to":"focusAreas/1337053"}}
{"type":2300,"data":{"_from":"students/2493830","_id":"studentToCurrentFA/2493873","_key":"2493873","_rev":"_VKukoVS---","_to":"focusAreas/1337217"}}
{"type":2300,"data":{"_from":"students/2480915","_id":"studentToCurrentFA/2481902","_key":"2481902","_rev":"_VKs1h1S---","_to":"focusAreas/1337121"}}
{"type":2300,"data":{"_from":"students/2487146","_id":"studentToCurrentFA/2487199","_key":"2487199","_rev":"_VKtmhpa---","_to":"focusAreas/1337053"}}
{"type":2300,"data":{"_from":"students/2491878","_id":"studentToCurrentFA/2491943","_key":"2491943","_rev":"_VKuYRBm---","_to":"focusAreas/1337121"}}
{"type":2300,"data":{"_from":"students/2487140","_id":"studentToCurrentFA/2487176","_key":"2487176","_rev":"_VKtmhm2---","_to":"focusAreas/1337053"}}
{"type":2300,"data":{"_from":"students/2487136","_id":"studentToCurrentFA/2487172","_key":"2487172","_rev":"_VKtmhlm--A","_to":"focusAreas/1337053"}}
{"type":2300,"data":{"_from":"students/2494601","_id":"studentToCurrentFA/2494654","_key":"2494654","_rev":"_VKuqsLW---","_to":"focusAreas/1337379"}}
{"type":2300,"data":{"_from":"students/2487242","_id":"studentToCurrentFA/2487285","_key":"2487285","_rev":"_VKtmnPK---","_to":"focusAreas/1337053"}}
{"type":2300,"data":{"_from":"students/2515014","_id":"studentToCurrentFA/2515077","_key":"2515077","_rev":"_VKyL1_W--A","_to":"focusAreas/1337169"}}
{"type":2300,"data":{"_from":"students/2486899","_id":"studentToCurrentFA/2486970","_key":"2486970","_rev":"_VKtkyI----","_to":"focusAreas/1337053"}}
{"type":2300,"data":{"_from":"students/2863512","_id":"studentToCurrentFA/2863577","_key":"2863577","_rev":"_VMnaisC--_","_to":"focusAreas/1337799"}}
{"type":2300,"data":{"_from":"students/2486895","_id":"studentToCurrentFA/2486954","_key":"2486954","_rev":"_VKtkyGm---","_to":"focusAreas/1337053"}}
{"type":2300,"data":{"_from":"students/2486891","_id":"studentToCurrentFA/2486938","_key":"2486938","_rev":"_VKtkyEa---","_to":"focusAreas/1337053"}}
{"type":2300,"data":{"_from":"students/2486887","_id":"studentToCurrentFA/2486920","_key":"2486920","_rev":"_VKtkyCy---","_to":"focusAreas/1337053"}}
{"type":2300,"data":{"_from":"students/2485467","_id":"studentToCurrentFA/2485532","_key":"2485532","_rev":"_VKtWqau---","_to":"focusAreas/1337379"}}
{"type":2300,"data":{"_from":"students/2487244","_id":"studentToCurrentFA/2487289","_key":"2487289","_rev":"_VKtmnQW---","_to":"focusAreas/1337053"}}
{"type":2300,"data":{"_from":"students/2485461","_id":"studentToCurrentFA/2485508","_key":"2485508","_rev":"_VKtWqYG---","_to":"focusAreas/1337379"}}
{"type":2300,"data":{"_from":"students/2487248","_id":"studentToCurrentFA/2487307","_key":"2487307","_rev":"_VKtmnRq--_","_to":"focusAreas/1337053"}}
{"type":2300,"data":{"_from":"students/2863396","_id":"studentToCurrentFA/2863443","_key":"2863443","_rev":"_VMnaEFC---","_to":"focusAreas/1337169"}}
{"type":2300,"data":{"_from":"students/2493997","_id":"studentToCurrentFA/2494064","_key":"2494064","_rev":"_VKulsda---","_to":"focusAreas/1338113"}}
{"type":2300,"data":{"_from":"students/2485463","_id":"studentToCurrentFA/2485516","_key":"2485516","_rev":"_VKtWqZO---","_to":"focusAreas/1337379"}}
{"type":2300,"data":{"_from":"students/2485459","_id":"studentToCurrentFA/2485500","_key":"2485500","_rev":"_VKtWqX6---","_to":"focusAreas/1337379"}}
{"type":2300,"data":{"_from":"students/2504189","_id":"studentToCurrentFA/2504228","_key":"2504228","_rev":"_VKwSrLi---","_to":"focusAreas/1337169"}}
{"type":2300,"data":{"_from":"students/2485457","_id":"studentToCurrentFA/2485490","_key":"2485490","_rev":"_VKtWqWi---","_to":"focusAreas/1337379"}}
{"type":2300,"data":{"_from":"students/2482994","_id":"studentToCurrentFA/2483049","_key":"2483049","_rev":"_VKt-kN6---","_to":"focusAreas/1337325"}}
{"type":2300,"data":{"_from":"students/2531078","_id":"studentToCurrentFA/2531137","_key":"2531137","_rev":"_VK1_pAe---","_to":"focusAreas/1337325"}}
{"type":2300,"data":{"_from":"students/2482992","_id":"studentToCurrentFA/2483041","_key":"2483041","_rev":"_VKt-kMm--_","_to":"focusAreas/1337325"}}
{"type":2300,"data":{"_from":"students/2486889","_id":"studentToCurrentFA/2486930","_key":"2486930","_rev":"_VKtkyEO---","_to":"focusAreas/1337053"}}
{"type":2300,"data":{"_from":"students/2495774","_id":"studentToCurrentFA/2495839","_key":"2495839","_rev":"_VKu0-0q--_","_to":"focusAreas/1337121"}}
{"type":2300,"data":{"_from":"students/2482996","_id":"studentToCurrentFA/2483057","_key":"2483057","_rev":"_VKt-kOC---","_to":"focusAreas/1337325"}}
{"type":2300,"data":{"_from":"students/2482998","_id":"studentToCurrentFA/2483065","_key":"2483065","_rev":"_VKt-kPK--_","_to":"focusAreas/1337325"}}
{"type":2300,"data":{"_from":"students/2482988","_id":"studentToCurrentFA/2483025","_key":"2483025","_rev":"_VKt-kLS---","_to":"focusAreas/1337325"}}
{"type":2300,"data":{"_from":"students/2496400","_id":"studentToCurrentFA/2496433","_key":"2496433","_rev":"_VKu5m3S---","_to":"focusAreas/1338157"}}
{"type":2300,"data":{"_from":"students/2482835","_id":"studentToCurrentFA/2482900","_key":"2482900","_rev":"_VKs9nj2---","_to":"focusAreas/1337217"}}
{"type":2300,"data":{"_from":"students/2506695","_id":"studentToCurrentFA/2506762","_key":"2506762","_rev":"_VKwtYCO--_","_to":"focusAreas/1337211"}}
{"type":2300,"data":{"_from":"students/2482825","_id":"studentToCurrentFA/2482861","_key":"2482861","_rev":"_VKs9ng----","_to":"focusAreas/1337217"}}
{"type":2300,"data":{"_from":"students/2487152","_id":"studentToCurrentFA/2487221","_key":"2487221","_rev":"_VKtmhs----","_to":"focusAreas/1337053"}}
{"type":2300,"data":{"_from":"students/2493832","_id":"studentToCurrentFA/2493881","_key":"2493881","_rev":"_VKukoWa---","_to":"focusAreas/1337217"}}
{"type":2300,"data":{"_from":"students/2482829","_id":"studentToCurrentFA/2482876","_key":"2482876","_rev":"_VKs9nhS---","_to":"focusAreas/1337217"}}
{"type":2300,"data":{"_from":"students/2482597","_id":"studentToCurrentFA/2482670","_key":"2482670","_rev":"_VKs7ysu---","_to":"focusAreas/1337379"}}
{"type":2300,"data":{"_from":"students/2482595","_id":"studentToCurrentFA/2482662","_key":"2482662","_rev":"_VKs7yri---","_to":"focusAreas/1337379"}}
{"type":2300,"data":{"_from":"students/2482589","_id":"studentToCurrentFA/2482638","_key":"2482638","_rev":"_VKs7yo6--_","_to":"focusAreas/1337379"}}
{"type":2300,"data":{"_from":"students/2493215","_id":"studentToCurrentFA/2493262","_key":"2493262","_rev":"_VKuhhsG---","_to":"focusAreas/1337121"}}
{"type":2300,"data":{"_from":"students/2482112","_id":"studentToCurrentFA/2482177","_key":"2482177","_rev":"_VKs4fYW---","_to":"focusAreas/1337325"}}
{"type":2300,"data":{"_from":"students/2493633","_id":"studentToCurrentFA/2493670","_key":"2493670","_rev":"_VKui3rq---","_to":"focusAreas/1337121"}}
{"type":2300,"data":{"_from":"students/2482110","_id":"studentToCurrentFA/2482169","_key":"2482169","_rev":"_VKs4fYG---","_to":"focusAreas/1337325"}}
{"type":2300,"data":{"_from":"students/2493983","_id":"studentToCurrentFA/2494016","_key":"2494016","_rev":"_VKulsY---_","_to":"focusAreas/1338113"}}
{"type":2300,"data":{"_from":"students/2482104","_id":"studentToCurrentFA/2482145","_key":"2482145","_rev":"_VKs4fVm---","_to":"focusAreas/1337325"}}
{"type":2300,"data":{"_from":"students/2491876","_id":"studentToCurrentFA/2491935","_key":"2491935","_rev":"_VKuYRBS---","_to":"focusAreas/1337121"}}
{"type":2300,"data":{"_from":"students/2494599","_id":"studentToCurrentFA/2494646","_key":"2494646","_rev":"_VKuqsKO---","_to":"focusAreas/1337379"}}
{"type":2300,"data":{"_from":"students/2482102","_id":"studentToCurrentFA/2482135","_key":"2482135","_rev":"_VKs4fUS---","_to":"focusAreas/1337325"}}
{"type":2300,"data":{"_from":"students/2492678","_id":"studentToCurrentFA/2492719","_key":"2492719","_rev":"_VKuciJa---","_to":"focusAreas/1337121"}}
{"type":2300,"data":{"_from":"students/2487250","_id":"studentToCurrentFA/2487315","_key":"2487315","_rev":"_VKtmnTK---","_to":"focusAreas/1337053"}}
{"type":2300,"data":{"_from":"students/2531257","_id":"studentToCurrentFA/2531316","_key":"2531316","_rev":"_VK1BEq2--_","_to":"focusAreas/1337169"}}
{"type":2300,"data":{"_from":"students/2482581","_id":"studentToCurrentFA/2482614","_key":"2482614","_rev":"_VKs7yma--_","_to":"focusAreas/1337379"}}
{"type":2300,"data":{"_from":"students/2492082","_id":"studentToCurrentFA/2492143","_key":"2492143","_rev":"_VKuZkn2---","_to":"focusAreas/1337121"}}
{"type":2300,"data":{"_from":"students/2482984","_id":"studentToCurrentFA/2483017","_key":"2483017","_rev":"_VKt-kKC--_","_to":"focusAreas/1337325"}}
{"type":2300,"data":{"_from":"students/2863506","_id":"studentToCurrentFA/2863553","_key":"2863553","_rev":"_VMnairy---","_to":"focusAreas/1337799"}}
{"type":2300,"data":{"_from":"students/2482591","_id":"studentToCurrentFA/2482646","_key":"2482646","_rev":"_VKs7yqK---","_to":"focusAreas/1337379"}}
{"type":2300,"data":{"_from":"students/2863388","_id":"studentToCurrentFA/2863419","_key":"2863419","_rev":"_VMnaEEm--_","_to":"focusAreas/1337169"}}
{"type":2300,"data":{"_from":"students/2492070","_id":"studentToCurrentFA/2492103","_key":"2492103","_rev":"_VKuZkj2--_","_to":"focusAreas/1337121"}}
{"type":2300,"data":{"_from":"students/2845908","_id":"studentToCurrentFA/2845949","_key":"2845949","_rev":"_VMkhINi---","_to":"focusAreas/1337379"}}
{"type":2300,"data":{"_from":"students/2493995","_id":"studentToCurrentFA/2494056","_key":"2494056","_rev":"_VKulscO---","_to":"focusAreas/1338113"}}
{"type":2300,"data":{"_from":"students/2493639","_id":"studentToCurrentFA/2493694","_key":"2493694","_rev":"_VKui3uS---","_to":"focusAreas/1337121"}}
{"type":2300,"data":{"_from":"students/2531259","_id":"studentToCurrentFA/2531324","_key":"2531324","_rev":"_VK1BEq6---","_to":"focusAreas/1337169"}}
{"type":2300,"data":{"_from":"students/2491864","_id":"studentToCurrentFA/2491897","_key":"2491897","_rev":"_VKuYQ8O---","_to":"focusAreas/1337121"}}
{"type":2300,"data":{"_from":"students/2492219","_id":"studentToCurrentFA/2492252","_key":"2492252","_rev":"_VKuaGIO--_","_to":"focusAreas/1337121"}}
{"type":2300,"data":{"_from":"students/2487144","_id":"studentToCurrentFA/2487191","_key":"2487191","_rev":"_VKtmhoG--_","_to":"focusAreas/1337053"}}
{"type":2300,"data":{"_from":"students/2482827","_id":"studentToCurrentFA/2482868","_key":"2482868","_rev":"_VKs9ngG--_","_to":"focusAreas/1337217"}}
{"type":2300,"data":{"_from":"students/2545566","_id":"studentToCurrentFA/2545607","_key":"2545607","_rev":"_VK3kLOi--_","_to":"focusAreas/1337561"}}
{"type":2300,"data":{"_from":"students/2492084","_id":"studentToCurrentFA/2492151","_key":"2492151","_rev":"_VKuZkpO---","_to":"focusAreas/1337121"}}
{"type":2300,"data":{"_from":"students/2492080","_id":"studentToCurrentFA/2492135","_key":"2492135","_rev":"_VKuZknq---","_to":"focusAreas/1337121"}}
{"type":2300,"data":{"_from":"students/2492076","_id":"studentToCurrentFA/2492119","_key":"2492119","_rev":"_VKuZklW---","_to":"focusAreas/1337121"}}
{"type":2300,"data":{"_from":"students/2491880","_id":"studentToCurrentFA/2491951","_key":"2491951","_rev":"_VKuYRCy---","_to":"focusAreas/1337121"}}
{"type":2300,"data":{"_from":"students/2482106","_id":"studentToCurrentFA/2482153","_key":"2482153","_rev":"_VKs4fVy---","_to":"focusAreas/1337325"}}
{"type":2300,"data":{"_from":"students/2845910","_id":"studentToCurrentFA/2845957","_key":"2845957","_rev":"_VMkhINq---","_to":"focusAreas/1337379"}}
{"type":2300,"data":{"_from":"students/2545568","_id":"studentToCurrentFA/2545615","_key":"2545615","_rev":"_VK3kLOq---","_to":"focusAreas/1337561"}}
{"type":2300,"data":{"_from":"students/2485453","_id":"studentToCurrentFA/2485486","_key":"2485486","_rev":"_VKtWqVS--_","_to":"focusAreas/1337379"}}
{"type":2300,"data":{"_from":"students/2863502","_id":"studentToCurrentFA/2863537","_key":"2863537","_rev":"_VMnairi---","_to":"focusAreas/1337799"}}
{"type":2300,"data":{"_from":"students/2495760","_id":"studentToCurrentFA/2495796","_key":"2495796","_rev":"_VKu0-vu--_","_to":"focusAreas/1337121"}}
{"type":2300,"data":{"_from":"students/2480943","_id":"studentToCurrentFA/2481888","_key":"2481888","_rev":"_VKs1Ynq---","_to":"focusAreas/1337167"}}
{"type":2300,"data":{"_from":"students/2483000","_id":"studentToCurrentFA/2483073","_key":"2483073","_rev":"_VKt-kQW---","_to":"focusAreas/1337325"}}
{"type":2300,"data":{"_from":"students/2482114","_id":"studentToCurrentFA/2482185","_key":"2482185","_rev":"_VKs4fZa---","_to":"focusAreas/1337325"}}
{"type":2300,"data":{"_from":"students/2531249","_id":"studentToCurrentFA/2531284","_key":"2531284","_rev":"_VK1BEqe---","_to":"focusAreas/1337169"}}
{"type":2300,"data":{"_from":"students/2531245","_id":"studentToCurrentFA/2531276","_key":"2531276","_rev":"_VK1BEqa--_","_to":"focusAreas/1337169"}}
{"type":2300,"data":{"_from":"students/2492686","_id":"studentToCurrentFA/2492751","_key":"2492751","_rev":"_VKuciM2--_","_to":"focusAreas/1337121"}}
{"type":2300,"data":{"_from":"students/2486893","_id":"studentToCurrentFA/2486946","_key":"2486946","_rev":"_VKtkyFi---","_to":"focusAreas/1337053"}}
{"type":2300,"data":{"_from":"students/2493991","_id":"studentToCurrentFA/2494040","_key":"2494040","_rev":"_VKulsa6---","_to":"focusAreas/1338113"}}
{"type":2300,"data":{"_from":"students/2531424","_id":"studentToCurrentFA/2531475","_key":"2531475","_rev":"_VK1CjHC---","_to":"focusAreas/1337517"}}
{"type":2300,"data":{"_from":"students/2482587","_id":"studentToCurrentFA/2482630","_key":"2482630","_rev":"_VKs7ynu---","_to":"focusAreas/1337379"}}
{"type":2300,"data":{"_from":"students/2506693","_id":"studentToCurrentFA/2506754","_key":"2506754","_rev":"_VKwtYCK---","_to":"focusAreas/1337211"}}
{"type":2300,"data":{"_from":"students/2487148","_id":"studentToCurrentFA/2487207","_key":"2487207","_rev":"_VKtmhpi---","_to":"focusAreas/1337053"}}
{"type":2300,"data":{"_from":"students/2545574","_id":"studentToCurrentFA/2545639","_key":"2545639","_rev":"_VK3kLPO--_","_to":"focusAreas/1337561"}}
{"type":2300,"data":{"_from":"students/2531253","_id":"studentToCurrentFA/2531300","_key":"2531300","_rev":"_VK1BEqu--_","_to":"focusAreas/1337169"}}
{"type":2300,"data":{"_from":"students/2491874","_id":"studentToCurrentFA/2491927","_key":"2491927","_rev":"_VKuYRAG---","_to":"focusAreas/1337121"}}
{"type":2300,"data":{"_from":"students/2492086","_id":"studentToCurrentFA/2492159","_key":"2492159","_rev":"_VKuZkqO---","_to":"focusAreas/1337121"}}
{"type":2300,"data":{"_from":"students/2857761","_id":"studentToCurrentFA/2857812","_key":"2857812","_rev":"_VMmbrUK---","_to":"focusAreas/1337169"}}
{"type":2300,"data":{"_from":"students/2506699","_id":"studentToCurrentFA/2506778","_key":"2506778","_rev":"_VKwtYCm---","_to":"focusAreas/1337211"}}
{"type":2300,"data":{"_from":"students/2493645","_id":"studentToCurrentFA/2493718","_key":"2493718","_rev":"_VKui3wu---","_to":"focusAreas/1337121"}}
{"type":2300,"data":{"_from":"students/2482821","_id":"studentToCurrentFA/2482857","_key":"2482857","_rev":"_VKs9ne2--_","_to":"focusAreas/1337217"}}
{"type":2300,"data":{"_from":"students/2495772","_id":"studentToCurrentFA/2495831","_key":"2495831","_rev":"_VKu0-ze---","_to":"focusAreas/1337121"}}
{"type":2300,"data":{"_from":"students/2482585","_id":"studentToCurrentFA/2482622","_key":"2482622","_rev":"_VKs7ynq---","_to":"focusAreas/1337379"}}
{"type":2300,"data":{"_from":"students/2857890","_id":"studentToCurrentFA/2857935","_key":"2857935","_rev":"_VMmcef6--_","_to":"focusAreas/1337169"}}
{"type":2300,"data":{"_from":"students/2482593","_id":"studentToCurrentFA/2482654","_key":"2482654","_rev":"_VKs7yqK--A","_to":"focusAreas/1337379"}}
{"type":2300,"data":{"_from":"students/2506687","_id":"studentToCurrentFA/2506727","_key":"2506727","_rev":"_VKwtYBy---","_to":"focusAreas/1337211"}}
{"type":2300,"data":{"_from":"students/2486883","_id":"studentToCurrentFA/2486916","_key":"2486916","_rev":"_VKtkyBi---","_to":"focusAreas/1337053"}}
{"type":2300,"data":{"_from":"students/2863392","_id":"studentToCurrentFA/2863427","_key":"2863427","_rev":"_VMnaEEu---","_to":"focusAreas/1337169"}}
{"type":2300,"data":{"_from":"students/2493828","_id":"studentToCurrentFA/2493865","_key":"2493865","_rev":"_VKukoVG---","_to":"focusAreas/1337217"}}
{"type":2300,"data":{"_from":"students/2496412","_id":"studentToCurrentFA/2496483","_key":"2496483","_rev":"_VKu5m8O--_","_to":"focusAreas/1338157"}}
{"type":2300,"data":{"_from":"students/2486897","_id":"studentToCurrentFA/2486962","_key":"2486962","_rev":"_VKtkyGy--_","_to":"focusAreas/1337053"}}
{"type":2300,"data":{"_from":"students/2857765","_id":"studentToCurrentFA/2857828","_key":"2857828","_rev":"_VMmbrUa---","_to":"focusAreas/1337169"}}
{"type":2300,"data":{"_from":"students/2545570","_id":"studentToCurrentFA/2545623","_key":"2545623","_rev":"_VK3kLOy--_","_to":"focusAreas/1337561"}}
{"type":2300,"data":{"_from":"students/2482831","_id":"studentToCurrentFA/2482884","_key":"2482884","_rev":"_VKs9nii---","_to":"focusAreas/1337217"}}
{"type":2300,"data":{"_from":"students/2496404","_id":"studentToCurrentFA/2496451","_key":"2496451","_rev":"_VKu5m4m---","_to":"focusAreas/1338157"}}
{"type":2300,"data":{"_from":"students/2482990","_id":"studentToCurrentFA/2483033","_key":"2483033","_rev":"_VKt-kLW---","_to":"focusAreas/1337325"}}
{"type":2300,"data":{"_from":"students/2485465","_id":"studentToCurrentFA/2485524","_key":"2485524","_rev":"_VKtWqaa---","_to":"focusAreas/1337379"}}
{"type":2300,"data":{"_from":"students/2482833","_id":"studentToCurrentFA/2482892","_key":"2482892","_rev":"_VKs9niq---","_to":"focusAreas/1337217"}}
{"type":2300,"data":{"_from":"students/2493999","_id":"studentToCurrentFA/2494072","_key":"2494072","_rev":"_VKulseu---","_to":"focusAreas/1338113"}}
{"type":2300,"data":{"_from":"students/2493989","_id":"studentToCurrentFA/2494032","_key":"2494032","_rev":"_VKulsZm--A","_to":"focusAreas/1338113"}}
{"type":2300,"data":{"_from":"students/2506691","_id":"studentToCurrentFA/2506746","_key":"2506746","_rev":"_VKwtYCG---","_to":"focusAreas/1337211"}}
{"type":2300,"data":{"_from":"students/2863394","_id":"studentToCurrentFA/2863435","_key":"2863435","_rev":"_VMnaEE2---","_to":"focusAreas/1337169"}}
{"type":2300,"data":{"_from":"students/2482108","_id":"studentToCurrentFA/2482161","_key":"2482161","_rev":"_VKs4fXC---","_to":"focusAreas/1337325"}}
{"type":2300,"data":{"_from":"students/2857896","_id":"studentToCurrentFA/2857959","_key":"2857959","_rev":"_VMmcegK--A","_to":"focusAreas/1337169"}}
{"type":2300,"data":{"_from":"students/2482098","_id":"studentToCurrentFA/2482131","_key":"2482131","_rev":"_VKs4fTG---","_to":"focusAreas/1337325"}}
{"type":2300,"data":{"_from":"students/2493213","_id":"studentToCurrentFA/2493254","_key":"2493254","_rev":"_VKuhhs----","_to":"focusAreas/1337121"}}
{"type":2300,"data":{"_from":"students/2487150","_id":"studentToCurrentFA/2487211","_key":"2487211","_rev":"_VKtmhqu---","_to":"focusAreas/1337053"}}
{"type":2300,"data":{"_from":"students/2493824","_id":"studentToCurrentFA/2493857","_key":"2493857","_rev":"_VKukoT2--_","_to":"focusAreas/1337217"}}
{"type":2300,"data":{"_from":"students/2857892","_id":"studentToCurrentFA/2857943","_key":"2857943","_rev":"_VMmcegG--_","_to":"focusAreas/1337169"}}
{"type":2300,"data":{"_from":"students/2485469","_id":"studentToCurrentFA/2485540","_key":"2485540","_rev":"_VKtWqby---","_to":"focusAreas/1337379"}}
