{"type":2300,"data":{"_from":"teachers/2479769","_id":"teacherToGroups/2863411","_key":"2863411","_rev":"_VMnaEEa---","_to":"groups/2863406"}}
{"type":2300,"data":{"_from":"teachers/2479769","_id":"teacherToGroups/2857904","_key":"2857904","_rev":"_VMmcefG---","_to":"groups/2857900"}}
{"type":2300,"data":{"_from":"teachers/2479769","_id":"teacherToGroups/2857773","_key":"2857773","_rev":"_VMmbrTO---","_to":"groups/2857769"}}
{"type":2300,"data":{"_from":"teachers/2479769","_id":"teacherToGroups/2845926","_key":"2845926","_rev":"_VMkhIIK---","_to":"groups/2845922"}}
{"type":2300,"data":{"_from":"teachers/2479769","_id":"teacherToGroups/2531436","_key":"2531436","_rev":"_VK1CjFe---","_to":"groups/2531432"}}
{"type":2300,"data":{"_from":"teachers/2479769","_id":"teacherToGroups/2515029","_key":"2515029","_rev":"_VKyL1-u---","_to":"groups/2515024"}}
{"type":2300,"data":{"_from":"teachers/2479769","_id":"teacherToGroups/2506707","_key":"2506707","_rev":"_VKwtYB----","_to":"groups/2506703"}}
{"type":2300,"data":{"_from":"teachers/2479769","_id":"teacherToGroups/2504205","_key":"2504205","_rev":"_VKwSrL----","_to":"groups/2504201"}}
{"type":2300,"data":{"_from":"teachers/2479769","_id":"teacherToGroups/2495784","_key":"2495784","_rev":"_VKu0-uS---","_to":"groups/2495780"}}
{"type":2300,"data":{"_from":"teachers/2479769","_id":"teacherToGroups/2496420","_key":"2496420","_rev":"_VKu5mzO---","_to":"groups/2496416"}}
{"type":2300,"data":{"_from":"teachers/2479769","_id":"teacherToGroups/2863521","_key":"2863521","_rev":"_VMnairO---","_to":"groups/2863516"}}
{"type":2300,"data":{"_from":"teachers/2479769","_id":"teacherToGroups/2531268","_key":"2531268","_rev":"_VK1BEqS---","_to":"groups/2531263"}}
{"type":2300,"data":{"_from":"teachers/2479769","_id":"teacherToGroups/2545583","_key":"2545583","_rev":"_VK3kLO----","_to":"groups/2545578"}}
{"type":2300,"data":{"_from":"teachers/2479769","_id":"teacherToGroups/2481470","_key":"2481470","_rev":"_VKsz9em---","_to":"groups/2481161"}}
{"type":2300,"data":{"_from":"teachers/2479769","_id":"teacherToGroups/2531089","_key":"2531089","_rev":"_VK1_p_6---","_to":"groups/2531084"}}
{"type":2300,"data":{"_from":"teachers/2479769","_id":"teacherToGroups/2481484","_key":"2481484","_rev":"_VKs0ILq---","_to":"groups/2481175"}}
