{"indexes":[],"parameters":{"allowUserKeys":true,"cid":"1271015","count":0,"deleted":false,"doCompact":true,"id":"1271015","indexBuckets":8,"indexes":[{"fields":["_key"],"id":"0","selectivityEstimate":1,"sparse":false,"type":"primary","unique":true}],"isSmart":false,"isSystem":false,"isVolatile":false,"journalSize":33554432,"keyOptions":{"allowUserKeys":true,"lastValue":2479769,"type":"traditional"},"name":"teachers","numberOfShards":1,"planId":"1271015","replicationFactor":1,"shardKeys":["_key"],"shards":{},"status":4,"type":2,"version":6,"waitForSync":false}}