{"type":2300,"data":{"_from":"focusAreas/1337983","_id":"thenFocusOn/2475068","_key":"2475068","_rev":"_VKsL2BG---","_to":"focusAreas/1338091","orderType":"course"}}
{"type":2300,"data":{"_from":"focusAreas/1338089","_id":"thenFocusOn/2474939","_key":"2474939","_rev":"_VKsKqjS---","_to":"focusAreas/1338091","orderType":"course"}}
{"type":2300,"data":{"_from":"focusAreas/1338089","_id":"thenFocusOn/2474717","_key":"2474717","_rev":"_VKsKXHu---","_to":"focusAreas/1338129","orderType":"course"}}
{"type":2300,"data":{"_from":"focusAreas/1337361","_id":"thenFocusOn/1647293","_key":"1647293","_rev":"_VIeoH4S--K","_to":"focusAreas/1337363","orderType":"grade"}}
{"type":2300,"data":{"_from":"focusAreas/1337065","_id":"thenFocusOn/1647287","_key":"1647287","_rev":"_VIeoH4S--H","_to":"focusAreas/1337067","orderType":"grade"}}
{"type":2300,"data":{"_from":"focusAreas/1337835","_id":"thenFocusOn/1647283","_key":"1647283","_rev":"_VIeoH4S--F","_to":"focusAreas/1337837","orderType":"grade"}}
{"type":2300,"data":{"_from":"focusAreas/1337389","_id":"thenFocusOn/1647265","_key":"1647265","_rev":"_VIeoH4O--H","_to":"focusAreas/1337391","orderType":"grade"}}
{"type":2300,"data":{"_from":"focusAreas/1337647","_id":"thenFocusOn/1647259","_key":"1647259","_rev":"_VIeoH4O--E","_to":"focusAreas/1337649","orderType":"grade"}}
{"type":2300,"data":{"_from":"focusAreas/1337679","_id":"thenFocusOn/1647253","_key":"1647253","_rev":"_VIeoH4O--B","_to":"focusAreas/1337681","orderType":"grade"}}
{"type":2300,"data":{"_from":"focusAreas/1337679","_id":"thenFocusOn/1647251","_key":"1647251","_rev":"_VIeoH4O--A","_to":"focusAreas/1337743","orderType":"grade"}}
{"type":2300,"data":{"_from":"focusAreas/1337567","_id":"thenFocusOn/1647245","_key":"1647245","_rev":"_VIeoH4O---","_to":"focusAreas/1337569","orderType":"grade"}}
{"type":2300,"data":{"_from":"focusAreas/1337749","_id":"thenFocusOn/1647181","_key":"1647181","_rev":"_VIenR4K--_","_to":"focusAreas/1337751","orderType":"course"}}
{"type":2300,"data":{"_from":"focusAreas/1338045","_id":"thenFocusOn/1647175","_key":"1647175","_rev":"_VIenR4G--_","_to":"focusAreas/1338047","orderType":"course"}}
{"type":2300,"data":{"_from":"focusAreas/1337915","_id":"thenFocusOn/1647173","_key":"1647173","_rev":"_VIenR4G---","_to":"focusAreas/1337917","orderType":"course"}}
{"type":2300,"data":{"_from":"focusAreas/1338001","_id":"thenFocusOn/1647165","_key":"1647165","_rev":"_VIenR4C---","_to":"focusAreas/1338003","orderType":"course"}}
{"type":2300,"data":{"_from":"focusAreas/1337253","_id":"thenFocusOn/1647161","_key":"1647161","_rev":"_VIenR4----","_to":"focusAreas/1337255","orderType":"course"}}
{"type":2300,"data":{"_from":"focusAreas/1337747","_id":"thenFocusOn/1647159","_key":"1647159","_rev":"_VIenR36--A","_to":"focusAreas/1337749","orderType":"course"}}
{"type":2300,"data":{"_from":"focusAreas/1337507","_id":"thenFocusOn/1647157","_key":"1647157","_rev":"_VIenR36--_","_to":"focusAreas/1337509","orderType":"course"}}
{"type":2300,"data":{"_from":"focusAreas/1337275","_id":"thenFocusOn/1647153","_key":"1647153","_rev":"_VIenR32--A","_to":"focusAreas/1337277","orderType":"course"}}
{"type":2300,"data":{"_from":"focusAreas/1337417","_id":"thenFocusOn/1647147","_key":"1647147","_rev":"_VIenR3y--A","_to":"focusAreas/1337419","orderType":"course"}}
{"type":2300,"data":{"_from":"focusAreas/1337637","_id":"thenFocusOn/1647141","_key":"1647141","_rev":"_VIenR3u--B","_to":"focusAreas/1337639","orderType":"course"}}
{"type":2300,"data":{"_from":"focusAreas/1337337","_id":"thenFocusOn/1647133","_key":"1647133","_rev":"_VIenR3q--A","_to":"focusAreas/1337339","orderType":"course"}}
{"type":2300,"data":{"_from":"focusAreas/1337889","_id":"thenFocusOn/1647127","_key":"1647127","_rev":"_VIenR3m--B","_to":"focusAreas/1337891","orderType":"course"}}
{"type":2300,"data":{"_from":"focusAreas/1337097","_id":"thenFocusOn/1647119","_key":"1647119","_rev":"_VIenR3i--A","_to":"focusAreas/1337099","orderType":"course"}}
{"type":2300,"data":{"_from":"focusAreas/1337681","_id":"thenFocusOn/1647111","_key":"1647111","_rev":"_VIenR3e--A","_to":"focusAreas/1337683","orderType":"course"}}
{"type":2300,"data":{"_from":"focusAreas/1337255","_id":"thenFocusOn/1647103","_key":"1647103","_rev":"_VIenR3a--_","_to":"focusAreas/1337257","orderType":"course"}}
{"type":2300,"data":{"_from":"focusAreas/1337199","_id":"thenFocusOn/1647101","_key":"1647101","_rev":"_VIenR3a---","_to":"focusAreas/1337201","orderType":"course"}}
{"type":2300,"data":{"_from":"focusAreas/1337561","_id":"thenFocusOn/1647155","_key":"1647155","_rev":"_VIenR36---","_to":"focusAreas/1337563","orderType":"course"}}
{"type":2300,"data":{"_from":"focusAreas/1337727","_id":"thenFocusOn/1647099","_key":"1647099","_rev":"_VIenR3W--B","_to":"focusAreas/1337729","orderType":"course"}}
{"type":2300,"data":{"_from":"focusAreas/1337295","_id":"thenFocusOn/1647097","_key":"1647097","_rev":"_VIenR3W--A","_to":"focusAreas/1337297","orderType":"course"}}
{"type":2300,"data":{"_from":"focusAreas/1337659","_id":"thenFocusOn/1647095","_key":"1647095","_rev":"_VIenR3W--_","_to":"focusAreas/1337661","orderType":"course"}}
{"type":2300,"data":{"_from":"focusAreas/1337229","_id":"thenFocusOn/1647093","_key":"1647093","_rev":"_VIenR3W---","_to":"focusAreas/1337231","orderType":"course"}}
{"type":2300,"data":{"_from":"focusAreas/1337067","_id":"thenFocusOn/1647089","_key":"1647089","_rev":"_VIenR3S--A","_to":"focusAreas/1337069","orderType":"course"}}
{"type":2300,"data":{"_from":"focusAreas/1338053","_id":"thenFocusOn/1647085","_key":"1647085","_rev":"_VIenR3S---","_to":"focusAreas/1338055","orderType":"course"}}
{"type":2300,"data":{"_from":"focusAreas/1337377","_id":"thenFocusOn/1647083","_key":"1647083","_rev":"_VIenR3O--_","_to":"focusAreas/1337379","orderType":"course"}}
{"type":2300,"data":{"_from":"focusAreas/1337241","_id":"thenFocusOn/1647079","_key":"1647079","_rev":"_VIenR3K--B","_to":"focusAreas/1337243","orderType":"course"}}
{"type":2300,"data":{"_from":"focusAreas/1337081","_id":"thenFocusOn/1647071","_key":"1647071","_rev":"_VIenR3G--B","_to":"focusAreas/1337083","orderType":"course"}}
{"type":2300,"data":{"_from":"focusAreas/1337381","_id":"thenFocusOn/1647135","_key":"1647135","_rev":"_VIenR3u---","_to":"focusAreas/1337383","orderType":"course"}}
{"type":2300,"data":{"_from":"focusAreas/1337497","_id":"thenFocusOn/1647069","_key":"1647069","_rev":"_VIenR3G--A","_to":"focusAreas/1337499","orderType":"course"}}
{"type":2300,"data":{"_from":"focusAreas/1337419","_id":"thenFocusOn/1647067","_key":"1647067","_rev":"_VIenR3G--_","_to":"focusAreas/1337421","orderType":"course"}}
{"type":2300,"data":{"_from":"focusAreas/1337227","_id":"thenFocusOn/1647065","_key":"1647065","_rev":"_VIenR3G---","_to":"focusAreas/1337229","orderType":"course"}}
{"type":2300,"data":{"_from":"focusAreas/1337509","_id":"thenFocusOn/1647061","_key":"1647061","_rev":"_VIenR3C--_","_to":"focusAreas/1337511","orderType":"course"}}
{"type":2300,"data":{"_from":"focusAreas/1337577","_id":"thenFocusOn/1647059","_key":"1647059","_rev":"_VIenR3C---","_to":"focusAreas/1337579","orderType":"course"}}
{"type":2300,"data":{"_from":"focusAreas/1337677","_id":"thenFocusOn/1647055","_key":"1647055","_rev":"_VIenR3---_","_to":"focusAreas/1337679","orderType":"course"}}
{"type":2300,"data":{"_from":"focusAreas/1337875","_id":"thenFocusOn/1647045","_key":"1647045","_rev":"_VIenR22--A","_to":"focusAreas/1337877","orderType":"course"}}
{"type":2300,"data":{"_from":"focusAreas/1337811","_id":"thenFocusOn/1647263","_key":"1647263","_rev":"_VIeoH4O--G","_to":"focusAreas/1337813","orderType":"grade"}}
{"type":2300,"data":{"_from":"focusAreas/1337409","_id":"thenFocusOn/1647043","_key":"1647043","_rev":"_VIenR22--_","_to":"focusAreas/1337411","orderType":"course"}}
{"type":2300,"data":{"_from":"focusAreas/1337883","_id":"thenFocusOn/1647039","_key":"1647039","_rev":"_VIenR2y--A","_to":"focusAreas/1337885","orderType":"course"}}
{"type":2300,"data":{"_from":"focusAreas/1337433","_id":"thenFocusOn/1647035","_key":"1647035","_rev":"_VIenR2y---","_to":"focusAreas/1337435","orderType":"course"}}
{"type":2300,"data":{"_from":"focusAreas/1337697","_id":"thenFocusOn/1647033","_key":"1647033","_rev":"_VIenR2u--B","_to":"focusAreas/1337699","orderType":"course"}}
{"type":2300,"data":{"_from":"focusAreas/1337999","_id":"thenFocusOn/1647031","_key":"1647031","_rev":"_VIenR2u--A","_to":"focusAreas/1338001","orderType":"course"}}
{"type":2300,"data":{"_from":"focusAreas/1338075","_id":"thenFocusOn/1647027","_key":"1647027","_rev":"_VIenR2u---","_to":"focusAreas/1338077","orderType":"course"}}
{"type":2300,"data":{"_from":"focusAreas/1337247","_id":"thenFocusOn/1647291","_key":"1647291","_rev":"_VIeoH4S--J","_to":"focusAreas/1337249","orderType":"grade"}}
{"type":2300,"data":{"_from":"focusAreas/1337887","_id":"thenFocusOn/1647021","_key":"1647021","_rev":"_VIenR2q---","_to":"focusAreas/1337889","orderType":"course"}}
{"type":2300,"data":{"_from":"focusAreas/1337171","_id":"thenFocusOn/1647019","_key":"1647019","_rev":"_VIenR2m--A","_to":"focusAreas/1337173","orderType":"course"}}
{"type":2300,"data":{"_from":"focusAreas/1337609","_id":"thenFocusOn/1647017","_key":"1647017","_rev":"_VIenR2m--_","_to":"focusAreas/1337611","orderType":"course"}}
{"type":2300,"data":{"_from":"focusAreas/1337421","_id":"thenFocusOn/1647013","_key":"1647013","_rev":"_VIenR2i--A","_to":"focusAreas/1337423","orderType":"course"}}
{"type":2300,"data":{"_from":"focusAreas/1338143","_id":"thenFocusOn/1647001","_key":"1647001","_rev":"_VIenR2a--A","_to":"focusAreas/1338145","orderType":"course"}}
{"type":2300,"data":{"_from":"focusAreas/1337761","_id":"thenFocusOn/1646999","_key":"1646999","_rev":"_VIenR2a--_","_to":"focusAreas/1337763","orderType":"course"}}
{"type":2300,"data":{"_from":"focusAreas/1337367","_id":"thenFocusOn/1646997","_key":"1646997","_rev":"_VIenR2a---","_to":"focusAreas/1337369","orderType":"course"}}
{"type":2300,"data":{"_from":"focusAreas/1337657","_id":"thenFocusOn/1646995","_key":"1646995","_rev":"_VIenR2W--A","_to":"focusAreas/1337659","orderType":"course"}}
{"type":2300,"data":{"_from":"focusAreas/1337565","_id":"thenFocusOn/1646991","_key":"1646991","_rev":"_VIenR2W---","_to":"focusAreas/1337567","orderType":"course"}}
{"type":2300,"data":{"_from":"focusAreas/1337691","_id":"thenFocusOn/1646985","_key":"1646985","_rev":"_VIenR2S---","_to":"focusAreas/1337693","orderType":"course"}}
{"type":2300,"data":{"_from":"focusAreas/1337979","_id":"thenFocusOn/1646983","_key":"1646983","_rev":"_VIenR2O--B","_to":"focusAreas/1337981","orderType":"course"}}
{"type":2300,"data":{"_from":"focusAreas/1337069","_id":"thenFocusOn/1646979","_key":"1646979","_rev":"_VIenR2O--_","_to":"focusAreas/1337071","orderType":"course"}}
{"type":2300,"data":{"_from":"focusAreas/1337197","_id":"thenFocusOn/1646977","_key":"1646977","_rev":"_VIenR2O---","_to":"focusAreas/1337199","orderType":"course"}}
{"type":2300,"data":{"_from":"focusAreas/1337221","_id":"thenFocusOn/1646975","_key":"1646975","_rev":"_VIenR2K--A","_to":"focusAreas/1337223","orderType":"course"}}
{"type":2300,"data":{"_from":"focusAreas/1337655","_id":"thenFocusOn/1646971","_key":"1646971","_rev":"_VIenR2K---","_to":"focusAreas/1337657","orderType":"course"}}
{"type":2300,"data":{"_from":"focusAreas/1337969","_id":"thenFocusOn/1646967","_key":"1646967","_rev":"_VIenR2G--A","_to":"focusAreas/1337971","orderType":"course"}}
{"type":2300,"data":{"_from":"focusAreas/1337287","_id":"thenFocusOn/1646963","_key":"1646963","_rev":"_VIenR2G---","_to":"focusAreas/1337289","orderType":"course"}}
{"type":2300,"data":{"_from":"focusAreas/1337469","_id":"thenFocusOn/1646959","_key":"1646959","_rev":"_VIenR2C--_","_to":"focusAreas/1337471","orderType":"course"}}
{"type":2300,"data":{"_from":"focusAreas/1337857","_id":"thenFocusOn/1646957","_key":"1646957","_rev":"_VIenR2C---","_to":"focusAreas/1337859","orderType":"course"}}
{"type":2300,"data":{"_from":"focusAreas/1337831","_id":"thenFocusOn/1647047","_key":"1647047","_rev":"_VIenR26---","_to":"focusAreas/1337833","orderType":"course"}}
{"type":2300,"data":{"_from":"focusAreas/1337211","_id":"thenFocusOn/1646949","_key":"1646949","_rev":"_VIenR2----","_to":"focusAreas/1337213","orderType":"course"}}
{"type":2300,"data":{"_from":"focusAreas/1337457","_id":"thenFocusOn/1646947","_key":"1646947","_rev":"_VIenR16--A","_to":"focusAreas/1337459","orderType":"course"}}
{"type":2300,"data":{"_from":"focusAreas/1337779","_id":"thenFocusOn/1646945","_key":"1646945","_rev":"_VIenR16--_","_to":"focusAreas/1337781","orderType":"course"}}
{"type":2300,"data":{"_from":"focusAreas/1337263","_id":"thenFocusOn/1646941","_key":"1646941","_rev":"_VIenR12--B","_to":"focusAreas/1337265","orderType":"course"}}
{"type":2300,"data":{"_from":"focusAreas/1337169","_id":"thenFocusOn/1646939","_key":"1646939","_rev":"_VIenR12--A","_to":"focusAreas/1337171","orderType":"course"}}
{"type":2300,"data":{"_from":"focusAreas/1337771","_id":"thenFocusOn/1646937","_key":"1646937","_rev":"_VIenR12--_","_to":"focusAreas/1337773","orderType":"course"}}
{"type":2300,"data":{"_from":"focusAreas/1337329","_id":"thenFocusOn/1647261","_key":"1647261","_rev":"_VIeoH4O--F","_to":"focusAreas/1337331","orderType":"grade"}}
{"type":2300,"data":{"_from":"focusAreas/1337641","_id":"thenFocusOn/1646929","_key":"1646929","_rev":"_VIenR1y---","_to":"focusAreas/1337643","orderType":"course"}}
{"type":2300,"data":{"_from":"focusAreas/1337531","_id":"thenFocusOn/1646927","_key":"1646927","_rev":"_VIenR1u--A","_to":"focusAreas/1337533","orderType":"course"}}
{"type":2300,"data":{"_from":"focusAreas/1338069","_id":"thenFocusOn/1646923","_key":"1646923","_rev":"_VIenR1u---","_to":"focusAreas/1338071","orderType":"course"}}
{"type":2300,"data":{"_from":"focusAreas/1337719","_id":"thenFocusOn/1646921","_key":"1646921","_rev":"_VIenR1q--A","_to":"focusAreas/1337721","orderType":"course"}}
{"type":2300,"data":{"_from":"focusAreas/1337573","_id":"thenFocusOn/1647011","_key":"1647011","_rev":"_VIenR2i--_","_to":"focusAreas/1337575","orderType":"course"}}
{"type":2300,"data":{"_from":"focusAreas/1337803","_id":"thenFocusOn/1646917","_key":"1646917","_rev":"_VIenR1q---","_to":"focusAreas/1337805","orderType":"course"}}
{"type":2300,"data":{"_from":"focusAreas/1337787","_id":"thenFocusOn/1647107","_key":"1647107","_rev":"_VIenR3e---","_to":"focusAreas/1337789","orderType":"course"}}
{"type":2300,"data":{"_from":"focusAreas/1337441","_id":"thenFocusOn/1646909","_key":"1646909","_rev":"_VIenR1i--B","_to":"focusAreas/1337443","orderType":"course"}}
{"type":2300,"data":{"_from":"focusAreas/1337841","_id":"thenFocusOn/1646907","_key":"1646907","_rev":"_VIenR1i--A","_to":"focusAreas/1337843","orderType":"course"}}
{"type":2300,"data":{"_from":"focusAreas/1337061","_id":"thenFocusOn/1646905","_key":"1646905","_rev":"_VIenR1i--_","_to":"focusAreas/1337063","orderType":"course"}}
{"type":2300,"data":{"_from":"focusAreas/1337731","_id":"thenFocusOn/1646901","_key":"1646901","_rev":"_VIenR1e--A","_to":"focusAreas/1337733","orderType":"course"}}
{"type":2300,"data":{"_from":"focusAreas/1337077","_id":"thenFocusOn/1646897","_key":"1646897","_rev":"_VIenR1e---","_to":"focusAreas/1337079","orderType":"course"}}
{"type":2300,"data":{"_from":"focusAreas/1337947","_id":"thenFocusOn/1646895","_key":"1646895","_rev":"_VIenR1a--B","_to":"focusAreas/1337949","orderType":"course"}}
{"type":2300,"data":{"_from":"focusAreas/1337703","_id":"thenFocusOn/1646891","_key":"1646891","_rev":"_VIenR1a--_","_to":"focusAreas/1337705","orderType":"course"}}
{"type":2300,"data":{"_from":"focusAreas/1337219","_id":"thenFocusOn/1646889","_key":"1646889","_rev":"_VIenR1a---","_to":"focusAreas/1337221","orderType":"course"}}
{"type":2300,"data":{"_from":"focusAreas/1337365","_id":"thenFocusOn/1646883","_key":"1646883","_rev":"_VIenR1W---","_to":"focusAreas/1337367","orderType":"course"}}
{"type":2300,"data":{"_from":"focusAreas/1337553","_id":"thenFocusOn/1646881","_key":"1646881","_rev":"_VIenR1S--B","_to":"focusAreas/1337555","orderType":"course"}}
{"type":2300,"data":{"_from":"focusAreas/1337155","_id":"thenFocusOn/1646877","_key":"1646877","_rev":"_VIenR1S--_","_to":"focusAreas/1337157","orderType":"course"}}
{"type":2300,"data":{"_from":"focusAreas/1337587","_id":"thenFocusOn/1646873","_key":"1646873","_rev":"_VIenR1O--A","_to":"focusAreas/1337589","orderType":"course"}}
{"type":2300,"data":{"_from":"focusAreas/1337557","_id":"thenFocusOn/1646867","_key":"1646867","_rev":"_VIenR1K--A","_to":"focusAreas/1337559","orderType":"course"}}
{"type":2300,"data":{"_from":"focusAreas/1337793","_id":"thenFocusOn/1646865","_key":"1646865","_rev":"_VIenR1K--_","_to":"focusAreas/1337795","orderType":"course"}}
{"type":2300,"data":{"_from":"focusAreas/1337039","_id":"thenFocusOn/1646851","_key":"1646851","_rev":"_VIenR1C--_","_to":"focusAreas/1337041","orderType":"course"}}
{"type":2300,"data":{"_from":"focusAreas/1337045","_id":"thenFocusOn/1646849","_key":"1646849","_rev":"_VIenR1C---","_to":"focusAreas/1337047","orderType":"course"}}
{"type":2300,"data":{"_from":"focusAreas/1338151","_id":"thenFocusOn/1646847","_key":"1646847","_rev":"_VIenR1---B","_to":"focusAreas/1338153","orderType":"course"}}
{"type":2300,"data":{"_from":"focusAreas/1337973","_id":"thenFocusOn/1646845","_key":"1646845","_rev":"_VIenR1---A","_to":"focusAreas/1337975","orderType":"course"}}
{"type":2300,"data":{"_from":"focusAreas/1337997","_id":"thenFocusOn/1646841","_key":"1646841","_rev":"_VIenR1----","_to":"focusAreas/1337999","orderType":"course"}}
{"type":2300,"data":{"_from":"focusAreas/1338119","_id":"thenFocusOn/1646839","_key":"1646839","_rev":"_VIenR06--A","_to":"focusAreas/1338121","orderType":"course"}}
{"type":2300,"data":{"_from":"focusAreas/1337187","_id":"thenFocusOn/1646835","_key":"1646835","_rev":"_VIenR06---","_to":"focusAreas/1337189","orderType":"course"}}
{"type":2300,"data":{"_from":"focusAreas/1338017","_id":"thenFocusOn/2474491","_key":"2474491","_rev":"_VKsIL6y---","_to":"focusAreas/1338019","orderType":"course"}}
{"type":2300,"data":{"_from":"focusAreas/1337339","_id":"thenFocusOn/1646833","_key":"1646833","_rev":"_VIenR02--B","_to":"focusAreas/1337341","orderType":"course"}}
{"type":2300,"data":{"_from":"focusAreas/1337341","_id":"thenFocusOn/1646831","_key":"1646831","_rev":"_VIenR02--A","_to":"focusAreas/1337343","orderType":"course"}}
{"type":2300,"data":{"_from":"focusAreas/1337643","_id":"thenFocusOn/1646829","_key":"1646829","_rev":"_VIenR02--_","_to":"focusAreas/1337645","orderType":"course"}}
{"type":2300,"data":{"_from":"focusAreas/1337475","_id":"thenFocusOn/1646827","_key":"1646827","_rev":"_VIenR02---","_to":"focusAreas/1337477","orderType":"course"}}
{"type":2300,"data":{"_from":"focusAreas/1337145","_id":"thenFocusOn/1646819","_key":"1646819","_rev":"_VIenR0u--A","_to":"focusAreas/1337147","orderType":"course"}}
{"type":2300,"data":{"_from":"focusAreas/1338147","_id":"thenFocusOn/1646817","_key":"1646817","_rev":"_VIenR0u--_","_to":"focusAreas/1338149","orderType":"course"}}
{"type":2300,"data":{"_from":"focusAreas/1337323","_id":"thenFocusOn/1646813","_key":"1646813","_rev":"_VIenR0q--A","_to":"focusAreas/1337325","orderType":"course"}}
{"type":2300,"data":{"_from":"focusAreas/1337209","_id":"thenFocusOn/1646809","_key":"1646809","_rev":"_VIenR0q---","_to":"focusAreas/1337211","orderType":"course"}}
{"type":2300,"data":{"_from":"focusAreas/1337823","_id":"thenFocusOn/1646807","_key":"1646807","_rev":"_VIenR0m--B","_to":"focusAreas/1337825","orderType":"course"}}
{"type":2300,"data":{"_from":"focusAreas/1337985","_id":"thenFocusOn/1646805","_key":"1646805","_rev":"_VIenR0m--A","_to":"focusAreas/1337987","orderType":"course"}}
{"type":2300,"data":{"_from":"focusAreas/1337651","_id":"thenFocusOn/1646803","_key":"1646803","_rev":"_VIenR0m--_","_to":"focusAreas/1337653","orderType":"course"}}
{"type":2300,"data":{"_from":"focusAreas/1337267","_id":"thenFocusOn/1646801","_key":"1646801","_rev":"_VIenR0m---","_to":"focusAreas/1337269","orderType":"course"}}
{"type":2300,"data":{"_from":"focusAreas/1337625","_id":"thenFocusOn/1646799","_key":"1646799","_rev":"_VIenR0i--A","_to":"focusAreas/1337627","orderType":"course"}}
{"type":2300,"data":{"_from":"focusAreas/1337523","_id":"thenFocusOn/1647007","_key":"1647007","_rev":"_VIenR2e--A","_to":"focusAreas/1337525","orderType":"course"}}
{"type":2300,"data":{"_from":"focusAreas/1337405","_id":"thenFocusOn/1646797","_key":"1646797","_rev":"_VIenR0i--_","_to":"focusAreas/1337407","orderType":"course"}}
{"type":2300,"data":{"_from":"focusAreas/1337743","_id":"thenFocusOn/1646795","_key":"1646795","_rev":"_VIenR0i---","_to":"focusAreas/1337745","orderType":"course"}}
{"type":2300,"data":{"_from":"focusAreas/1337683","_id":"thenFocusOn/1646791","_key":"1646791","_rev":"_VIenR0e--A","_to":"focusAreas/1337685","orderType":"course"}}
{"type":2300,"data":{"_from":"focusAreas/1337103","_id":"thenFocusOn/1646789","_key":"1646789","_rev":"_VIenR0e--_","_to":"focusAreas/1337105","orderType":"course"}}
{"type":2300,"data":{"_from":"focusAreas/1337385","_id":"thenFocusOn/1646785","_key":"1646785","_rev":"_VIenR0a--A","_to":"focusAreas/1337387","orderType":"course"}}
{"type":2300,"data":{"_from":"focusAreas/1338083","_id":"thenFocusOn/1646781","_key":"1646781","_rev":"_VIenR0a---","_to":"focusAreas/1338085","orderType":"course"}}
{"type":2300,"data":{"_from":"focusAreas/1338049","_id":"thenFocusOn/1646825","_key":"1646825","_rev":"_VIenR0y--A","_to":"focusAreas/1338051","orderType":"course"}}
{"type":2300,"data":{"_from":"focusAreas/1337791","_id":"thenFocusOn/1646779","_key":"1646779","_rev":"_VIenR0W--A","_to":"focusAreas/1337793","orderType":"course"}}
{"type":2300,"data":{"_from":"focusAreas/1337617","_id":"thenFocusOn/1646775","_key":"1646775","_rev":"_VIenR0W---","_to":"focusAreas/1337619","orderType":"course"}}
{"type":2300,"data":{"_from":"focusAreas/1337595","_id":"thenFocusOn/1646773","_key":"1646773","_rev":"_VIenR0S--B","_to":"focusAreas/1337597","orderType":"course"}}
{"type":2300,"data":{"_from":"focusAreas/1337513","_id":"thenFocusOn/1646933","_key":"1646933","_rev":"_VIenR1y--A","_to":"focusAreas/1337515","orderType":"course"}}
{"type":2300,"data":{"_from":"focusAreas/1338149","_id":"thenFocusOn/1646771","_key":"1646771","_rev":"_VIenR0S--A","_to":"focusAreas/1338151","orderType":"course"}}
{"type":2300,"data":{"_from":"focusAreas/1337757","_id":"thenFocusOn/1646765","_key":"1646765","_rev":"_VIenR0O--A","_to":"focusAreas/1337759","orderType":"course"}}
{"type":2300,"data":{"_from":"focusAreas/1337395","_id":"thenFocusOn/1646763","_key":"1646763","_rev":"_VIenR0O--_","_to":"focusAreas/1337397","orderType":"course"}}
{"type":2300,"data":{"_from":"focusAreas/1337499","_id":"thenFocusOn/1646759","_key":"1646759","_rev":"_VIenR0K--B","_to":"focusAreas/1337501","orderType":"course"}}
{"type":2300,"data":{"_from":"focusAreas/1337205","_id":"thenFocusOn/1646757","_key":"1646757","_rev":"_VIenR0K--A","_to":"focusAreas/1337207","orderType":"course"}}
{"type":2300,"data":{"_from":"focusAreas/1337919","_id":"thenFocusOn/1646755","_key":"1646755","_rev":"_VIenR0K--_","_to":"focusAreas/1337921","orderType":"course"}}
{"type":2300,"data":{"_from":"focusAreas/1337667","_id":"thenFocusOn/1646753","_key":"1646753","_rev":"_VIenR0K---","_to":"focusAreas/1337669","orderType":"course"}}
{"type":2300,"data":{"_from":"focusAreas/1337129","_id":"thenFocusOn/1646751","_key":"1646751","_rev":"_VIenR0G--_","_to":"focusAreas/1337131","orderType":"course"}}
{"type":2300,"data":{"_from":"focusAreas/1337105","_id":"thenFocusOn/1646749","_key":"1646749","_rev":"_VIenR0G---","_to":"focusAreas/1337107","orderType":"course"}}
{"type":2300,"data":{"_from":"focusAreas/1337663","_id":"thenFocusOn/1646745","_key":"1646745","_rev":"_VIenR0C--A","_to":"focusAreas/1337665","orderType":"course"}}
{"type":2300,"data":{"_from":"focusAreas/1338099","_id":"thenFocusOn/1647167","_key":"1647167","_rev":"_VIenR4C--_","_to":"focusAreas/1338101","orderType":"course"}}
{"type":2300,"data":{"_from":"focusAreas/1337115","_id":"thenFocusOn/1646743","_key":"1646743","_rev":"_VIenR0C--_","_to":"focusAreas/1337117","orderType":"course"}}
{"type":2300,"data":{"_from":"focusAreas/1338097","_id":"thenFocusOn/1646739","_key":"1646739","_rev":"_VIenR0---B","_to":"focusAreas/1338099","orderType":"course"}}
{"type":2300,"data":{"_from":"focusAreas/1337755","_id":"thenFocusOn/1646737","_key":"1646737","_rev":"_VIenR0---A","_to":"focusAreas/1337757","orderType":"course"}}
{"type":2300,"data":{"_from":"focusAreas/1337905","_id":"thenFocusOn/1646731","_key":"1646731","_rev":"_VIenRz6--_","_to":"focusAreas/1337907","orderType":"course"}}
{"type":2300,"data":{"_from":"focusAreas/1337893","_id":"thenFocusOn/1646729","_key":"1646729","_rev":"_VIenRz6---","_to":"focusAreas/1337895","orderType":"course"}}
{"type":2300,"data":{"_from":"focusAreas/1337783","_id":"thenFocusOn/1646723","_key":"1646723","_rev":"_VIenRz2---","_to":"focusAreas/1337785","orderType":"course"}}
{"type":2300,"data":{"_from":"focusAreas/1337159","_id":"thenFocusOn/1646721","_key":"1646721","_rev":"_VIenRzy--B","_to":"focusAreas/1337161","orderType":"course"}}
{"type":2300,"data":{"_from":"focusAreas/1337851","_id":"thenFocusOn/1646719","_key":"1646719","_rev":"_VIenRzy--A","_to":"focusAreas/1337853","orderType":"course"}}
{"type":2300,"data":{"_from":"focusAreas/1337277","_id":"thenFocusOn/1646875","_key":"1646875","_rev":"_VIenR1S---","_to":"focusAreas/1337279","orderType":"course"}}
{"type":2300,"data":{"_from":"focusAreas/1337333","_id":"thenFocusOn/1646717","_key":"1646717","_rev":"_VIenRzy--_","_to":"focusAreas/1337335","orderType":"course"}}
{"type":2300,"data":{"_from":"focusAreas/1337537","_id":"thenFocusOn/1646715","_key":"1646715","_rev":"_VIenRzy---","_to":"focusAreas/1337539","orderType":"course"}}
{"type":2300,"data":{"_from":"focusAreas/1337951","_id":"thenFocusOn/1646707","_key":"1646707","_rev":"_VIenRzq--B","_to":"focusAreas/1337953","orderType":"course"}}
{"type":2300,"data":{"_from":"focusAreas/1337349","_id":"thenFocusOn/1646703","_key":"1646703","_rev":"_VIenRzq--_","_to":"focusAreas/1337351","orderType":"course"}}
{"type":2300,"data":{"_from":"focusAreas/1337705","_id":"thenFocusOn/1646701","_key":"1646701","_rev":"_VIenRzq---","_to":"focusAreas/1337707","orderType":"course"}}
{"type":2300,"data":{"_from":"focusAreas/1337837","_id":"thenFocusOn/1646699","_key":"1646699","_rev":"_VIenRzm--A","_to":"focusAreas/1337839","orderType":"course"}}
{"type":2300,"data":{"_from":"focusAreas/1337463","_id":"thenFocusOn/1646693","_key":"1646693","_rev":"_VIenRzi--A","_to":"focusAreas/1337465","orderType":"course"}}
{"type":2300,"data":{"_from":"focusAreas/1338161","_id":"thenFocusOn/1646691","_key":"1646691","_rev":"_VIenRzi--_","_to":"focusAreas/1338163","orderType":"course"}}
{"type":2300,"data":{"_from":"focusAreas/1337447","_id":"thenFocusOn/1646683","_key":"1646683","_rev":"_VIenRze---","_to":"focusAreas/1337449","orderType":"course"}}
{"type":2300,"data":{"_from":"focusAreas/1337037","_id":"thenFocusOn/1646681","_key":"1646681","_rev":"_VIenRza--B","_to":"focusAreas/1337039","orderType":"course"}}
{"type":2300,"data":{"_from":"focusAreas/1337943","_id":"thenFocusOn/1646679","_key":"1646679","_rev":"_VIenRza--A","_to":"focusAreas/1337945","orderType":"course"}}
{"type":2300,"data":{"_from":"focusAreas/1337135","_id":"thenFocusOn/1646673","_key":"1646673","_rev":"_VIenRzW--A","_to":"focusAreas/1337137","orderType":"course"}}
{"type":2300,"data":{"_from":"focusAreas/1337729","_id":"thenFocusOn/1646669","_key":"1646669","_rev":"_VIenRzW---","_to":"focusAreas/1337731","orderType":"course"}}
{"type":2300,"data":{"_from":"focusAreas/1338047","_id":"thenFocusOn/1646665","_key":"1646665","_rev":"_VIenRyO---","_to":"focusAreas/1338049","orderType":"course"}}
{"type":2300,"data":{"_from":"focusAreas/1337611","_id":"thenFocusOn/1646955","_key":"1646955","_rev":"_VIenR2---B","_to":"focusAreas/1337613","orderType":"course"}}
{"type":2300,"data":{"_from":"focusAreas/1337615","_id":"thenFocusOn/1646661","_key":"1646661","_rev":"_VIenRyK--_","_to":"focusAreas/1337617","orderType":"course"}}
{"type":2300,"data":{"_from":"focusAreas/1337801","_id":"thenFocusOn/1647063","_key":"1647063","_rev":"_VIenR3C--A","_to":"focusAreas/1337803","orderType":"course"}}
{"type":2300,"data":{"_from":"focusAreas/1337665","_id":"thenFocusOn/1646657","_key":"1646657","_rev":"_VIenRyG--B","_to":"focusAreas/1337667","orderType":"course"}}
{"type":2300,"data":{"_from":"focusAreas/1337685","_id":"thenFocusOn/1646653","_key":"1646653","_rev":"_VIenRyG--_","_to":"focusAreas/1337687","orderType":"course"}}
{"type":2300,"data":{"_from":"focusAreas/1337541","_id":"thenFocusOn/1646651","_key":"1646651","_rev":"_VIenRyG---","_to":"focusAreas/1337543","orderType":"course"}}
{"type":2300,"data":{"_from":"focusAreas/1337503","_id":"thenFocusOn/1646649","_key":"1646649","_rev":"_VIenRyC--A","_to":"focusAreas/1337505","orderType":"course"}}
{"type":2300,"data":{"_from":"focusAreas/1338013","_id":"thenFocusOn/1646647","_key":"1646647","_rev":"_VIenRyC--_","_to":"focusAreas/1338015","orderType":"course"}}
{"type":2300,"data":{"_from":"focusAreas/1337861","_id":"thenFocusOn/1646645","_key":"1646645","_rev":"_VIenRyC---","_to":"focusAreas/1337863","orderType":"course"}}
{"type":2300,"data":{"_from":"focusAreas/1337213","_id":"thenFocusOn/1646643","_key":"1646643","_rev":"_VIenRy---_","_to":"focusAreas/1337215","orderType":"course"}}
{"type":2300,"data":{"_from":"focusAreas/1337435","_id":"thenFocusOn/1646641","_key":"1646641","_rev":"_VIenRy----","_to":"focusAreas/1337437","orderType":"course"}}
{"type":2300,"data":{"_from":"focusAreas/1337387","_id":"thenFocusOn/1647009","_key":"1647009","_rev":"_VIenR2i---","_to":"focusAreas/1337389","orderType":"course"}}
{"type":2300,"data":{"_from":"focusAreas/1337131","_id":"thenFocusOn/1646637","_key":"1646637","_rev":"_VIenRx6--_","_to":"focusAreas/1337133","orderType":"course"}}
{"type":2300,"data":{"_from":"focusAreas/1337605","_id":"thenFocusOn/1646635","_key":"1646635","_rev":"_VIenRx6---","_to":"focusAreas/1337607","orderType":"course"}}
{"type":2300,"data":{"_from":"focusAreas/1337051","_id":"thenFocusOn/1647163","_key":"1647163","_rev":"_VIenR4---_","_to":"focusAreas/1337053","orderType":"course"}}
{"type":2300,"data":{"_from":"focusAreas/1337673","_id":"thenFocusOn/1646621","_key":"1646621","_rev":"_VIenRxy---","_to":"focusAreas/1337675","orderType":"course"}}
{"type":2300,"data":{"_from":"focusAreas/1337343","_id":"thenFocusOn/1646619","_key":"1646619","_rev":"_VIenRxu--A","_to":"focusAreas/1337345","orderType":"course"}}
{"type":2300,"data":{"_from":"focusAreas/1337319","_id":"thenFocusOn/1646617","_key":"1646617","_rev":"_VIenRxu--_","_to":"focusAreas/1337321","orderType":"course"}}
{"type":2300,"data":{"_from":"focusAreas/1338163","_id":"thenFocusOn/1646611","_key":"1646611","_rev":"_VIenRxq--A","_to":"focusAreas/1338165","orderType":"course"}}
{"type":2300,"data":{"_from":"focusAreas/1337431","_id":"thenFocusOn/1646603","_key":"1646603","_rev":"_VIenRxm--_","_to":"focusAreas/1337433","orderType":"course"}}
{"type":2300,"data":{"_from":"focusAreas/1337357","_id":"thenFocusOn/1646599","_key":"1646599","_rev":"_VIenRxi--B","_to":"focusAreas/1337359","orderType":"course"}}
{"type":2300,"data":{"_from":"focusAreas/1337859","_id":"thenFocusOn/1646595","_key":"1646595","_rev":"_VIenRxi--_","_to":"focusAreas/1337861","orderType":"course"}}
{"type":2300,"data":{"_from":"focusAreas/1337157","_id":"thenFocusOn/1646593","_key":"1646593","_rev":"_VIenRxi---","_to":"focusAreas/1337159","orderType":"course"}}
{"type":2300,"data":{"_from":"focusAreas/1337459","_id":"thenFocusOn/1646787","_key":"1646787","_rev":"_VIenR0e---","_to":"focusAreas/1337461","orderType":"course"}}
{"type":2300,"data":{"_from":"focusAreas/1337047","_id":"thenFocusOn/1646591","_key":"1646591","_rev":"_VIenRxe--_","_to":"focusAreas/1337049","orderType":"course"}}
{"type":2300,"data":{"_from":"focusAreas/1337909","_id":"thenFocusOn/1646589","_key":"1646589","_rev":"_VIenRxe---","_to":"focusAreas/1337911","orderType":"course"}}
{"type":2300,"data":{"_from":"focusAreas/1337795","_id":"thenFocusOn/1647183","_key":"1647183","_rev":"_VIenR4K--A","_to":"focusAreas/1337797","orderType":"course"}}
{"type":2300,"data":{"_from":"focusAreas/1338027","_id":"thenFocusOn/1646587","_key":"1646587","_rev":"_VIenRxa--A","_to":"focusAreas/1338029","orderType":"course"}}
{"type":2300,"data":{"_from":"focusAreas/1337325","_id":"thenFocusOn/1646583","_key":"1646583","_rev":"_VIenRxa---","_to":"focusAreas/1337327","orderType":"course"}}
{"type":2300,"data":{"_from":"focusAreas/1337571","_id":"thenFocusOn/1646581","_key":"1646581","_rev":"_VIenRxW--B","_to":"focusAreas/1337573","orderType":"course"}}
{"type":2300,"data":{"_from":"focusAreas/1337515","_id":"thenFocusOn/1646577","_key":"1646577","_rev":"_VIenRxW--_","_to":"focusAreas/1337517","orderType":"course"}}
{"type":2300,"data":{"_from":"focusAreas/1337167","_id":"thenFocusOn/1646575","_key":"1646575","_rev":"_VIenRxW---","_to":"focusAreas/1337169","orderType":"course"}}
{"type":2300,"data":{"_from":"focusAreas/1337775","_id":"thenFocusOn/1646695","_key":"1646695","_rev":"_VIenRzm---","_to":"focusAreas/1337777","orderType":"course"}}
{"type":2300,"data":{"_from":"focusAreas/1337347","_id":"thenFocusOn/1646573","_key":"1646573","_rev":"_VIenRxS--A","_to":"focusAreas/1337349","orderType":"course"}}
{"type":2300,"data":{"_from":"focusAreas/1337933","_id":"thenFocusOn/1646169","_key":"1646169","_rev":"_VIenRti--_","_to":"focusAreas/1337935","orderType":"course"}}
{"type":2300,"data":{"_from":"focusAreas/1337593","_id":"thenFocusOn/1646571","_key":"1646571","_rev":"_VIenRxS--_","_to":"focusAreas/1337595","orderType":"course"}}
{"type":2300,"data":{"_from":"focusAreas/1337471","_id":"thenFocusOn/1646569","_key":"1646569","_rev":"_VIenRxS---","_to":"focusAreas/1337473","orderType":"course"}}
{"type":2300,"data":{"_from":"focusAreas/1337473","_id":"thenFocusOn/1646565","_key":"1646565","_rev":"_VIenRxO--_","_to":"focusAreas/1337475","orderType":"course"}}
{"type":2300,"data":{"_from":"focusAreas/1338033","_id":"thenFocusOn/1646561","_key":"1646561","_rev":"_VIenRxK--B","_to":"focusAreas/1338035","orderType":"course"}}
{"type":2300,"data":{"_from":"focusAreas/1337849","_id":"thenFocusOn/1646559","_key":"1646559","_rev":"_VIenRxK--A","_to":"focusAreas/1337851","orderType":"course"}}
{"type":2300,"data":{"_from":"focusAreas/1337195","_id":"thenFocusOn/1646555","_key":"1646555","_rev":"_VIenRxK---","_to":"focusAreas/1337197","orderType":"course"}}
{"type":2300,"data":{"_from":"focusAreas/1337961","_id":"thenFocusOn/1646551","_key":"1646551","_rev":"_VIenRxG--A","_to":"focusAreas/1337963","orderType":"course"}}
{"type":2300,"data":{"_from":"focusAreas/1337269","_id":"thenFocusOn/1647037","_key":"1647037","_rev":"_VIenR2y--_","_to":"focusAreas/1337271","orderType":"course"}}
{"type":2300,"data":{"_from":"focusAreas/1337723","_id":"thenFocusOn/1646549","_key":"1646549","_rev":"_VIenRxG--_","_to":"focusAreas/1337725","orderType":"course"}}
{"type":2300,"data":{"_from":"focusAreas/1338041","_id":"thenFocusOn/1646545","_key":"1646545","_rev":"_VIenRxC--A","_to":"focusAreas/1338043","orderType":"course"}}
{"type":2300,"data":{"_from":"focusAreas/1338055","_id":"thenFocusOn/1646543","_key":"1646543","_rev":"_VIenRxC--_","_to":"focusAreas/1338057","orderType":"course"}}
{"type":2300,"data":{"_from":"focusAreas/1337845","_id":"thenFocusOn/1646529","_key":"1646529","_rev":"_VIenRw6--_","_to":"focusAreas/1337847","orderType":"course"}}
{"type":2300,"data":{"_from":"focusAreas/1337711","_id":"thenFocusOn/1646521","_key":"1646521","_rev":"_VIenRw2---","_to":"focusAreas/1337713","orderType":"course"}}
{"type":2300,"data":{"_from":"focusAreas/1337963","_id":"thenFocusOn/1646397","_key":"1646397","_rev":"_VIenRvq--A","_to":"focusAreas/1337965","orderType":"course"}}
{"type":2300,"data":{"_from":"focusAreas/1337879","_id":"thenFocusOn/1646515","_key":"1646515","_rev":"_VIenRwy--_","_to":"focusAreas/1337881","orderType":"course"}}
{"type":2300,"data":{"_from":"focusAreas/1338091","_id":"thenFocusOn/1646507","_key":"1646507","_rev":"_VIenRwu---","_to":"focusAreas/1338093","orderType":"course"}}
{"type":2300,"data":{"_from":"focusAreas/1337141","_id":"thenFocusOn/1646499","_key":"1646499","_rev":"_VIenRwq---","_to":"focusAreas/1337143","orderType":"course"}}
{"type":2300,"data":{"_from":"focusAreas/1337397","_id":"thenFocusOn/1646495","_key":"1646495","_rev":"_VIenRwm---","_to":"focusAreas/1337399","orderType":"course"}}
{"type":2300,"data":{"_from":"focusAreas/1337271","_id":"thenFocusOn/1646493","_key":"1646493","_rev":"_VIenRwi--A","_to":"focusAreas/1337273","orderType":"course"}}
{"type":2300,"data":{"_from":"focusAreas/1337363","_id":"thenFocusOn/1646489","_key":"1646489","_rev":"_VIenRwi---","_to":"focusAreas/1337365","orderType":"course"}}
{"type":2300,"data":{"_from":"focusAreas/1337713","_id":"thenFocusOn/1646485","_key":"1646485","_rev":"_VIenRwe--_","_to":"focusAreas/1337715","orderType":"course"}}
{"type":2300,"data":{"_from":"focusAreas/1337413","_id":"thenFocusOn/1646483","_key":"1646483","_rev":"_VIenRwe---","_to":"focusAreas/1337415","orderType":"course"}}
{"type":2300,"data":{"_from":"focusAreas/1338063","_id":"thenFocusOn/1646481","_key":"1646481","_rev":"_VIenRwa--B","_to":"focusAreas/1338065","orderType":"course"}}
{"type":2300,"data":{"_from":"focusAreas/1337981","_id":"thenFocusOn/1646477","_key":"1646477","_rev":"_VIenRwa--_","_to":"focusAreas/1337983","orderType":"course"}}
{"type":2300,"data":{"_from":"focusAreas/1338157","_id":"thenFocusOn/1646475","_key":"1646475","_rev":"_VIenRwa---","_to":"focusAreas/1338159","orderType":"course"}}
{"type":2300,"data":{"_from":"focusAreas/1337225","_id":"thenFocusOn/1646793","_key":"1646793","_rev":"_VIenR0e--B","_to":"focusAreas/1337227","orderType":"course"}}
{"type":2300,"data":{"_from":"focusAreas/1338107","_id":"thenFocusOn/1646471","_key":"1646471","_rev":"_VIenRwW--_","_to":"focusAreas/1338109","orderType":"course"}}
{"type":2300,"data":{"_from":"focusAreas/1337995","_id":"thenFocusOn/1646157","_key":"1646157","_rev":"_VIenRta--A","_to":"focusAreas/1337997","orderType":"course"}}
{"type":2300,"data":{"_from":"focusAreas/1337871","_id":"thenFocusOn/1646467","_key":"1646467","_rev":"_VIenRwS--B","_to":"focusAreas/1337873","orderType":"course"}}
{"type":2300,"data":{"_from":"focusAreas/1337543","_id":"thenFocusOn/1646463","_key":"1646463","_rev":"_VIenRwS--_","_to":"focusAreas/1337545","orderType":"course"}}
{"type":2300,"data":{"_from":"focusAreas/1337855","_id":"thenFocusOn/1647005","_key":"1647005","_rev":"_VIenR2e--_","_to":"focusAreas/1337857","orderType":"course"}}
{"type":2300,"data":{"_from":"focusAreas/1338023","_id":"thenFocusOn/1646457","_key":"1646457","_rev":"_VIenRwO--_","_to":"focusAreas/1338025","orderType":"course"}}
{"type":2300,"data":{"_from":"focusAreas/1338019","_id":"thenFocusOn/1646455","_key":"1646455","_rev":"_VIenRwO---","_to":"focusAreas/1338021","orderType":"course"}}
{"type":2300,"data":{"_from":"focusAreas/1337151","_id":"thenFocusOn/1646453","_key":"1646453","_rev":"_VIenRwK--B","_to":"focusAreas/1337153","orderType":"course"}}
{"type":2300,"data":{"_from":"focusAreas/1338037","_id":"thenFocusOn/1646447","_key":"1646447","_rev":"_VIenRwK---","_to":"focusAreas/1338039","orderType":"course"}}
{"type":2300,"data":{"_from":"focusAreas/1337629","_id":"thenFocusOn/1646443","_key":"1646443","_rev":"_VIenRwG--_","_to":"focusAreas/1337631","orderType":"course"}}
{"type":2300,"data":{"_from":"focusAreas/1337327","_id":"thenFocusOn/1646441","_key":"1646441","_rev":"_VIenRwG---","_to":"focusAreas/1337329","orderType":"course"}}
{"type":2300,"data":{"_from":"focusAreas/1337579","_id":"thenFocusOn/1646435","_key":"1646435","_rev":"_VIenRwC--_","_to":"focusAreas/1337581","orderType":"course"}}
{"type":2300,"data":{"_from":"focusAreas/1337283","_id":"thenFocusOn/1646425","_key":"1646425","_rev":"_VIenRv6--B","_to":"focusAreas/1337285","orderType":"course"}}
{"type":2300,"data":{"_from":"focusAreas/1337139","_id":"thenFocusOn/1646421","_key":"1646421","_rev":"_VIenRv6--_","_to":"focusAreas/1337141","orderType":"course"}}
{"type":2300,"data":{"_from":"focusAreas/1337073","_id":"thenFocusOn/1647121","_key":"1647121","_rev":"_VIenR3m---","_to":"focusAreas/1337075","orderType":"course"}}
{"type":2300,"data":{"_from":"focusAreas/1337299","_id":"thenFocusOn/1646861","_key":"1646861","_rev":"_VIenR1G--A","_to":"focusAreas/1337301","orderType":"course"}}
{"type":2300,"data":{"_from":"focusAreas/1337751","_id":"thenFocusOn/1646541","_key":"1646541","_rev":"_VIenRxC---","_to":"focusAreas/1337753","orderType":"course"}}
{"type":2300,"data":{"_from":"focusAreas/1337941","_id":"thenFocusOn/1646417","_key":"1646417","_rev":"_VIenRv2--A","_to":"focusAreas/1337943","orderType":"course"}}
{"type":2300,"data":{"_from":"focusAreas/1337481","_id":"thenFocusOn/1646531","_key":"1646531","_rev":"_VIenRw6--A","_to":"focusAreas/1337483","orderType":"course"}}
{"type":2300,"data":{"_from":"focusAreas/1337235","_id":"thenFocusOn/1646405","_key":"1646405","_rev":"_VIenRvu--B","_to":"focusAreas/1337237","orderType":"course"}}
{"type":2300,"data":{"_from":"focusAreas/1338121","_id":"thenFocusOn/1646391","_key":"1646391","_rev":"_VIenRvm--A","_to":"focusAreas/1338123","orderType":"course"}}
{"type":2300,"data":{"_from":"focusAreas/1338071","_id":"thenFocusOn/1646383","_key":"1646383","_rev":"_VIenRvi--A","_to":"focusAreas/1338073","orderType":"course"}}
{"type":2300,"data":{"_from":"focusAreas/1337877","_id":"thenFocusOn/1646379","_key":"1646379","_rev":"_VIenRvi---","_to":"focusAreas/1337879","orderType":"course"}}
{"type":2300,"data":{"_from":"focusAreas/1338079","_id":"thenFocusOn/1646133","_key":"1646133","_rev":"_VIenRtK--_","_to":"focusAreas/1338081","orderType":"course"}}
{"type":2300,"data":{"_from":"focusAreas/1337555","_id":"thenFocusOn/1646377","_key":"1646377","_rev":"_VIenRve--A","_to":"focusAreas/1337557","orderType":"course"}}
{"type":2300,"data":{"_from":"focusAreas/1337243","_id":"thenFocusOn/1646373","_key":"1646373","_rev":"_VIenRve---","_to":"focusAreas/1337245","orderType":"course"}}
{"type":2300,"data":{"_from":"focusAreas/1337493","_id":"thenFocusOn/1647289","_key":"1647289","_rev":"_VIeoH4S--I","_to":"focusAreas/1337495","orderType":"grade"}}
{"type":2300,"data":{"_from":"focusAreas/1337797","_id":"thenFocusOn/1646365","_key":"1646365","_rev":"_VIenRvW--A","_to":"focusAreas/1337799","orderType":"course"}}
{"type":2300,"data":{"_from":"focusAreas/1337049","_id":"thenFocusOn/1646359","_key":"1646359","_rev":"_VIenRvS--B","_to":"focusAreas/1337051","orderType":"course"}}
{"type":2300,"data":{"_from":"focusAreas/1337505","_id":"thenFocusOn/1646401","_key":"1646401","_rev":"_VIenRvu--_","_to":"focusAreas/1337507","orderType":"course"}}
{"type":2300,"data":{"_from":"focusAreas/1337863","_id":"thenFocusOn/1646353","_key":"1646353","_rev":"_VIenRvS---","_to":"focusAreas/1337865","orderType":"course"}}
{"type":2300,"data":{"_from":"focusAreas/1338003","_id":"thenFocusOn/1646351","_key":"1646351","_rev":"_VIenRvO--A","_to":"focusAreas/1338005","orderType":"course"}}
{"type":2300,"data":{"_from":"focusAreas/1337991","_id":"thenFocusOn/1646123","_key":"1646123","_rev":"_VIenRtC---","_to":"focusAreas/1337993","orderType":"course"}}
{"type":2300,"data":{"_from":"focusAreas/1338139","_id":"thenFocusOn/1646349","_key":"1646349","_rev":"_VIenRvO--_","_to":"focusAreas/1338141","orderType":"course"}}
{"type":2300,"data":{"_from":"focusAreas/1337415","_id":"thenFocusOn/1646535","_key":"1646535","_rev":"_VIenRx---_","_to":"focusAreas/1337417","orderType":"course"}}
{"type":2300,"data":{"_from":"focusAreas/1337725","_id":"thenFocusOn/1646345","_key":"1646345","_rev":"_VIenRvK--B","_to":"focusAreas/1337727","orderType":"course"}}
{"type":2300,"data":{"_from":"focusAreas/1338101","_id":"thenFocusOn/1646409","_key":"1646409","_rev":"_VIenRvy--_","_to":"focusAreas/1338103","orderType":"course"}}
{"type":2300,"data":{"_from":"focusAreas/1338015","_id":"thenFocusOn/1646395","_key":"1646395","_rev":"_VIenRvq--_","_to":"focusAreas/1338017","orderType":"course"}}
{"type":2300,"data":{"_from":"focusAreas/1337645","_id":"thenFocusOn/1646343","_key":"1646343","_rev":"_VIenRvK--A","_to":"focusAreas/1337647","orderType":"course"}}
{"type":2300,"data":{"_from":"focusAreas/1338153","_id":"thenFocusOn/1646337","_key":"1646337","_rev":"_VIenRvG--B","_to":"focusAreas/1338155","orderType":"course"}}
{"type":2300,"data":{"_from":"focusAreas/1337903","_id":"thenFocusOn/1646335","_key":"1646335","_rev":"_VIenRvG--A","_to":"focusAreas/1337905","orderType":"course"}}
{"type":2300,"data":{"_from":"focusAreas/1337649","_id":"thenFocusOn/1646327","_key":"1646327","_rev":"_VIenRvC--_","_to":"focusAreas/1337651","orderType":"course"}}
{"type":2300,"data":{"_from":"focusAreas/1337107","_id":"thenFocusOn/1646325","_key":"1646325","_rev":"_VIenRvC---","_to":"focusAreas/1337109","orderType":"course"}}
{"type":2300,"data":{"_from":"focusAreas/1337443","_id":"thenFocusOn/1646317","_key":"1646317","_rev":"_VIenRu6--A","_to":"focusAreas/1337445","orderType":"course"}}
{"type":2300,"data":{"_from":"focusAreas/1337099","_id":"thenFocusOn/1646315","_key":"1646315","_rev":"_VIenRu6--_","_to":"focusAreas/1337101","orderType":"course"}}
{"type":2300,"data":{"_from":"focusAreas/1337445","_id":"thenFocusOn/1646313","_key":"1646313","_rev":"_VIenRu6---","_to":"focusAreas/1337447","orderType":"course"}}
{"type":2300,"data":{"_from":"focusAreas/1338035","_id":"thenFocusOn/1646309","_key":"1646309","_rev":"_VIenRu2--_","_to":"focusAreas/1338037","orderType":"course"}}
{"type":2300,"data":{"_from":"focusAreas/1338005","_id":"thenFocusOn/1646131","_key":"1646131","_rev":"_VIenRtK---","_to":"focusAreas/1338007","orderType":"course"}}
{"type":2300,"data":{"_from":"focusAreas/1337569","_id":"thenFocusOn/1646439","_key":"1646439","_rev":"_VIenRwC--B","_to":"focusAreas/1337571","orderType":"course"}}
{"type":2300,"data":{"_from":"focusAreas/1337495","_id":"thenFocusOn/1646305","_key":"1646305","_rev":"_VIenRuy--A","_to":"focusAreas/1337497","orderType":"course"}}
{"type":2300,"data":{"_from":"focusAreas/1337639","_id":"thenFocusOn/1647117","_key":"1647117","_rev":"_VIenR3i--_","_to":"focusAreas/1337641","orderType":"course"}}
{"type":2300,"data":{"_from":"focusAreas/1338117","_id":"thenFocusOn/1646567","_key":"1646567","_rev":"_VIenRxO--A","_to":"focusAreas/1338119","orderType":"course"}}
{"type":2300,"data":{"_from":"focusAreas/1338077","_id":"thenFocusOn/1646301","_key":"1646301","_rev":"_VIenRuy---","_to":"focusAreas/1338079","orderType":"course"}}
{"type":2300,"data":{"_from":"focusAreas/1337675","_id":"thenFocusOn/1646297","_key":"1646297","_rev":"_VIenRuu--A","_to":"focusAreas/1337677","orderType":"course"}}
{"type":2300,"data":{"_from":"focusAreas/1337539","_id":"thenFocusOn/1647051","_key":"1647051","_rev":"_VIenR26--A","_to":"focusAreas/1337541","orderType":"course"}}
{"type":2300,"data":{"_from":"focusAreas/1337193","_id":"thenFocusOn/1646289","_key":"1646289","_rev":"_VIenRuq--_","_to":"focusAreas/1337195","orderType":"course"}}
{"type":2300,"data":{"_from":"focusAreas/1337687","_id":"thenFocusOn/1646285","_key":"1646285","_rev":"_VIenRum--B","_to":"focusAreas/1337689","orderType":"course"}}
{"type":2300,"data":{"_from":"focusAreas/1338115","_id":"thenFocusOn/1646517","_key":"1646517","_rev":"_VIenRwy--A","_to":"focusAreas/1338117","orderType":"course"}}
{"type":2300,"data":{"_from":"focusAreas/1337661","_id":"thenFocusOn/1646283","_key":"1646283","_rev":"_VIenRum--A","_to":"focusAreas/1337663","orderType":"course"}}
{"type":2300,"data":{"_from":"focusAreas/1337551","_id":"thenFocusOn/1646281","_key":"1646281","_rev":"_VIenRum--_","_to":"focusAreas/1337553","orderType":"course"}}
{"type":2300,"data":{"_from":"focusAreas/1337117","_id":"thenFocusOn/1647285","_key":"1647285","_rev":"_VIeoH4S--G","_to":"focusAreas/1337119","orderType":"grade"}}
{"type":2300,"data":{"_from":"focusAreas/1337429","_id":"thenFocusOn/1646279","_key":"1646279","_rev":"_VIenRum---","_to":"focusAreas/1337431","orderType":"course"}}
{"type":2300,"data":{"_from":"focusAreas/1337535","_id":"thenFocusOn/1646277","_key":"1646277","_rev":"_VIenRui--A","_to":"focusAreas/1337537","orderType":"course"}}
{"type":2300,"data":{"_from":"focusAreas/1337559","_id":"thenFocusOn/1646275","_key":"1646275","_rev":"_VIenRui--_","_to":"focusAreas/1337561","orderType":"course"}}
{"type":2300,"data":{"_from":"focusAreas/1337575","_id":"thenFocusOn/1646357","_key":"1646357","_rev":"_VIenRvS--A","_to":"focusAreas/1337577","orderType":"course"}}
{"type":2300,"data":{"_from":"focusAreas/1337101","_id":"thenFocusOn/1646761","_key":"1646761","_rev":"_VIenR0O---","_to":"focusAreas/1337103","orderType":"course"}}
{"type":2300,"data":{"_from":"focusAreas/1338065","_id":"thenFocusOn/1646273","_key":"1646273","_rev":"_VIenRui---","_to":"focusAreas/1338067","orderType":"course"}}
{"type":2300,"data":{"_from":"focusAreas/1337773","_id":"thenFocusOn/1646267","_key":"1646267","_rev":"_VIenRue--_","_to":"focusAreas/1337775","orderType":"course"}}
{"type":2300,"data":{"_from":"focusAreas/1337393","_id":"thenFocusOn/1646263","_key":"1646263","_rev":"_VIenRua--A","_to":"focusAreas/1337395","orderType":"course"}}
{"type":2300,"data":{"_from":"focusAreas/1338031","_id":"thenFocusOn/1646437","_key":"1646437","_rev":"_VIenRwC--A","_to":"focusAreas/1338033","orderType":"course"}}
{"type":2300,"data":{"_from":"focusAreas/1337215","_id":"thenFocusOn/1646747","_key":"1646747","_rev":"_VIenR0C--B","_to":"focusAreas/1337217","orderType":"course"}}
{"type":2300,"data":{"_from":"focusAreas/1337313","_id":"thenFocusOn/1646259","_key":"1646259","_rev":"_VIenRua---","_to":"focusAreas/1337315","orderType":"course"}}
{"type":2300,"data":{"_from":"focusAreas/1338011","_id":"thenFocusOn/1646255","_key":"1646255","_rev":"_VIenRuW--_","_to":"focusAreas/1338013","orderType":"course"}}
{"type":2300,"data":{"_from":"focusAreas/1337113","_id":"thenFocusOn/1646411","_key":"1646411","_rev":"_VIenRvy--A","_to":"focusAreas/1337115","orderType":"course"}}
{"type":2300,"data":{"_from":"focusAreas/1337075","_id":"thenFocusOn/1646331","_key":"1646331","_rev":"_VIenRvG---","_to":"focusAreas/1337077","orderType":"course"}}
{"type":2300,"data":{"_from":"focusAreas/1337183","_id":"thenFocusOn/1646251","_key":"1646251","_rev":"_VIenRuS--B","_to":"focusAreas/1337185","orderType":"course"}}
{"type":2300,"data":{"_from":"focusAreas/1338057","_id":"thenFocusOn/1646241","_key":"1646241","_rev":"_VIenRuO--_","_to":"focusAreas/1338059","orderType":"course"}}
{"type":2300,"data":{"_from":"focusAreas/1337383","_id":"thenFocusOn/1646239","_key":"1646239","_rev":"_VIenRuO---","_to":"focusAreas/1337385","orderType":"course"}}
{"type":2300,"data":{"_from":"focusAreas/1337869","_id":"thenFocusOn/1646237","_key":"1646237","_rev":"_VIenRuK--A","_to":"focusAreas/1337871","orderType":"course"}}
{"type":2300,"data":{"_from":"focusAreas/1337533","_id":"thenFocusOn/1646233","_key":"1646233","_rev":"_VIenRuK---","_to":"focusAreas/1337535","orderType":"course"}}
{"type":2300,"data":{"_from":"focusAreas/1337109","_id":"thenFocusOn/1646231","_key":"1646231","_rev":"_VIenRuG--_","_to":"focusAreas/1337111","orderType":"course"}}
{"type":2300,"data":{"_from":"focusAreas/1337095","_id":"thenFocusOn/1646725","_key":"1646725","_rev":"_VIenRz2--_","_to":"focusAreas/1337097","orderType":"course"}}
{"type":2300,"data":{"_from":"focusAreas/1338009","_id":"thenFocusOn/1646229","_key":"1646229","_rev":"_VIenRuG---","_to":"focusAreas/1338011","orderType":"course"}}
{"type":2300,"data":{"_from":"focusAreas/1337373","_id":"thenFocusOn/1646227","_key":"1646227","_rev":"_VIenRuC--B","_to":"focusAreas/1337375","orderType":"course"}}
{"type":2300,"data":{"_from":"focusAreas/1337425","_id":"thenFocusOn/1646223","_key":"1646223","_rev":"_VIenRuC--_","_to":"focusAreas/1337427","orderType":"course"}}
{"type":2300,"data":{"_from":"focusAreas/1337949","_id":"thenFocusOn/1646741","_key":"1646741","_rev":"_VIenR0C---","_to":"focusAreas/1337951","orderType":"course"}}
{"type":2300,"data":{"_from":"focusAreas/1337355","_id":"thenFocusOn/1646219","_key":"1646219","_rev":"_VIenRu---B","_to":"focusAreas/1337357","orderType":"course"}}
{"type":2300,"data":{"_from":"focusAreas/1337331","_id":"thenFocusOn/1646215","_key":"1646215","_rev":"_VIenRu---_","_to":"focusAreas/1337333","orderType":"course"}}
{"type":2300,"data":{"_from":"focusAreas/1337607","_id":"thenFocusOn/1646211","_key":"1646211","_rev":"_VIenRt6--A","_to":"focusAreas/1337609","orderType":"course"}}
{"type":2300,"data":{"_from":"focusAreas/1337461","_id":"thenFocusOn/1646209","_key":"1646209","_rev":"_VIenRt6--_","_to":"focusAreas/1337463","orderType":"course"}}
{"type":2300,"data":{"_from":"focusAreas/1337827","_id":"thenFocusOn/1646207","_key":"1646207","_rev":"_VIenRt6---","_to":"focusAreas/1337829","orderType":"course"}}
{"type":2300,"data":{"_from":"focusAreas/1337581","_id":"thenFocusOn/1646205","_key":"1646205","_rev":"_VIenRt2--B","_to":"focusAreas/1337583","orderType":"course"}}
{"type":2300,"data":{"_from":"focusAreas/1338007","_id":"thenFocusOn/1646943","_key":"1646943","_rev":"_VIenR16---","_to":"focusAreas/1338009","orderType":"course"}}
{"type":2300,"data":{"_from":"focusAreas/1337767","_id":"thenFocusOn/1646203","_key":"1646203","_rev":"_VIenRt2--A","_to":"focusAreas/1337769","orderType":"course"}}
{"type":2300,"data":{"_from":"focusAreas/1337091","_id":"thenFocusOn/1647023","_key":"1647023","_rev":"_VIenR2q--_","_to":"focusAreas/1337093","orderType":"course"}}
{"type":2300,"data":{"_from":"focusAreas/1337423","_id":"thenFocusOn/1646201","_key":"1646201","_rev":"_VIenRt2--_","_to":"focusAreas/1337425","orderType":"course"}}
{"type":2300,"data":{"_from":"focusAreas/1337179","_id":"thenFocusOn/1646199","_key":"1646199","_rev":"_VIenRt2---","_to":"focusAreas/1337181","orderType":"course"}}
{"type":2300,"data":{"_from":"focusAreas/1337529","_id":"thenFocusOn/1646197","_key":"1646197","_rev":"_VIenRty--_","_to":"focusAreas/1337531","orderType":"course"}}
{"type":2300,"data":{"_from":"focusAreas/1337191","_id":"thenFocusOn/1646547","_key":"1646547","_rev":"_VIenRxG---","_to":"focusAreas/1337193","orderType":"course"}}
{"type":2300,"data":{"_from":"focusAreas/1337671","_id":"thenFocusOn/1646323","_key":"1646323","_rev":"_VIenRv---A","_to":"focusAreas/1337673","orderType":"course"}}
{"type":2300,"data":{"_from":"focusAreas/1338059","_id":"thenFocusOn/1646189","_key":"1646189","_rev":"_VIenRtu--_","_to":"focusAreas/1338061","orderType":"course"}}
{"type":2300,"data":{"_from":"focusAreas/1337701","_id":"thenFocusOn/1646187","_key":"1646187","_rev":"_VIenRtu---","_to":"focusAreas/1337703","orderType":"course"}}
{"type":2300,"data":{"_from":"focusAreas/1337953","_id":"thenFocusOn/1646183","_key":"1646183","_rev":"_VIenRtq--_","_to":"focusAreas/1337955","orderType":"course"}}
{"type":2300,"data":{"_from":"focusAreas/1337619","_id":"thenFocusOn/1647257","_key":"1647257","_rev":"_VIeoH4O--D","_to":"focusAreas/1337621","orderType":"grade"}}
{"type":2300,"data":{"_from":"focusAreas/1337375","_id":"thenFocusOn/1646181","_key":"1646181","_rev":"_VIenRtq---","_to":"focusAreas/1337377","orderType":"course"}}
{"type":2300,"data":{"_from":"focusAreas/1337669","_id":"thenFocusOn/1646179","_key":"1646179","_rev":"_VIenRtm--B","_to":"focusAreas/1337671","orderType":"course"}}
{"type":2300,"data":{"_from":"focusAreas/1337929","_id":"thenFocusOn/1646163","_key":"1646163","_rev":"_VIenRte--A","_to":"focusAreas/1337931","orderType":"course"}}
{"type":2300,"data":{"_from":"focusAreas/1337111","_id":"thenFocusOn/1646161","_key":"1646161","_rev":"_VIenRte--_","_to":"focusAreas/1337113","orderType":"course"}}
{"type":2300,"data":{"_from":"focusAreas/1337301","_id":"thenFocusOn/1646403","_key":"1646403","_rev":"_VIenRvu--A","_to":"focusAreas/1337303","orderType":"course"}}
{"type":2300,"data":{"_from":"focusAreas/1337965","_id":"thenFocusOn/1646165","_key":"1646165","_rev":"_VIenRte--B","_to":"focusAreas/1337967","orderType":"course"}}
{"type":2300,"data":{"_from":"focusAreas/1337057","_id":"thenFocusOn/1646159","_key":"1646159","_rev":"_VIenRte---","_to":"focusAreas/1337059","orderType":"course"}}
{"type":2300,"data":{"_from":"focusAreas/1337733","_id":"thenFocusOn/1646155","_key":"1646155","_rev":"_VIenRta--_","_to":"focusAreas/1337735","orderType":"course"}}
{"type":2300,"data":{"_from":"focusAreas/1337993","_id":"thenFocusOn/1646145","_key":"1646145","_rev":"_VIenRtS--A","_to":"focusAreas/1337995","orderType":"course"}}
{"type":2300,"data":{"_from":"focusAreas/1337305","_id":"thenFocusOn/1646135","_key":"1646135","_rev":"_VIenRtO---","_to":"focusAreas/1337307","orderType":"course"}}
{"type":2300,"data":{"_from":"focusAreas/1337237","_id":"thenFocusOn/1646727","_key":"1646727","_rev":"_VIenRz2--A","_to":"focusAreas/1337239","orderType":"course"}}
{"type":2300,"data":{"_from":"focusAreas/1337987","_id":"thenFocusOn/1646129","_key":"1646129","_rev":"_VIenRtG--A","_to":"focusAreas/1337989","orderType":"course"}}
{"type":2300,"data":{"_from":"focusAreas/1337547","_id":"thenFocusOn/1646127","_key":"1646127","_rev":"_VIenRtG--_","_to":"focusAreas/1337549","orderType":"course"}}
{"type":2300,"data":{"_from":"focusAreas/1337631","_id":"thenFocusOn/1646293","_key":"1646293","_rev":"_VIenRuu---","_to":"focusAreas/1337633","orderType":"course"}}
{"type":2300,"data":{"_from":"focusAreas/1337603","_id":"thenFocusOn/1646217","_key":"1646217","_rev":"_VIenRu---A","_to":"focusAreas/1337605","orderType":"course"}}
{"type":2300,"data":{"_from":"focusAreas/1337309","_id":"thenFocusOn/1646121","_key":"1646121","_rev":"_VIenRt---A","_to":"focusAreas/1337311","orderType":"course"}}
{"type":2300,"data":{"_from":"focusAreas/1337813","_id":"thenFocusOn/1646579","_key":"1646579","_rev":"_VIenRxW--A","_to":"focusAreas/1337815","orderType":"course"}}
{"type":2300,"data":{"_from":"focusAreas/1337223","_id":"thenFocusOn/1646119","_key":"1646119","_rev":"_VIenRt---_","_to":"focusAreas/1337225","orderType":"course"}}
{"type":2300,"data":{"_from":"focusAreas/1337121","_id":"thenFocusOn/1646117","_key":"1646117","_rev":"_VIenRt----","_to":"focusAreas/1337123","orderType":"course"}}
{"type":2300,"data":{"_from":"focusAreas/1337931","_id":"thenFocusOn/1647727","_key":"1647727","_rev":"_VIeuJ7u---","_to":"focusAreas/1337933","orderType":"course"}}
{"type":2300,"data":{"_from":"focusAreas/1337709","_id":"thenFocusOn/1646111","_key":"1646111","_rev":"_VIenRs6---","_to":"focusAreas/1337711","orderType":"course"}}
{"type":2300,"data":{"_from":"focusAreas/1338137","_id":"thenFocusOn/1646871","_key":"1646871","_rev":"_VIenR1O--_","_to":"focusAreas/1338139","orderType":"course"}}
{"type":2300,"data":{"_from":"focusAreas/1337763","_id":"thenFocusOn/1646557","_key":"1646557","_rev":"_VIenRxK--_","_to":"focusAreas/1337765","orderType":"course"}}
{"type":2300,"data":{"_from":"focusAreas/1337489","_id":"thenFocusOn/1646919","_key":"1646919","_rev":"_VIenR1q--_","_to":"focusAreas/1337491","orderType":"course"}}
{"type":2300,"data":{"_from":"focusAreas/1337033","_id":"thenFocusOn/1646385","_key":"1646385","_rev":"_VIenRvi--B","_to":"focusAreas/1337037","orderType":"course"}}
{"type":2300,"data":{"_from":"focusAreas/1338133","_id":"thenFocusOn/1646863","_key":"1646863","_rev":"_VIenR1K---","_to":"focusAreas/1338135","orderType":"course"}}
{"type":2300,"data":{"_from":"focusAreas/1337071","_id":"thenFocusOn/1646469","_key":"1646469","_rev":"_VIenRwW---","_to":"focusAreas/1337073","orderType":"course"}}
{"type":2300,"data":{"_from":"focusAreas/1337147","_id":"thenFocusOn/1646585","_key":"1646585","_rev":"_VIenRxa--_","_to":"focusAreas/1337149","orderType":"course"}}
{"type":2300,"data":{"_from":"focusAreas/1337899","_id":"thenFocusOn/1647712","_key":"1647712","_rev":"_VIet6wa---","_to":"focusAreas/1337901","orderType":"course"}}
{"type":2300,"data":{"_from":"focusAreas/1337153","_id":"thenFocusOn/1646629","_key":"1646629","_rev":"_VIenRx2---","_to":"focusAreas/1337155","orderType":"course"}}
{"type":2300,"data":{"_from":"focusAreas/1337975","_id":"thenFocusOn/1646887","_key":"1646887","_rev":"_VIenR1W--A","_to":"focusAreas/1337977","orderType":"course"}}
{"type":2300,"data":{"_from":"focusAreas/1337359","_id":"thenFocusOn/1646811","_key":"1646811","_rev":"_VIenR0q--_","_to":"focusAreas/1337361","orderType":"course"}}
{"type":2300,"data":{"_from":"focusAreas/1337971","_id":"thenFocusOn/1646355","_key":"1646355","_rev":"_VIenRvS--_","_to":"focusAreas/1337973","orderType":"course"}}
{"type":2300,"data":{"_from":"focusAreas/1337769","_id":"thenFocusOn/1646347","_key":"1646347","_rev":"_VIenRvO---","_to":"focusAreas/1337771","orderType":"course"}}
{"type":2300,"data":{"_from":"focusAreas/1338113","_id":"thenFocusOn/1646167","_key":"1646167","_rev":"_VIenRti---","_to":"focusAreas/1338115","orderType":"course"}}
{"type":2300,"data":{"_from":"focusAreas/1337055","_id":"thenFocusOn/1646361","_key":"1646361","_rev":"_VIenRvW---","_to":"focusAreas/1337057","orderType":"course"}}
{"type":2300,"data":{"_from":"focusAreas/1338129","_id":"thenFocusOn/1647049","_key":"1647049","_rev":"_VIenR26--_","_to":"focusAreas/1338131","orderType":"course"}}
{"type":2300,"data":{"_from":"focusAreas/1337799","_id":"thenFocusOn/1646553","_key":"1646553","_rev":"_VIenRxG--B","_to":"focusAreas/1337801","orderType":"course"}}
{"type":2300,"data":{"_from":"focusAreas/1337891","_id":"thenFocusOn/1646563","_key":"1646563","_rev":"_VIenRxO---","_to":"focusAreas/1337893","orderType":"course"}}
{"type":2300,"data":{"_from":"focusAreas/1337203","_id":"thenFocusOn/1646375","_key":"1646375","_rev":"_VIenRve--_","_to":"focusAreas/1337205","orderType":"course"}}
{"type":2300,"data":{"_from":"focusAreas/1337957","_id":"thenFocusOn/1647115","_key":"1647115","_rev":"_VIenR3i---","_to":"focusAreas/1337959","orderType":"course"}}
{"type":2300,"data":{"_from":"focusAreas/1337085","_id":"thenFocusOn/1646697","_key":"1646697","_rev":"_VIenRzm--_","_to":"focusAreas/1337087","orderType":"course"}}
{"type":2300,"data":{"_from":"focusAreas/1337087","_id":"thenFocusOn/1646213","_key":"1646213","_rev":"_VIenRu----","_to":"focusAreas/1337089","orderType":"course"}}
{"type":2300,"data":{"_from":"focusAreas/1337901","_id":"thenFocusOn/1646429","_key":"1646429","_rev":"_VIenRw---_","_to":"focusAreas/1337903","orderType":"course"}}
{"type":2300,"data":{"_from":"focusAreas/1337621","_id":"thenFocusOn/1646855","_key":"1646855","_rev":"_VIenR1C--B","_to":"focusAreas/1337623","orderType":"course"}}
{"type":2300,"data":{"_from":"focusAreas/1338111","_id":"thenFocusOn/1646419","_key":"1646419","_rev":"_VIenRv6---","_to":"focusAreas/1338113","orderType":"course"}}
{"type":2300,"data":{"_from":"focusAreas/1337079","_id":"thenFocusOn/1647105","_key":"1647105","_rev":"_VIenR3a--A","_to":"focusAreas/1337081","orderType":"course"}}
{"type":2300,"data":{"_from":"focusAreas/1337989","_id":"thenFocusOn/1646987","_key":"1646987","_rev":"_VIenR2S--_","_to":"focusAreas/1337991","orderType":"course"}}
{"type":2300,"data":{"_from":"focusAreas/1337161","_id":"thenFocusOn/1646893","_key":"1646893","_rev":"_VIenR1a--A","_to":"focusAreas/1337163","orderType":"course"}}
{"type":2300,"data":{"_from":"focusAreas/1338081","_id":"thenFocusOn/1646633","_key":"1646633","_rev":"_VIenRx2--A","_to":"focusAreas/1338083","orderType":"course"}}
{"type":2300,"data":{"_from":"focusAreas/1337273","_id":"thenFocusOn/1646193","_key":"1646193","_rev":"_VIenRtu--B","_to":"focusAreas/1337275","orderType":"course"}}
{"type":2300,"data":{"_from":"focusAreas/1337119","_id":"thenFocusOn/1646689","_key":"1646689","_rev":"_VIenRzi---","_to":"focusAreas/1337121","orderType":"course"}}
{"type":2300,"data":{"_from":"focusAreas/1337449","_id":"thenFocusOn/1646523","_key":"1646523","_rev":"_VIenRw2--_","_to":"focusAreas/1337451","orderType":"course"}}
{"type":2300,"data":{"_from":"focusAreas/1338067","_id":"thenFocusOn/1646173","_key":"1646173","_rev":"_VIenRtm---","_to":"focusAreas/1338069","orderType":"course"}}
{"type":2300,"data":{"_from":"focusAreas/1337825","_id":"thenFocusOn/1646705","_key":"1646705","_rev":"_VIenRzq--A","_to":"focusAreas/1337827","orderType":"course"}}
{"type":2300,"data":{"_from":"focusAreas/1337439","_id":"thenFocusOn/1646519","_key":"1646519","_rev":"_VIenRwy--B","_to":"focusAreas/1337441","orderType":"course"}}
{"type":2300,"data":{"_from":"focusAreas/1338039","_id":"thenFocusOn/2474533","_key":"2474533","_rev":"_VKsIsuO---","_to":"focusAreas/1338041","orderType":"course"}}
{"type":2300,"data":{"_from":"focusAreas/1337251","_id":"thenFocusOn/1646631","_key":"1646631","_rev":"_VIenRx2--_","_to":"focusAreas/1337253","orderType":"course"}}
{"type":2300,"data":{"_from":"focusAreas/1337781","_id":"thenFocusOn/1646369","_key":"1646369","_rev":"_VIenRva--_","_to":"focusAreas/1337783","orderType":"course"}}
{"type":2300,"data":{"_from":"focusAreas/1337411","_id":"thenFocusOn/1646913","_key":"1646913","_rev":"_VIenR1m--_","_to":"focusAreas/1337413","orderType":"course"}}
{"type":2300,"data":{"_from":"focusAreas/1337427","_id":"thenFocusOn/1646623","_key":"1646623","_rev":"_VIenRxy--_","_to":"focusAreas/1337429","orderType":"course"}}
{"type":2300,"data":{"_from":"focusAreas/1338103","_id":"thenFocusOn/1646221","_key":"1646221","_rev":"_VIenRuC---","_to":"focusAreas/1338105","orderType":"course"}}
{"type":2300,"data":{"_from":"focusAreas/1337059","_id":"thenFocusOn/1647139","_key":"1647139","_rev":"_VIenR3u--A","_to":"focusAreas/1337061","orderType":"course"}}
{"type":2300,"data":{"_from":"focusAreas/1337601","_id":"thenFocusOn/1647143","_key":"1647143","_rev":"_VIenR3y---","_to":"focusAreas/1337603","orderType":"course"}}
{"type":2300,"data":{"_from":"focusAreas/1337819","_id":"thenFocusOn/1647057","_key":"1647057","_rev":"_VIenR3---A","_to":"focusAreas/1337821","orderType":"course"}}
{"type":2300,"data":{"_from":"focusAreas/1337817","_id":"thenFocusOn/1646505","_key":"1646505","_rev":"_VIenRwq--B","_to":"focusAreas/1337819","orderType":"course"}}
{"type":2300,"data":{"_from":"focusAreas/1337293","_id":"thenFocusOn/1646655","_key":"1646655","_rev":"_VIenRyG--A","_to":"focusAreas/1337295","orderType":"course"}}
{"type":2300,"data":{"_from":"focusAreas/1338159","_id":"thenFocusOn/1646319","_key":"1646319","_rev":"_VIenRv----","_to":"focusAreas/1338161","orderType":"course"}}
{"type":2300,"data":{"_from":"focusAreas/1337897","_id":"thenFocusOn/1646677","_key":"1646677","_rev":"_VIenRza--_","_to":"focusAreas/1337899","orderType":"course"}}
{"type":2300,"data":{"_from":"focusAreas/1337137","_id":"thenFocusOn/1646843","_key":"1646843","_rev":"_VIenR1---_","_to":"focusAreas/1337139","orderType":"course"}}
{"type":2300,"data":{"_from":"focusAreas/1337483","_id":"thenFocusOn/1646639","_key":"1646639","_rev":"_VIenRx6--A","_to":"focusAreas/1337485","orderType":"course"}}
{"type":2300,"data":{"_from":"focusAreas/1338145","_id":"thenFocusOn/1646625","_key":"1646625","_rev":"_VIenRxy--A","_to":"focusAreas/1338147","orderType":"course"}}
{"type":2300,"data":{"_from":"focusAreas/1337207","_id":"thenFocusOn/1646235","_key":"1646235","_rev":"_VIenRuK--_","_to":"focusAreas/1337209","orderType":"course"}}
{"type":2300,"data":{"_from":"focusAreas/1337239","_id":"thenFocusOn/1647041","_key":"1647041","_rev":"_VIenR22---","_to":"focusAreas/1337241","orderType":"course"}}
{"type":2300,"data":{"_from":"focusAreas/1338105","_id":"thenFocusOn/1646513","_key":"1646513","_rev":"_VIenRwy---","_to":"focusAreas/1338107","orderType":"course"}}
{"type":2300,"data":{"_from":"focusAreas/1337453","_id":"thenFocusOn/1647029","_key":"1647029","_rev":"_VIenR2u--_","_to":"focusAreas/1337455","orderType":"course"}}
{"type":2300,"data":{"_from":"focusAreas/1337465","_id":"thenFocusOn/1646431","_key":"1646431","_rev":"_VIenRw---A","_to":"focusAreas/1337467","orderType":"course"}}
{"type":2300,"data":{"_from":"focusAreas/1337041","_id":"thenFocusOn/1646265","_key":"1646265","_rev":"_VIenRue---","_to":"focusAreas/1337043","orderType":"course"}}
{"type":2300,"data":{"_from":"focusAreas/1337613","_id":"thenFocusOn/1646291","_key":"1646291","_rev":"_VIenRuq--A","_to":"focusAreas/1337615","orderType":"course"}}
{"type":2300,"data":{"_from":"focusAreas/1337391","_id":"thenFocusOn/1646687","_key":"1646687","_rev":"_VIenRze--A","_to":"focusAreas/1337393","orderType":"course"}}
{"type":2300,"data":{"_from":"focusAreas/1337281","_id":"thenFocusOn/1647123","_key":"1647123","_rev":"_VIenR3m--_","_to":"focusAreas/1337283","orderType":"course"}}
{"type":2300,"data":{"_from":"focusAreas/1337829","_id":"thenFocusOn/1646965","_key":"1646965","_rev":"_VIenR2G--_","_to":"focusAreas/1337831","orderType":"course"}}
{"type":2300,"data":{"_from":"focusAreas/1337083","_id":"thenFocusOn/1646399","_key":"1646399","_rev":"_VIenRvu---","_to":"focusAreas/1337085","orderType":"course"}}
{"type":2300,"data":{"_from":"focusAreas/1337245","_id":"thenFocusOn/1646821","_key":"1646821","_rev":"_VIenR0y---","_to":"focusAreas/1337247","orderType":"course"}}
{"type":2300,"data":{"_from":"focusAreas/1337177","_id":"thenFocusOn/1646869","_key":"1646869","_rev":"_VIenR1O---","_to":"focusAreas/1337179","orderType":"course"}}
{"type":2300,"data":{"_from":"focusAreas/1337937","_id":"thenFocusOn/1646973","_key":"1646973","_rev":"_VIenR2K--_","_to":"focusAreas/1337939","orderType":"course"}}
{"type":2300,"data":{"_from":"focusAreas/1337907","_id":"thenFocusOn/1646925","_key":"1646925","_rev":"_VIenR1u--_","_to":"focusAreas/1337909","orderType":"course"}}
{"type":2300,"data":{"_from":"focusAreas/1338131","_id":"thenFocusOn/1646307","_key":"1646307","_rev":"_VIenRu2---","_to":"focusAreas/1338133","orderType":"course"}}
{"type":2300,"data":{"_from":"focusAreas/1337407","_id":"thenFocusOn/1646837","_key":"1646837","_rev":"_VIenR06--_","_to":"focusAreas/1337409","orderType":"course"}}
{"type":2300,"data":{"_from":"focusAreas/1337821","_id":"thenFocusOn/1646601","_key":"1646601","_rev":"_VIenRxm---","_to":"focusAreas/1337823","orderType":"course"}}
{"type":2300,"data":{"_from":"focusAreas/1337479","_id":"thenFocusOn/1646389","_key":"1646389","_rev":"_VIenRvm--_","_to":"focusAreas/1337481","orderType":"course"}}
{"type":2300,"data":{"_from":"focusAreas/1338073","_id":"thenFocusOn/1646147","_key":"1646147","_rev":"_VIenRtW---","_to":"focusAreas/1338075","orderType":"course"}}
{"type":2300,"data":{"_from":"focusAreas/1337847","_id":"thenFocusOn/1646115","_key":"1646115","_rev":"_VIenRs6--_","_to":"focusAreas/1337849","orderType":"course"}}
{"type":2300,"data":{"_from":"focusAreas/1338051","_id":"thenFocusOn/1646709","_key":"1646709","_rev":"_VIenRzu---","_to":"focusAreas/1338053","orderType":"course"}}
{"type":2300,"data":{"_from":"focusAreas/1337843","_id":"thenFocusOn/1646735","_key":"1646735","_rev":"_VIenR0---_","_to":"focusAreas/1337845","orderType":"course"}}
{"type":2300,"data":{"_from":"focusAreas/1337143","_id":"thenFocusOn/1647145","_key":"1647145","_rev":"_VIenR3y--_","_to":"focusAreas/1337145","orderType":"course"}}
{"type":2300,"data":{"_from":"focusAreas/1337321","_id":"thenFocusOn/1647177","_key":"1647177","_rev":"_VIenR4G--A","_to":"focusAreas/1337323","orderType":"course"}}
{"type":2300,"data":{"_from":"focusAreas/1337165","_id":"thenFocusOn/1646525","_key":"1646525","_rev":"_VIenRw2--A","_to":"focusAreas/1337167","orderType":"course"}}
{"type":2300,"data":{"_from":"focusAreas/1337437","_id":"thenFocusOn/1647137","_key":"1647137","_rev":"_VIenR3u--_","_to":"focusAreas/1337439","orderType":"course"}}
{"type":2300,"data":{"_from":"focusAreas/1338085","_id":"thenFocusOn/1646667","_key":"1646667","_rev":"_VIenRzS---","_to":"focusAreas/1338087","orderType":"course"}}
{"type":2300,"data":{"_from":"focusAreas/1337865","_id":"thenFocusOn/1646853","_key":"1646853","_rev":"_VIenR1C--A","_to":"focusAreas/1337867","orderType":"course"}}
{"type":2300,"data":{"_from":"focusAreas/1338109","_id":"thenFocusOn/1646675","_key":"1646675","_rev":"_VIenRza---","_to":"focusAreas/1338111","orderType":"course"}}
{"type":2300,"data":{"_from":"focusAreas/1337635","_id":"thenFocusOn/1646295","_key":"1646295","_rev":"_VIenRuu--_","_to":"focusAreas/1337637","orderType":"course"}}
{"type":2300,"data":{"_from":"focusAreas/1337983","_id":"thenFocusOn/2475036","_key":"2475036","_rev":"_VKsLhqW---","_to":"focusAreas/1338129","orderType":"course"}}
{"type":2300,"data":{"_from":"focusAreas/1337261","_id":"thenFocusOn/1646823","_key":"1646823","_rev":"_VIenR0y--_","_to":"focusAreas/1337263","orderType":"course"}}
{"type":2300,"data":{"_from":"focusAreas/1337265","_id":"thenFocusOn/1646407","_key":"1646407","_rev":"_VIenRvy---","_to":"focusAreas/1337267","orderType":"course"}}
{"type":2300,"data":{"_from":"focusAreas/1337201","_id":"thenFocusOn/1646685","_key":"1646685","_rev":"_VIenRze--_","_to":"focusAreas/1337203","orderType":"course"}}
{"type":2300,"data":{"_from":"focusAreas/1337501","_id":"thenFocusOn/1647149","_key":"1647149","_rev":"_VIenR32---","_to":"focusAreas/1337503","orderType":"course"}}
{"type":2300,"data":{"_from":"focusAreas/1337369","_id":"thenFocusOn/1647169","_key":"1647169","_rev":"_VIenR4C--A","_to":"focusAreas/1337371","orderType":"course"}}
{"type":2300,"data":{"_from":"focusAreas/1337927","_id":"thenFocusOn/1646413","_key":"1646413","_rev":"_VIenRv2---","_to":"focusAreas/1337929","orderType":"course"}}
{"type":2300,"data":{"_from":"focusAreas/1337753","_id":"thenFocusOn/1647185","_key":"1647185","_rev":"_VIenR4K--B","_to":"focusAreas/1337755","orderType":"course"}}
{"type":2300,"data":{"_from":"focusAreas/1337175","_id":"thenFocusOn/1646501","_key":"1646501","_rev":"_VIenRwq--_","_to":"focusAreas/1337177","orderType":"course"}}
{"type":2300,"data":{"_from":"focusAreas/1337123","_id":"thenFocusOn/1646911","_key":"1646911","_rev":"_VIenR1m---","_to":"focusAreas/1337125","orderType":"course"}}
{"type":2300,"data":{"_from":"focusAreas/1337805","_id":"thenFocusOn/1646961","_key":"1646961","_rev":"_VIenR2C--A","_to":"focusAreas/1337807","orderType":"course"}}
{"type":2300,"data":{"_from":"focusAreas/1337921","_id":"thenFocusOn/1646445","_key":"1646445","_rev":"_VIenRwG--A","_to":"focusAreas/1337923","orderType":"course"}}
{"type":2300,"data":{"_from":"focusAreas/1337307","_id":"thenFocusOn/1646953","_key":"1646953","_rev":"_VIenR2---A","_to":"focusAreas/1337309","orderType":"course"}}
{"type":2300,"data":{"_from":"focusAreas/1337249","_id":"thenFocusOn/1646533","_key":"1646533","_rev":"_VIenRx----","_to":"focusAreas/1337251","orderType":"course"}}
{"type":2300,"data":{"_from":"focusAreas/1337653","_id":"thenFocusOn/1646125","_key":"1646125","_rev":"_VIenRtG---","_to":"focusAreas/1337655","orderType":"course"}}
{"type":2300,"data":{"_from":"focusAreas/1337699","_id":"thenFocusOn/1647053","_key":"1647053","_rev":"_VIenR3----","_to":"focusAreas/1337701","orderType":"course"}}
{"type":2300,"data":{"_from":"focusAreas/1337563","_id":"thenFocusOn/1647075","_key":"1647075","_rev":"_VIenR3K--_","_to":"focusAreas/1337565","orderType":"course"}}
{"type":2300,"data":{"_from":"focusAreas/1337291","_id":"thenFocusOn/1646141","_key":"1646141","_rev":"_VIenRtS---","_to":"focusAreas/1337293","orderType":"course"}}
{"type":2300,"data":{"_from":"focusAreas/1337289","_id":"thenFocusOn/1646711","_key":"1646711","_rev":"_VIenRzu--_","_to":"focusAreas/1337291","orderType":"course"}}
{"type":2300,"data":{"_from":"focusAreas/1337451","_id":"thenFocusOn/1647131","_key":"1647131","_rev":"_VIenR3q--_","_to":"focusAreas/1337453","orderType":"course"}}
{"type":2300,"data":{"_from":"focusAreas/1337371","_id":"thenFocusOn/1646245","_key":"1646245","_rev":"_VIenRuS---","_to":"focusAreas/1337373","orderType":"course"}}
{"type":2300,"data":{"_from":"focusAreas/1337789","_id":"thenFocusOn/1647087","_key":"1647087","_rev":"_VIenR3S--_","_to":"focusAreas/1337791","orderType":"course"}}
{"type":2300,"data":{"_from":"focusAreas/1337467","_id":"thenFocusOn/1646859","_key":"1646859","_rev":"_VIenR1G--_","_to":"focusAreas/1337469","orderType":"course"}}
{"type":2300,"data":{"_from":"focusAreas/1337185","_id":"thenFocusOn/1646329","_key":"1646329","_rev":"_VIenRvC--A","_to":"focusAreas/1337187","orderType":"course"}}
{"type":2300,"data":{"_from":"focusAreas/1337583","_id":"thenFocusOn/1646769","_key":"1646769","_rev":"_VIenR0S--_","_to":"focusAreas/1337585","orderType":"course"}}
{"type":2300,"data":{"_from":"focusAreas/1337695","_id":"thenFocusOn/1646299","_key":"1646299","_rev":"_VIenRuu--B","_to":"focusAreas/1337697","orderType":"course"}}
{"type":2300,"data":{"_from":"focusAreas/1337759","_id":"thenFocusOn/1646363","_key":"1646363","_rev":"_VIenRvW--_","_to":"focusAreas/1337761","orderType":"course"}}
{"type":2300,"data":{"_from":"focusAreas/1337517","_id":"thenFocusOn/1646381","_key":"1646381","_rev":"_VIenRvi--_","_to":"focusAreas/1337519","orderType":"course"}}
{"type":2300,"data":{"_from":"focusAreas/1337189","_id":"thenFocusOn/1646149","_key":"1646149","_rev":"_VIenRtW--_","_to":"focusAreas/1337191","orderType":"course"}}
{"type":2300,"data":{"_from":"focusAreas/1337181","_id":"thenFocusOn/1646931","_key":"1646931","_rev":"_VIenR1y--_","_to":"focusAreas/1337183","orderType":"course"}}
{"type":2300,"data":{"_from":"focusAreas/1337967","_id":"thenFocusOn/1646663","_key":"1646663","_rev":"_VIenRyK--A","_to":"focusAreas/1337969","orderType":"course"}}
{"type":2300,"data":{"_from":"focusAreas/1338025","_id":"thenFocusOn/1646479","_key":"1646479","_rev":"_VIenRwa--A","_to":"focusAreas/1338027","orderType":"course"}}
{"type":2300,"data":{"_from":"focusAreas/1337401","_id":"thenFocusOn/1646713","_key":"1646713","_rev":"_VIenRzu--A","_to":"focusAreas/1337403","orderType":"course"}}
{"type":2300,"data":{"_from":"focusAreas/1337379","_id":"thenFocusOn/1646225","_key":"1646225","_rev":"_VIenRuC--A","_to":"focusAreas/1337381","orderType":"course"}}
{"type":2300,"data":{"_from":"focusAreas/1337399","_id":"thenFocusOn/1646491","_key":"1646491","_rev":"_VIenRwi--_","_to":"focusAreas/1337401","orderType":"course"}}
{"type":2300,"data":{"_from":"focusAreas/1337885","_id":"thenFocusOn/1647077","_key":"1647077","_rev":"_VIenR3K--A","_to":"focusAreas/1337887","orderType":"course"}}
{"type":2300,"data":{"_from":"focusAreas/1337477","_id":"thenFocusOn/1646733","_key":"1646733","_rev":"_VIenR0----","_to":"focusAreas/1337479","orderType":"course"}}
{"type":2300,"data":{"_from":"focusAreas/1338123","_id":"thenFocusOn/1646191","_key":"1646191","_rev":"_VIenRtu--A","_to":"focusAreas/1338125","orderType":"course"}}
{"type":2300,"data":{"_from":"focusAreas/1337693","_id":"thenFocusOn/1646185","_key":"1646185","_rev":"_VIenRtq--A","_to":"focusAreas/1337695","orderType":"course"}}
{"type":2300,"data":{"_from":"focusAreas/1337511","_id":"thenFocusOn/1646607","_key":"1646607","_rev":"_VIenRxq---","_to":"focusAreas/1337513","orderType":"course"}}
{"type":2300,"data":{"_from":"focusAreas/1337945","_id":"thenFocusOn/1646615","_key":"1646615","_rev":"_VIenRxu---","_to":"focusAreas/1337947","orderType":"course"}}
{"type":2300,"data":{"_from":"focusAreas/1337127","_id":"thenFocusOn/1646511","_key":"1646511","_rev":"_VIenRwu--A","_to":"focusAreas/1337129","orderType":"course"}}
{"type":2300,"data":{"_from":"focusAreas/1337519","_id":"thenFocusOn/1646879","_key":"1646879","_rev":"_VIenR1S--A","_to":"focusAreas/1337521","orderType":"course"}}
{"type":2300,"data":{"_from":"focusAreas/1338043","_id":"thenFocusOn/1646247","_key":"1646247","_rev":"_VIenRuS--_","_to":"focusAreas/1338045","orderType":"course"}}
{"type":2300,"data":{"_from":"focusAreas/1338029","_id":"thenFocusOn/1646857","_key":"1646857","_rev":"_VIenR1G---","_to":"focusAreas/1338031","orderType":"course"}}
{"type":2300,"data":{"_from":"focusAreas/1337285","_id":"thenFocusOn/1646427","_key":"1646427","_rev":"_VIenRw----","_to":"focusAreas/1337287","orderType":"course"}}
{"type":2300,"data":{"_from":"focusAreas/1337679","_id":"thenFocusOn/1647249","_key":"1647249","_rev":"_VIeoH4O--_","_to":"focusAreas/1337709","orderType":"grade"}}
{"type":2300,"data":{"_from":"focusAreas/1337089","_id":"thenFocusOn/1646269","_key":"1646269","_rev":"_VIenRue--A","_to":"focusAreas/1337091","orderType":"course"}}
{"type":2300,"data":{"_from":"focusAreas/1337043","_id":"thenFocusOn/1646371","_key":"1646371","_rev":"_VIenRva--A","_to":"focusAreas/1337045","orderType":"course"}}
{"type":2300,"data":{"_from":"focusAreas/1337917","_id":"thenFocusOn/1646537","_key":"1646537","_rev":"_VIenRx---A","_to":"focusAreas/1337919","orderType":"course"}}
{"type":2300,"data":{"_from":"focusAreas/1338087","_id":"thenFocusOn/1647025","_key":"1647025","_rev":"_VIenR2q--A","_to":"focusAreas/1338089","orderType":"course"}}
{"type":2300,"data":{"_from":"focusAreas/1337881","_id":"thenFocusOn/1646993","_key":"1646993","_rev":"_VIenR2W--_","_to":"focusAreas/1337883","orderType":"course"}}
{"type":2300,"data":{"_from":"focusAreas/1337233","_id":"thenFocusOn/1647129","_key":"1647129","_rev":"_VIenR3q---","_to":"focusAreas/1337235","orderType":"course"}}
{"type":2300,"data":{"_from":"focusAreas/1337807","_id":"thenFocusOn/1646497","_key":"1646497","_rev":"_VIenRwm--_","_to":"focusAreas/1337809","orderType":"course"}}
{"type":2300,"data":{"_from":"focusAreas/1338021","_id":"thenFocusOn/1646341","_key":"1646341","_rev":"_VIenRvK--_","_to":"focusAreas/1338023","orderType":"course"}}
{"type":2300,"data":{"_from":"focusAreas/1337627","_id":"thenFocusOn/1646271","_key":"1646271","_rev":"_VIenRue--B","_to":"focusAreas/1337629","orderType":"course"}}
{"type":2300,"data":{"_from":"focusAreas/1337549","_id":"thenFocusOn/1646989","_key":"1646989","_rev":"_VIenR2S--A","_to":"focusAreas/1337551","orderType":"course"}}
{"type":2300,"data":{"_from":"focusAreas/1337317","_id":"thenFocusOn/1647081","_key":"1647081","_rev":"_VIenR3O---","_to":"focusAreas/1337319","orderType":"course"}}
{"type":2300,"data":{"_from":"focusAreas/1337959","_id":"thenFocusOn/1646783","_key":"1646783","_rev":"_VIenR0a--_","_to":"focusAreas/1337961","orderType":"course"}}
{"type":2300,"data":{"_from":"focusAreas/1337739","_id":"thenFocusOn/1646257","_key":"1646257","_rev":"_VIenRuW--A","_to":"focusAreas/1337741","orderType":"course"}}
{"type":2300,"data":{"_from":"focusAreas/1337589","_id":"thenFocusOn/1647125","_key":"1647125","_rev":"_VIenR3m--A","_to":"focusAreas/1337591","orderType":"course"}}
{"type":2300,"data":{"_from":"focusAreas/1337955","_id":"thenFocusOn/1646609","_key":"1646609","_rev":"_VIenRxq--_","_to":"focusAreas/1337957","orderType":"course"}}
{"type":2300,"data":{"_from":"focusAreas/1337303","_id":"thenFocusOn/1646433","_key":"1646433","_rev":"_VIenRwC---","_to":"focusAreas/1337305","orderType":"course"}}
{"type":2300,"data":{"_from":"focusAreas/1337063","_id":"thenFocusOn/1646461","_key":"1646461","_rev":"_VIenRwS---","_to":"focusAreas/1337065","orderType":"course"}}
{"type":2300,"data":{"_from":"focusAreas/1337315","_id":"thenFocusOn/1646951","_key":"1646951","_rev":"_VIenR2---_","_to":"focusAreas/1337317","orderType":"course"}}
{"type":2300,"data":{"_from":"focusAreas/1338093","_id":"thenFocusOn/1646321","_key":"1646321","_rev":"_VIenRv---_","_to":"focusAreas/1338095","orderType":"course"}}
{"type":2300,"data":{"_from":"focusAreas/1337351","_id":"thenFocusOn/1646451","_key":"1646451","_rev":"_VIenRwK--A","_to":"focusAreas/1337353","orderType":"course"}}
{"type":2300,"data":{"_from":"focusAreas/1338095","_id":"thenFocusOn/1646509","_key":"1646509","_rev":"_VIenRwu--_","_to":"focusAreas/1338097","orderType":"course"}}
{"type":2300,"data":{"_from":"focusAreas/1337053","_id":"thenFocusOn/1646903","_key":"1646903","_rev":"_VIenR1i---","_to":"focusAreas/1337055","orderType":"course"}}
{"type":2300,"data":{"_from":"focusAreas/1337809","_id":"thenFocusOn/1646815","_key":"1646815","_rev":"_VIenR0u---","_to":"focusAreas/1337811","orderType":"course"}}
{"type":2300,"data":{"_from":"focusAreas/1337163","_id":"thenFocusOn/1646777","_key":"1646777","_rev":"_VIenR0W--_","_to":"focusAreas/1337165","orderType":"course"}}
{"type":2300,"data":{"_from":"focusAreas/1337721","_id":"thenFocusOn/1646465","_key":"1646465","_rev":"_VIenRwS--A","_to":"focusAreas/1337723","orderType":"course"}}
{"type":2300,"data":{"_from":"focusAreas/1337867","_id":"thenFocusOn/1647279","_key":"1647279","_rev":"_VIeoH4S--D","_to":"focusAreas/1337985","orderType":"grade"}}
{"type":2300,"data":{"_from":"focusAreas/1337815","_id":"thenFocusOn/1646613","_key":"1646613","_rev":"_VIenRxq--B","_to":"focusAreas/1337817","orderType":"course"}}
{"type":2300,"data":{"_from":"focusAreas/1337311","_id":"thenFocusOn/1646287","_key":"1646287","_rev":"_VIenRuq---","_to":"focusAreas/1337313","orderType":"course"}}
{"type":2300,"data":{"_from":"focusAreas/1337925","_id":"thenFocusOn/1647091","_key":"1647091","_rev":"_VIenR3S--B","_to":"focusAreas/1337927","orderType":"course"}}
{"type":2300,"data":{"_from":"focusAreas/1337259","_id":"thenFocusOn/1646137","_key":"1646137","_rev":"_VIenRtO--_","_to":"focusAreas/1337261","orderType":"course"}}
{"type":2300,"data":{"_from":"focusAreas/1337133","_id":"thenFocusOn/1646627","_key":"1646627","_rev":"_VIenRxy--B","_to":"focusAreas/1337135","orderType":"course"}}
{"type":2300,"data":{"_from":"focusAreas/1337591","_id":"thenFocusOn/1647003","_key":"1647003","_rev":"_VIenR2e---","_to":"focusAreas/1337593","orderType":"course"}}
{"type":2300,"data":{"_from":"focusAreas/1337935","_id":"thenFocusOn/1646969","_key":"1646969","_rev":"_VIenR2G--B","_to":"focusAreas/1337937","orderType":"course"}}
{"type":2300,"data":{"_from":"focusAreas/1338135","_id":"thenFocusOn/1647073","_key":"1647073","_rev":"_VIenR3K---","_to":"focusAreas/1338137","orderType":"course"}}
{"type":2300,"data":{"_from":"focusAreas/1337231","_id":"thenFocusOn/1646459","_key":"1646459","_rev":"_VIenRwO--A","_to":"focusAreas/1337233","orderType":"course"}}
{"type":2300,"data":{"_from":"focusAreas/1337093","_id":"thenFocusOn/1647255","_key":"1647255","_rev":"_VIeoH4O--C","_to":"focusAreas/1337095","orderType":"grade"}}
{"type":2300,"data":{"_from":"focusAreas/1338141","_id":"thenFocusOn/1647015","_key":"1647015","_rev":"_VIenR2m---","_to":"focusAreas/1338143","orderType":"course"}}
{"type":2300,"data":{"_from":"focusAreas/1337485","_id":"thenFocusOn/1646671","_key":"1646671","_rev":"_VIenRzW--_","_to":"focusAreas/1337487","orderType":"course"}}
{"type":2300,"data":{"_from":"focusAreas/1337623","_id":"thenFocusOn/1647171","_key":"1647171","_rev":"_VIenR4C--B","_to":"focusAreas/1337625","orderType":"course"}}
{"type":2300,"data":{"_from":"focusAreas/1337527","_id":"thenFocusOn/1647109","_key":"1647109","_rev":"_VIenR3e--_","_to":"focusAreas/1337529","orderType":"course"}}
{"type":2300,"data":{"_from":"focusAreas/1338155","_id":"thenFocusOn/1646139","_key":"1646139","_rev":"_VIenRtO--A","_to":"focusAreas/1338157","orderType":"course"}}
{"type":2300,"data":{"_from":"focusAreas/1338061","_id":"thenFocusOn/1646243","_key":"1646243","_rev":"_VIenRuO--A","_to":"focusAreas/1338063","orderType":"course"}}
{"type":2300,"data":{"_from":"focusAreas/1338125","_id":"thenFocusOn/1646487","_key":"1646487","_rev":"_VIenRwe--A","_to":"focusAreas/1338127","orderType":"course"}}
{"type":2300,"data":{"_from":"focusAreas/1337521","_id":"thenFocusOn/1646527","_key":"1646527","_rev":"_VIenRw6---","_to":"focusAreas/1337523","orderType":"course"}}
{"type":2300,"data":{"_from":"focusAreas/1337745","_id":"thenFocusOn/1646659","_key":"1646659","_rev":"_VIenRyK---","_to":"focusAreas/1337747","orderType":"course"}}
{"type":2300,"data":{"_from":"focusAreas/1337125","_id":"thenFocusOn/1646767","_key":"1646767","_rev":"_VIenR0S---","_to":"focusAreas/1337127","orderType":"course"}}
{"type":2300,"data":{"_from":"focusAreas/1337895","_id":"thenFocusOn/1646151","_key":"1646151","_rev":"_VIenRtW--A","_to":"focusAreas/1337897","orderType":"course"}}
{"type":2300,"data":{"_from":"focusAreas/1337525","_id":"thenFocusOn/1646449","_key":"1646449","_rev":"_VIenRwK--_","_to":"focusAreas/1337527","orderType":"course"}}
{"type":2300,"data":{"_from":"focusAreas/1337777","_id":"thenFocusOn/1646415","_key":"1646415","_rev":"_VIenRv2--_","_to":"focusAreas/1337779","orderType":"course"}}
{"type":2300,"data":{"_from":"focusAreas/1337545","_id":"thenFocusOn/1646885","_key":"1646885","_rev":"_VIenR1W--_","_to":"focusAreas/1337547","orderType":"course"}}
{"type":2300,"data":{"_from":"focusAreas/1337977","_id":"thenFocusOn/1646253","_key":"1646253","_rev":"_VIenRuW---","_to":"focusAreas/1337979","orderType":"course"}}
{"type":2300,"data":{"_from":"focusAreas/1337173","_id":"thenFocusOn/1647295","_key":"1647295","_rev":"_VIeoH4S--L","_to":"focusAreas/1337175","orderType":"grade"}}
{"type":2300,"data":{"_from":"focusAreas/1337867","_id":"thenFocusOn/1647269","_key":"1647269","_rev":"_VIeoH4S---","_to":"focusAreas/1337869","orderType":"grade"}}
{"type":2300,"data":{"_from":"focusAreas/1337403","_id":"thenFocusOn/1646367","_key":"1646367","_rev":"_VIenRva---","_to":"focusAreas/1337405","orderType":"course"}}
{"type":2300,"data":{"_from":"focusAreas/1337833","_id":"thenFocusOn/1647113","_key":"1647113","_rev":"_VIenR3e--B","_to":"focusAreas/1337835","orderType":"course"}}
{"type":2300,"data":{"_from":"focusAreas/1337911","_id":"thenFocusOn/1646303","_key":"1646303","_rev":"_VIenRuy--_","_to":"focusAreas/1337913","orderType":"course"}}
{"type":2300,"data":{"_from":"focusAreas/1337873","_id":"thenFocusOn/1646171","_key":"1646171","_rev":"_VIenRti--A","_to":"focusAreas/1337875","orderType":"course"}}
{"type":2300,"data":{"_from":"focusAreas/1337923","_id":"thenFocusOn/1646143","_key":"1646143","_rev":"_VIenRtS--_","_to":"focusAreas/1337925","orderType":"course"}}
{"type":2300,"data":{"_from":"focusAreas/1337335","_id":"thenFocusOn/1646473","_key":"1646473","_rev":"_VIenRwW--A","_to":"focusAreas/1337337","orderType":"course"}}
{"type":2300,"data":{"_from":"focusAreas/1337585","_id":"thenFocusOn/1646153","_key":"1646153","_rev":"_VIenRta---","_to":"focusAreas/1337587","orderType":"course"}}
{"type":2300,"data":{"_from":"focusAreas/1337913","_id":"thenFocusOn/1646261","_key":"1646261","_rev":"_VIenRua--_","_to":"focusAreas/1337915","orderType":"course"}}
{"type":2300,"data":{"_from":"focusAreas/1337345","_id":"thenFocusOn/1646311","_key":"1646311","_rev":"_VIenRu2--A","_to":"focusAreas/1337347","orderType":"course"}}
{"type":2300,"data":{"_from":"focusAreas/1337149","_id":"thenFocusOn/1646915","_key":"1646915","_rev":"_VIenR1m--A","_to":"focusAreas/1337151","orderType":"course"}}
{"type":2300,"data":{"_from":"focusAreas/1337491","_id":"thenFocusOn/1646605","_key":"1646605","_rev":"_VIenRxm--A","_to":"focusAreas/1337493","orderType":"course"}}
{"type":2300,"data":{"_from":"focusAreas/1337217","_id":"thenFocusOn/1646195","_key":"1646195","_rev":"_VIenRty---","_to":"focusAreas/1337219","orderType":"course"}}
{"type":2300,"data":{"_from":"focusAreas/1337597","_id":"thenFocusOn/1646177","_key":"1646177","_rev":"_VIenRtm--A","_to":"focusAreas/1337599","orderType":"course"}}
{"type":2300,"data":{"_from":"focusAreas/1337715","_id":"thenFocusOn/1646333","_key":"1646333","_rev":"_VIenRvG--_","_to":"focusAreas/1337717","orderType":"course"}}
{"type":2300,"data":{"_from":"focusAreas/1337689","_id":"thenFocusOn/1647151","_key":"1647151","_rev":"_VIenR32--_","_to":"focusAreas/1337691","orderType":"course"}}
{"type":2300,"data":{"_from":"focusAreas/1337737","_id":"thenFocusOn/1646935","_key":"1646935","_rev":"_VIenR12---","_to":"focusAreas/1337739","orderType":"course"}}
{"type":2300,"data":{"_from":"focusAreas/1337257","_id":"thenFocusOn/1646899","_key":"1646899","_rev":"_VIenR1e--_","_to":"focusAreas/1337259","orderType":"course"}}
{"type":2300,"data":{"_from":"focusAreas/1337297","_id":"thenFocusOn/1646249","_key":"1646249","_rev":"_VIenRuS--A","_to":"focusAreas/1337299","orderType":"course"}}
{"type":2300,"data":{"_from":"focusAreas/1337717","_id":"thenFocusOn/1647179","_key":"1647179","_rev":"_VIenR4K---","_to":"focusAreas/1337719","orderType":"course"}}
{"type":2300,"data":{"_from":"focusAreas/1337633","_id":"thenFocusOn/1646539","_key":"1646539","_rev":"_VIenRx---B","_to":"focusAreas/1337635","orderType":"course"}}
{"type":2300,"data":{"_from":"focusAreas/1337735","_id":"thenFocusOn/1646423","_key":"1646423","_rev":"_VIenRv6--A","_to":"focusAreas/1337737","orderType":"course"}}
{"type":2300,"data":{"_from":"focusAreas/1337765","_id":"thenFocusOn/1646387","_key":"1646387","_rev":"_VIenRvm---","_to":"focusAreas/1337767","orderType":"course"}}
{"type":2300,"data":{"_from":"focusAreas/1337455","_id":"thenFocusOn/1646503","_key":"1646503","_rev":"_VIenRwq--A","_to":"focusAreas/1337457","orderType":"course"}}
{"type":2300,"data":{"_from":"focusAreas/1337839","_id":"thenFocusOn/1646981","_key":"1646981","_rev":"_VIenR2O--A","_to":"focusAreas/1337841","orderType":"course"}}
{"type":2300,"data":{"_from":"focusAreas/1337939","_id":"thenFocusOn/1646175","_key":"1646175","_rev":"_VIenRtm--_","_to":"focusAreas/1337941","orderType":"course"}}
{"type":2300,"data":{"_from":"focusAreas/1337853","_id":"thenFocusOn/1646597","_key":"1646597","_rev":"_VIenRxi--A","_to":"focusAreas/1337855","orderType":"course"}}
{"type":2300,"data":{"_from":"focusAreas/1337487","_id":"thenFocusOn/1646393","_key":"1646393","_rev":"_VIenRvq---","_to":"focusAreas/1337489","orderType":"course"}}
{"type":2300,"data":{"_from":"focusAreas/1337353","_id":"thenFocusOn/1646339","_key":"1646339","_rev":"_VIenRvK---","_to":"focusAreas/1337355","orderType":"course"}}
