{"type":2302,"data":{"_key":"5914889","_rev":"_VWaLu0q--B"}}
{"type":2302,"data":{"_key":"5914568","_rev":"_VWaJ1jW--C"}}
{"type":2302,"data":{"_key":"5914982","_rev":"_VWaMFVS--_"}}
{"type":2302,"data":{"_key":"5914562","_rev":"_VWaJ1jW--_"}}
{"type":2302,"data":{"_key":"5914287","_rev":"_VWaHtim--D"}}
{"type":2302,"data":{"_key":"5914558","_rev":"_VWaJ1jW---"}}
{"type":2302,"data":{"_key":"5913857","_rev":"_VWaCDzm--D"}}
{"type":2302,"data":{"_key":"5913845","_rev":"_VWaCDzm---"}}
{"type":2302,"data":{"_key":"5914388","_rev":"_VWaIQWm--C"}}
{"type":2302,"data":{"_key":"5913544","_rev":"_VWa_pzq--C"}}
{"type":2302,"data":{"_key":"5913849","_rev":"_VWaCDzm--_"}}
{"type":2302,"data":{"_key":"5914738","_rev":"_VWaKyUy--A"}}
{"type":2302,"data":{"_key":"5909231","_rev":"_VWZbNb6---"}}
{"type":2302,"data":{"_key":"5908602","_rev":"_VWZVkBC--D"}}
{"type":2302,"data":{"_key":"5914984","_rev":"_VWaMFVS--A"}}
{"type":2302,"data":{"_key":"5914887","_rev":"_VWaLu0q--A"}}
{"type":2302,"data":{"_key":"5914570","_rev":"_VWaJ1jW--D"}}
{"type":2302,"data":{"_key":"5914283","_rev":"_VWaHtim--B"}}
{"type":2302,"data":{"_key":"5914744","_rev":"_VWaKyUy--D"}}
{"type":2302,"data":{"_key":"5909564","_rev":"_VWZcFgW--D"}}
{"type":2302,"data":{"_key":"5913853","_rev":"_VWaCDzm--B"}}
{"type":2302,"data":{"_key":"5909733","_rev":"_VWZdXxK--C"}}
{"type":2302,"data":{"_key":"5914988","_rev":"_VWaMFVS--C"}}
{"type":2302,"data":{"_key":"5914386","_rev":"_VWaIQWm--B"}}
{"type":2302,"data":{"_key":"5909560","_rev":"_VWZcFgW--B"}}
{"type":2302,"data":{"_key":"5914736","_rev":"_VWaKyUy--_"}}
{"type":2302,"data":{"_key":"5914740","_rev":"_VWaKyUy--B"}}
{"type":2302,"data":{"_key":"5914384","_rev":"_VWaIQWm--A"}}
{"type":2302,"data":{"_key":"5909237","_rev":"_VWZbNb6--A"}}
{"type":2302,"data":{"_key":"5914742","_rev":"_VWaKyUy--C"}}
{"type":2302,"data":{"_key":"5909239","_rev":"_VWZbNb6--B"}}
{"type":2302,"data":{"_key":"5914564","_rev":"_VWaJ1jW--A"}}
{"type":2302,"data":{"_key":"5913540","_rev":"_VWa_pzq--A"}}
{"type":2302,"data":{"_key":"5909723","_rev":"_VWZdXxK---"}}
{"type":2302,"data":{"_key":"5914275","_rev":"_VWaHtim---"}}
{"type":2302,"data":{"_key":"5913546","_rev":"_VWa_pzq--D"}}
{"type":2302,"data":{"_key":"5914390","_rev":"_VWaIQWm--D"}}
{"type":2302,"data":{"_key":"5914285","_rev":"_VWaHtim--C"}}
{"type":2302,"data":{"_key":"5908597","_rev":"_VWZVkBC--A"}}
{"type":2302,"data":{"_key":"5909556","_rev":"_VWZcFgW--_"}}
{"type":2302,"data":{"_key":"5913653","_rev":"_VWaASAC--A"}}
{"type":2302,"data":{"_key":"5909731","_rev":"_VWZdXxK--B"}}
{"type":2302,"data":{"_key":"5913655","_rev":"_VWaASAC--B"}}
{"type":2302,"data":{"_key":"5909727","_rev":"_VWZdXxK--_"}}
{"type":2302,"data":{"_key":"5909243","_rev":"_VWZbNb6--D"}}
{"type":2302,"data":{"_key":"5914281","_rev":"_VWaHtim--A"}}
{"type":2302,"data":{"_key":"5913855","_rev":"_VWaCDzm--C"}}
{"type":2302,"data":{"_key":"5908604","_rev":"_VWZVkBC--E"}}
{"type":2302,"data":{"_key":"5909235","_rev":"_VWZbNb6--_"}}
{"type":2302,"data":{"_key":"5914566","_rev":"_VWaJ1jW--B"}}
{"type":2302,"data":{"_key":"5914881","_rev":"_VWaLu0q---"}}
{"type":2302,"data":{"_key":"5914891","_rev":"_VWaLu0q--C"}}
{"type":2302,"data":{"_key":"5913657","_rev":"_VWaASAC--C"}}
{"type":2302,"data":{"_key":"5913534","_rev":"_VWa_pzq---"}}
{"type":2302,"data":{"_key":"5909729","_rev":"_VWZdXxK--A"}}
{"type":2302,"data":{"_key":"5909552","_rev":"_VWZcFgW---"}}
{"type":2302,"data":{"_key":"5914382","_rev":"_VWaIQWm--_"}}
{"type":2302,"data":{"_key":"5913851","_rev":"_VWaCDzm--A"}}
{"type":2302,"data":{"_key":"5913542","_rev":"_VWa_pzq--B"}}
{"type":2302,"data":{"_key":"5909735","_rev":"_VWZdXxK--D"}}
{"type":2302,"data":{"_key":"5909558","_rev":"_VWZcFgW--A"}}
{"type":2302,"data":{"_key":"5914986","_rev":"_VWaMFVS--B"}}
{"type":2302,"data":{"_key":"5914378","_rev":"_VWaIQWm---"}}
{"type":2302,"data":{"_key":"5908591","_rev":"_VWZVkBC---"}}
{"type":2302,"data":{"_key":"5914885","_rev":"_VWaLu0q--_"}}
{"type":2302,"data":{"_key":"5914732","_rev":"_VWaKyUy---"}}
{"type":2302,"data":{"_key":"5908595","_rev":"_VWZVkBC--_"}}
{"type":2302,"data":{"_key":"5913538","_rev":"_VWa_pzq--_"}}
{"type":2302,"data":{"_key":"5914990","_rev":"_VWaMFVS--D"}}
{"type":2302,"data":{"_key":"5908599","_rev":"_VWZVkBC--B"}}
{"type":2302,"data":{"_key":"5909241","_rev":"_VWZbNb6--C"}}
{"type":2302,"data":{"_key":"5913659","_rev":"_VWaASAC--D"}}
{"type":2302,"data":{"_key":"5914978","_rev":"_VWaMFVS---"}}
{"type":2302,"data":{"_key":"5914279","_rev":"_VWaHtim--_"}}
{"type":2302,"data":{"_key":"5913647","_rev":"_VWaASAC---"}}
{"type":2302,"data":{"_key":"5913651","_rev":"_VWaASAC--_"}}
{"type":2302,"data":{"_key":"5914893","_rev":"_VWaLu0q--D"}}
{"type":2302,"data":{"_key":"5909562","_rev":"_VWZcFgW--C"}}
{"type":2302,"data":{"_key":"5919856","_rev":"_VWa4Jou--C"}}
{"type":2302,"data":{"_key":"5921167","_rev":"_VWbEXT---_"}}
{"type":2302,"data":{"_key":"5922860","_rev":"_VWbVxQG--A"}}
{"type":2302,"data":{"_key":"5922864","_rev":"_VWbVxQG--C"}}
{"type":2302,"data":{"_key":"5922862","_rev":"_VWbVxQG--B"}}
{"type":2302,"data":{"_key":"5919854","_rev":"_VWa4Jou--B"}}
{"type":2302,"data":{"_key":"5918612","_rev":"_VWas7di--D"}}
{"type":2302,"data":{"_key":"5920578","_rev":"_VWb_-Zi--B"}}
{"type":2302,"data":{"_key":"5922866","_rev":"_VWbVxQG--D"}}
{"type":2302,"data":{"_key":"5918606","_rev":"_VWas7di--A"}}
{"type":2302,"data":{"_key":"5918610","_rev":"_VWas7di--C"}}
{"type":2302,"data":{"_key":"5920574","_rev":"_VWb_-Zi--_"}}
{"type":2302,"data":{"_key":"5922854","_rev":"_VWbVxQG---"}}
{"type":2302,"data":{"_key":"5921163","_rev":"_VWbEXT----"}}
{"type":2302,"data":{"_key":"5919846","_rev":"_VWa4Jou---"}}
{"type":2302,"data":{"_key":"5920580","_rev":"_VWb_-Zi--C"}}
{"type":2302,"data":{"_key":"5919858","_rev":"_VWa4Jou--D"}}
{"type":2302,"data":{"_key":"5920570","_rev":"_VWb_-Zi---"}}
{"type":2302,"data":{"_key":"5921171","_rev":"_VWbEXT---B"}}
{"type":2302,"data":{"_key":"5919850","_rev":"_VWa4Jou--_"}}
{"type":2302,"data":{"_key":"5918608","_rev":"_VWas7di--B"}}
{"type":2302,"data":{"_key":"5918604","_rev":"_VWas7di--_"}}
{"type":2302,"data":{"_key":"5921169","_rev":"_VWbEXT---A"}}
{"type":2302,"data":{"_key":"5920576","_rev":"_VWb_-Zi--A"}}
{"type":2302,"data":{"_key":"5922858","_rev":"_VWbVxQG--_"}}
{"type":2302,"data":{"_key":"5918600","_rev":"_VWas7di---"}}
{"type":2302,"data":{"_key":"5919852","_rev":"_VWa4Jou--A"}}
{"type":2302,"data":{"_key":"5921173","_rev":"_VWbEXT---C"}}
{"type":2302,"data":{"_key":"5930279","_rev":"_VWcZDIu--A"}}
{"type":2302,"data":{"_key":"5930295","_rev":"_VWcZDIu--I"}}
{"type":2302,"data":{"_key":"5930281","_rev":"_VWcZDIu--B"}}
{"type":2302,"data":{"_key":"5930299","_rev":"_VWcZDIu--K"}}
{"type":2302,"data":{"_key":"5930277","_rev":"_VWcZDIu--_"}}
{"type":2302,"data":{"_key":"5930287","_rev":"_VWcZDIu--E"}}
{"type":2302,"data":{"_key":"5930283","_rev":"_VWcZDIu--C"}}
{"type":2302,"data":{"_key":"5930309","_rev":"_VWcZDIu--P"}}
{"type":2302,"data":{"_key":"5930289","_rev":"_VWcZDIu--F"}}
{"type":2302,"data":{"_key":"5930293","_rev":"_VWcZDIu--H"}}
{"type":2302,"data":{"_key":"5930291","_rev":"_VWcZDIu--G"}}
{"type":2302,"data":{"_key":"5930297","_rev":"_VWcZDIu--J"}}
{"type":2302,"data":{"_key":"5930305","_rev":"_VWcZDIu--N"}}
{"type":2302,"data":{"_key":"5930303","_rev":"_VWcZDIu--M"}}
{"type":2302,"data":{"_key":"5930307","_rev":"_VWcZDIu--O"}}
{"type":2302,"data":{"_key":"5930285","_rev":"_VWcZDIu--D"}}
{"type":2302,"data":{"_key":"5930273","_rev":"_VWcZDIu---"}}
{"type":2302,"data":{"_key":"5930301","_rev":"_VWcZDIu--L"}}
{"type":2302,"data":{"_key":"5946885","_rev":"_VWfBd5e---"}}
{"type":2302,"data":{"_key":"5946815","_rev":"_VWfAdgG---"}}
{"type":2302,"data":{"_key":"5946839","_rev":"_VWfAxEG---"}}
{"type":2302,"data":{"_key":"5949464","_rev":"_VWfdxke---"}}
{"type":2302,"data":{"_key":"5955268","_rev":"_VWgGDL2--A"}}
{"type":2302,"data":{"_key":"5954802","_rev":"_VWgERbC--A"}}
{"type":2302,"data":{"_key":"5955212","_rev":"_VWgGDLu--F"}}
{"type":2302,"data":{"_key":"5954816","_rev":"_VWgERbG--_"}}
{"type":2302,"data":{"_key":"5954814","_rev":"_VWgERbG---"}}
{"type":2302,"data":{"_key":"5954840","_rev":"_VWgERbG--L"}}
{"type":2302,"data":{"_key":"5955234","_rev":"_VWgGDLy--H"}}
{"type":2302,"data":{"_key":"5954737","_rev":"_VWgEO-u--_"}}
{"type":2302,"data":{"_key":"5954810","_rev":"_VWgERbC--E"}}
{"type":2302,"data":{"_key":"5955218","_rev":"_VWgGDLy--_"}}
{"type":2302,"data":{"_key":"5955258","_rev":"_VWgGDLy--T"}}
{"type":2302,"data":{"_key":"5954834","_rev":"_VWgERbG--I"}}
{"type":2302,"data":{"_key":"5955224","_rev":"_VWgGDLy--C"}}
{"type":2302,"data":{"_key":"5955222","_rev":"_VWgGDLy--B"}}
{"type":2302,"data":{"_key":"5954751","_rev":"_VWgEO-u--G"}}
{"type":2302,"data":{"_key":"5955232","_rev":"_VWgGDLy--G"}}
{"type":2302,"data":{"_key":"5955248","_rev":"_VWgGDLy--O"}}
{"type":2302,"data":{"_key":"5955260","_rev":"_VWgGDLy--U"}}
{"type":2302,"data":{"_key":"5954812","_rev":"_VWgERbC--F"}}
{"type":2302,"data":{"_key":"5954824","_rev":"_VWgERbG--D"}}
{"type":2302,"data":{"_key":"5954828","_rev":"_VWgERbG--F"}}
{"type":2302,"data":{"_key":"5955242","_rev":"_VWgGDLy--L"}}
{"type":2302,"data":{"_key":"5954745","_rev":"_VWgEO-u--D"}}
{"type":2302,"data":{"_key":"5955280","_rev":"_VWgGDL2--G"}}
{"type":2302,"data":{"_key":"5955220","_rev":"_VWgGDLy--A"}}
{"type":2302,"data":{"_key":"5954800","_rev":"_VWgERbC--_"}}
{"type":2302,"data":{"_key":"5955236","_rev":"_VWgGDLy--I"}}
{"type":2302,"data":{"_key":"5954757","_rev":"_VWgEO-u--J"}}
{"type":2302,"data":{"_key":"5955278","_rev":"_VWgGDL2--F"}}
{"type":2302,"data":{"_key":"5954755","_rev":"_VWgEO-u--I"}}
{"type":2302,"data":{"_key":"5954804","_rev":"_VWgERbC--B"}}
{"type":2302,"data":{"_key":"5955250","_rev":"_VWgGDLy--P"}}
{"type":2302,"data":{"_key":"5954739","_rev":"_VWgEO-u--A"}}
{"type":2302,"data":{"_key":"5954741","_rev":"_VWgEO-u--B"}}
{"type":2302,"data":{"_key":"5954820","_rev":"_VWgERbG--B"}}
{"type":2302,"data":{"_key":"5954808","_rev":"_VWgERbC--D"}}
{"type":2302,"data":{"_key":"5955254","_rev":"_VWgGDLy--R"}}
{"type":2302,"data":{"_key":"5955276","_rev":"_VWgGDL2--E"}}
{"type":2302,"data":{"_key":"5955256","_rev":"_VWgGDLy--S"}}
{"type":2302,"data":{"_key":"5954749","_rev":"_VWgEO-u--F"}}
{"type":2302,"data":{"_key":"5955274","_rev":"_VWgGDL2--D"}}
{"type":2302,"data":{"_key":"5955230","_rev":"_VWgGDLy--F"}}
{"type":2302,"data":{"_key":"5954806","_rev":"_VWgERbC--C"}}
{"type":2302,"data":{"_key":"5955240","_rev":"_VWgGDLy--K"}}
{"type":2302,"data":{"_key":"5954844","_rev":"_VWgERbG--N"}}
{"type":2302,"data":{"_key":"5955214","_rev":"_VWgGDLu--G"}}
{"type":2302,"data":{"_key":"5955238","_rev":"_VWgGDLy--J"}}
{"type":2302,"data":{"_key":"5955216","_rev":"_VWgGDLy---"}}
{"type":2302,"data":{"_key":"5955246","_rev":"_VWgGDLy--N"}}
{"type":2302,"data":{"_key":"5955226","_rev":"_VWgGDLy--D"}}
{"type":2302,"data":{"_key":"5955228","_rev":"_VWgGDLy--E"}}
{"type":2302,"data":{"_key":"5955209","_rev":"_VWgGDLu--E"}}
{"type":2302,"data":{"_key":"5955244","_rev":"_VWgGDLy--M"}}
{"type":2302,"data":{"_key":"5955264","_rev":"_VWgGDL2---"}}
{"type":2302,"data":{"_key":"5954743","_rev":"_VWgEO-u--C"}}
{"type":2302,"data":{"_key":"5954822","_rev":"_VWgERbG--C"}}
{"type":2302,"data":{"_key":"5954747","_rev":"_VWgEO-u--E"}}
{"type":2302,"data":{"_key":"5955262","_rev":"_VWgGDLy--V"}}
{"type":2302,"data":{"_key":"5955272","_rev":"_VWgGDL2--C"}}
{"type":2302,"data":{"_key":"5954842","_rev":"_VWgERbG--M"}}
{"type":2302,"data":{"_key":"5954818","_rev":"_VWgERbG--A"}}
{"type":2302,"data":{"_key":"5954797","_rev":"_VWgERbC---"}}
{"type":2302,"data":{"_key":"5954753","_rev":"_VWgEO-u--H"}}
{"type":2302,"data":{"_key":"5954838","_rev":"_VWgERbG--K"}}
{"type":2302,"data":{"_key":"5954830","_rev":"_VWgERbG--G"}}
{"type":2302,"data":{"_key":"5955252","_rev":"_VWgGDLy--Q"}}
{"type":2302,"data":{"_key":"5954836","_rev":"_VWgERbG--J"}}
{"type":2302,"data":{"_key":"5955266","_rev":"_VWgGDL2--_"}}
{"type":2302,"data":{"_key":"5954832","_rev":"_VWgERbG--H"}}
{"type":2302,"data":{"_key":"5954734","_rev":"_VWgEO-u---"}}
{"type":2302,"data":{"_key":"5955270","_rev":"_VWgGDL2--B"}}
{"type":2302,"data":{"_key":"5954826","_rev":"_VWgERbG--E"}}
{"type":2302,"data":{"_key":"5955923","_rev":"_VWgJdY---D"}}
{"type":2302,"data":{"_key":"5955935","_rev":"_VWgJdY---J"}}
{"type":2302,"data":{"_key":"5955921","_rev":"_VWgJdY---C"}}
{"type":2302,"data":{"_key":"5955929","_rev":"_VWgJdY---G"}}
{"type":2302,"data":{"_key":"5955917","_rev":"_VWgJdY---A"}}
{"type":2302,"data":{"_key":"5955931","_rev":"_VWgJdY---H"}}
{"type":2302,"data":{"_key":"5955933","_rev":"_VWgJdY---I"}}
{"type":2302,"data":{"_key":"5955919","_rev":"_VWgJdY---B"}}
{"type":2302,"data":{"_key":"5955925","_rev":"_VWgJdY---E"}}
{"type":2302,"data":{"_key":"5955912","_rev":"_VWgJdY----"}}
{"type":2302,"data":{"_key":"5955927","_rev":"_VWgJdY---F"}}
{"type":2302,"data":{"_key":"5955915","_rev":"_VWgJdY---_"}}
{"type":2302,"data":{"_key":"5956823","_rev":"_VWgN58q---"}}
{"type":2302,"data":{"_key":"5956817","_rev":"_VWgN58m--B"}}
{"type":2302,"data":{"_key":"5956813","_rev":"_VWgN58m--_"}}
{"type":2302,"data":{"_key":"5956829","_rev":"_VWgN58q--B"}}
{"type":2302,"data":{"_key":"5956833","_rev":"_VWgN58q--D"}}
{"type":2302,"data":{"_key":"5956831","_rev":"_VWgN58q--C"}}
{"type":2302,"data":{"_key":"5956821","_rev":"_VWgN58m--D"}}
{"type":2302,"data":{"_key":"5956810","_rev":"_VWgN58m---"}}
{"type":2302,"data":{"_key":"5956815","_rev":"_VWgN58m--A"}}
{"type":2302,"data":{"_key":"5956827","_rev":"_VWgN58q--A"}}
{"type":2302,"data":{"_key":"5956825","_rev":"_VWgN58q--_"}}
{"type":2302,"data":{"_key":"5956819","_rev":"_VWgN58m--C"}}
{"type":2302,"data":{"_key":"5957966","_rev":"_VWgT1ZC--A"}}
{"type":2302,"data":{"_key":"5957950","_rev":"_VWgT1Y2--I"}}
{"type":2302,"data":{"_key":"5957506","_rev":"_VWgTCgm--E"}}
{"type":2302,"data":{"_key":"5957515","_rev":"_VWgTCgq--A"}}
{"type":2302,"data":{"_key":"5957517","_rev":"_VWgTCgq--B"}}
{"type":2302,"data":{"_key":"5957974","_rev":"_VWgT1ZC--E"}}
{"type":2302,"data":{"_key":"5957984","_rev":"_VWgT1ZC--J"}}
{"type":2302,"data":{"_key":"5957988","_rev":"_VWgT1ZC--L"}}
{"type":2302,"data":{"_key":"5957523","_rev":"_VWgTCgq--E"}}
{"type":2302,"data":{"_key":"5957976","_rev":"_VWgT1ZC--F"}}
{"type":2302,"data":{"_key":"5957968","_rev":"_VWgT1ZC--B"}}
{"type":2302,"data":{"_key":"5957513","_rev":"_VWgTCgq--_"}}
{"type":2302,"data":{"_key":"5957980","_rev":"_VWgT1ZC--H"}}
{"type":2302,"data":{"_key":"5957962","_rev":"_VWgT1ZC---"}}
{"type":2302,"data":{"_key":"5957986","_rev":"_VWgT1ZC--K"}}
{"type":2302,"data":{"_key":"5957970","_rev":"_VWgT1ZC--C"}}
{"type":2302,"data":{"_key":"5957978","_rev":"_VWgT1ZC--G"}}
{"type":2302,"data":{"_key":"5957521","_rev":"_VWgTCgq--D"}}
{"type":2302,"data":{"_key":"5957941","_rev":"_VWgT1Y2--E"}}
{"type":2302,"data":{"_key":"5957527","_rev":"_VWgTCgq--G"}}
{"type":2302,"data":{"_key":"5957958","_rev":"_VWgT1Y6--A"}}
{"type":2302,"data":{"_key":"5957952","_rev":"_VWgT1Y2--J"}}
{"type":2302,"data":{"_key":"5957511","_rev":"_VWgTCgq---"}}
{"type":2302,"data":{"_key":"5957944","_rev":"_VWgT1Y2--F"}}
{"type":2302,"data":{"_key":"5957948","_rev":"_VWgT1Y2--H"}}
{"type":2302,"data":{"_key":"5957982","_rev":"_VWgT1ZC--I"}}
{"type":2302,"data":{"_key":"5957525","_rev":"_VWgTCgq--F"}}
{"type":2302,"data":{"_key":"5957956","_rev":"_VWgT1Y6--_"}}
{"type":2302,"data":{"_key":"5957509","_rev":"_VWgTCgm--F"}}
{"type":2302,"data":{"_key":"5957964","_rev":"_VWgT1ZC--_"}}
{"type":2302,"data":{"_key":"5957946","_rev":"_VWgT1Y2--G"}}
{"type":2302,"data":{"_key":"5957519","_rev":"_VWgTCgq--C"}}
{"type":2302,"data":{"_key":"5957960","_rev":"_VWgT1Y6--B"}}
{"type":2302,"data":{"_key":"5957954","_rev":"_VWgT1Y6---"}}
{"type":2302,"data":{"_key":"5957529","_rev":"_VWgTCgq--H"}}
{"type":2302,"data":{"_key":"5957972","_rev":"_VWgT1ZC--D"}}
{"type":2302,"data":{"_key":"5958661","_rev":"_VWgVmWK--_"}}
{"type":2302,"data":{"_key":"5958667","_rev":"_VWgVmWK--C"}}
{"type":2302,"data":{"_key":"5958658","_rev":"_VWgVmWK---"}}
{"type":2302,"data":{"_key":"5958663","_rev":"_VWgVmWK--A"}}
{"type":2302,"data":{"_key":"5958675","_rev":"_VWgVmWK--G"}}
{"type":2302,"data":{"_key":"5958669","_rev":"_VWgVmWK--D"}}
{"type":2302,"data":{"_key":"5958681","_rev":"_VWgVmWK--J"}}
{"type":2302,"data":{"_key":"5958665","_rev":"_VWgVmWK--B"}}
{"type":2302,"data":{"_key":"5958677","_rev":"_VWgVmWK--H"}}
{"type":2302,"data":{"_key":"5958679","_rev":"_VWgVmWK--I"}}
{"type":2302,"data":{"_key":"5958673","_rev":"_VWgVmWK--F"}}
{"type":2302,"data":{"_key":"5958671","_rev":"_VWgVmWK--E"}}
{"type":2302,"data":{"_key":"5959418","_rev":"_VWgY-cm--G"}}
{"type":2302,"data":{"_key":"5959616","_rev":"_VWgZDEC--K"}}
{"type":2302,"data":{"_key":"5959642","_rev":"_VWgZDEK--C"}}
{"type":2302,"data":{"_key":"5959618","_rev":"_VWgZDEG---"}}
{"type":2302,"data":{"_key":"5959614","_rev":"_VWgZDEC--J"}}
{"type":2302,"data":{"_key":"5959636","_rev":"_VWgZDEK--_"}}
{"type":2302,"data":{"_key":"5959640","_rev":"_VWgZDEK--B"}}
{"type":2302,"data":{"_key":"5959634","_rev":"_VWgZDEK---"}}
{"type":2302,"data":{"_key":"5959644","_rev":"_VWgZDEK--D"}}
{"type":2302,"data":{"_key":"5959430","_rev":"_VWgY-cq--A"}}
{"type":2302,"data":{"_key":"5959606","_rev":"_VWgZDEC--F"}}
{"type":2302,"data":{"_key":"5959426","_rev":"_VWgY-cq---"}}
{"type":2302,"data":{"_key":"5959626","_rev":"_VWgZDEG--C"}}
{"type":2302,"data":{"_key":"5959622","_rev":"_VWgZDEG--A"}}
{"type":2302,"data":{"_key":"5959648","_rev":"_VWgZDEK--F"}}
{"type":2302,"data":{"_key":"5959428","_rev":"_VWgY-cq--_"}}
{"type":2302,"data":{"_key":"5959416","_rev":"_VWgY-cm--F"}}
{"type":2302,"data":{"_key":"5959624","_rev":"_VWgZDEG--B"}}
{"type":2302,"data":{"_key":"5959610","_rev":"_VWgZDEC--H"}}
{"type":2302,"data":{"_key":"5959413","_rev":"_VWgY-cm--E"}}
{"type":2302,"data":{"_key":"5959422","_rev":"_VWgY-cm--I"}}
{"type":2302,"data":{"_key":"5959650","_rev":"_VWgZDEK--G"}}
{"type":2302,"data":{"_key":"5959630","_rev":"_VWgZDEG--E"}}
{"type":2302,"data":{"_key":"5959628","_rev":"_VWgZDEG--D"}}
{"type":2302,"data":{"_key":"5959434","_rev":"_VWgY-cq--C"}}
{"type":2302,"data":{"_key":"5959603","_rev":"_VWgZDEC--E"}}
{"type":2302,"data":{"_key":"5959638","_rev":"_VWgZDEK--A"}}
{"type":2302,"data":{"_key":"5959420","_rev":"_VWgY-cm--H"}}
{"type":2302,"data":{"_key":"5959432","_rev":"_VWgY-cq--B"}}
{"type":2302,"data":{"_key":"5959612","_rev":"_VWgZDEC--I"}}
{"type":2302,"data":{"_key":"5959424","_rev":"_VWgY-cm--J"}}
{"type":2302,"data":{"_key":"5959436","_rev":"_VWgY-cq--D"}}
{"type":2302,"data":{"_key":"5959608","_rev":"_VWgZDEC--G"}}
{"type":2302,"data":{"_key":"5959632","_rev":"_VWgZDEG--F"}}
{"type":2302,"data":{"_key":"5959646","_rev":"_VWgZDEK--E"}}
{"type":2302,"data":{"_key":"5959620","_rev":"_VWgZDEG--_"}}
{"type":2302,"data":{"_key":"5960531","_rev":"_VWgfG3W--C"}}
{"type":2302,"data":{"_key":"5960533","_rev":"_VWgfG3W--D"}}
{"type":2302,"data":{"_key":"5960754","_rev":"_VWggQY2--G"}}
{"type":2302,"data":{"_key":"5960527","_rev":"_VWgfG3W--A"}}
{"type":2302,"data":{"_key":"5960758","_rev":"_VWggQY2--I"}}
{"type":2302,"data":{"_key":"5960740","_rev":"_VWggQY2--_"}}
{"type":2302,"data":{"_key":"5960720","_rev":"_VWggQYy--B"}}
{"type":2302,"data":{"_key":"5960744","_rev":"_VWggQY2--B"}}
{"type":2302,"data":{"_key":"5960515","_rev":"_VWgfG3S--A"}}
{"type":2302,"data":{"_key":"5960730","_rev":"_VWggQYy--G"}}
{"type":2302,"data":{"_key":"5960738","_rev":"_VWggQY2---"}}
{"type":2302,"data":{"_key":"5960748","_rev":"_VWggQY2--D"}}
{"type":2302,"data":{"_key":"5960752","_rev":"_VWggQY2--F"}}
{"type":2302,"data":{"_key":"5960523","_rev":"_VWgfG3W---"}}
{"type":2302,"data":{"_key":"5960529","_rev":"_VWgfG3W--B"}}
{"type":2302,"data":{"_key":"5960722","_rev":"_VWggQYy--C"}}
{"type":2302,"data":{"_key":"5960736","_rev":"_VWggQYy--J"}}
{"type":2302,"data":{"_key":"5960734","_rev":"_VWggQYy--I"}}
{"type":2302,"data":{"_key":"5960724","_rev":"_VWggQYy--D"}}
{"type":2302,"data":{"_key":"5960513","_rev":"_VWgfG3S--_"}}
{"type":2302,"data":{"_key":"5960742","_rev":"_VWggQY2--A"}}
{"type":2302,"data":{"_key":"5960750","_rev":"_VWggQY2--E"}}
{"type":2302,"data":{"_key":"5960718","_rev":"_VWggQYy--A"}}
{"type":2302,"data":{"_key":"5960713","_rev":"_VWggQYy---"}}
{"type":2302,"data":{"_key":"5960519","_rev":"_VWgfG3S--C"}}
{"type":2302,"data":{"_key":"5960760","_rev":"_VWggQY2--J"}}
{"type":2302,"data":{"_key":"5960521","_rev":"_VWgfG3S--D"}}
{"type":2302,"data":{"_key":"5960716","_rev":"_VWggQYy--_"}}
{"type":2302,"data":{"_key":"5960728","_rev":"_VWggQYy--F"}}
{"type":2302,"data":{"_key":"5960525","_rev":"_VWgfG3W--_"}}
{"type":2302,"data":{"_key":"5960732","_rev":"_VWggQYy--H"}}
{"type":2302,"data":{"_key":"5960746","_rev":"_VWggQY2--C"}}
{"type":2302,"data":{"_key":"5960756","_rev":"_VWggQY2--H"}}
{"type":2302,"data":{"_key":"5960726","_rev":"_VWggQYy--E"}}
{"type":2302,"data":{"_key":"5960517","_rev":"_VWgfG3S--B"}}
{"type":2302,"data":{"_key":"5960510","_rev":"_VWgfG3S---"}}
{"type":2302,"data":{"_key":"5963384","_rev":"_VWgxQE2--_"}}
{"type":2302,"data":{"_key":"5963362","_rev":"_VWgxQEq--B"}}
{"type":2302,"data":{"_key":"5963072","_rev":"_VWgv3SC--C"}}
{"type":2302,"data":{"_key":"5963374","_rev":"_VWgxQEy--B"}}
{"type":2302,"data":{"_key":"5963386","_rev":"_VWgxQE2--A"}}
{"type":2302,"data":{"_key":"5963388","_rev":"_VWgxQE2--B"}}
{"type":2302,"data":{"_key":"5963376","_rev":"_VWgxQEy--C"}}
{"type":2302,"data":{"_key":"5963360","_rev":"_VWgxQEq--A"}}
{"type":2302,"data":{"_key":"5963380","_rev":"_VWgxQEy--E"}}
{"type":2302,"data":{"_key":"5963066","_rev":"_VWgv3SC--_"}}
{"type":2302,"data":{"_key":"5963392","_rev":"_VWgxQE2--D"}}
{"type":2302,"data":{"_key":"5963390","_rev":"_VWgxQE2--C"}}
{"type":2302,"data":{"_key":"5963070","_rev":"_VWgv3SC--B"}}
{"type":2302,"data":{"_key":"5963364","_rev":"_VWgxQEq--C"}}
{"type":2302,"data":{"_key":"5963355","_rev":"_VWgxQEq---"}}
{"type":2302,"data":{"_key":"5963378","_rev":"_VWgxQEy--D"}}
{"type":2302,"data":{"_key":"5963402","_rev":"_VWgxQE2--I"}}
{"type":2302,"data":{"_key":"5963398","_rev":"_VWgxQE2--G"}}
{"type":2302,"data":{"_key":"5963058","_rev":"_VWgv3S---G"}}
{"type":2302,"data":{"_key":"5963062","_rev":"_VWgv3S---I"}}
{"type":2302,"data":{"_key":"5963368","_rev":"_VWgxQEy---"}}
{"type":2302,"data":{"_key":"5963068","_rev":"_VWgv3SC--A"}}
{"type":2302,"data":{"_key":"5963053","_rev":"_VWgv3S---E"}}
{"type":2302,"data":{"_key":"5963060","_rev":"_VWgv3S---H"}}
{"type":2302,"data":{"_key":"5963400","_rev":"_VWgxQE2--H"}}
{"type":2302,"data":{"_key":"5963064","_rev":"_VWgv3SC---"}}
{"type":2302,"data":{"_key":"5963366","_rev":"_VWgxQEq--D"}}
{"type":2302,"data":{"_key":"5963358","_rev":"_VWgxQEq--_"}}
{"type":2302,"data":{"_key":"5963076","_rev":"_VWgv3SC--E"}}
{"type":2302,"data":{"_key":"5963372","_rev":"_VWgxQEy--A"}}
{"type":2302,"data":{"_key":"5963382","_rev":"_VWgxQE2---"}}
{"type":2302,"data":{"_key":"5963394","_rev":"_VWgxQE2--E"}}
{"type":2302,"data":{"_key":"5963370","_rev":"_VWgxQEy--_"}}
{"type":2302,"data":{"_key":"5963056","_rev":"_VWgv3S---F"}}
{"type":2302,"data":{"_key":"5963074","_rev":"_VWgv3SC--D"}}
{"type":2302,"data":{"_key":"5963396","_rev":"_VWgxQE2--F"}}
{"type":2302,"data":{"_key":"5967323","_rev":"_VWhG8p----"}}
{"type":2302,"data":{"_key":"5966335","_rev":"_VWg7qO2---"}}
{"type":2302,"data":{"_key":"5966601","_rev":"_VWh-pO2---"}}
{"type":2302,"data":{"_key":"5967468","_rev":"_VWhIIaC---"}}
{"type":2302,"data":{"_key":"5967470","_rev":"_VWhIIaG---"}}
{"type":2302,"data":{"_key":"5967465","_rev":"_VWhIIZ6--E"}}
{"type":2302,"data":{"_key":"5967472","_rev":"_VWhIIaG--_"}}
{"type":2302,"data":{"_key":"5968895","_rev":"_VWhMdxG--K"}}
{"type":2302,"data":{"_key":"5967975","_rev":"_VWhJkc6--E"}}
{"type":2302,"data":{"_key":"5968885","_rev":"_VWhMdxG--F"}}
{"type":2302,"data":{"_key":"5968915","_rev":"_VWhMdxK--B"}}
{"type":2302,"data":{"_key":"5967973","_rev":"_VWhJkc6--D"}}
{"type":2302,"data":{"_key":"5968882","_rev":"_VWhMdxG--E"}}
{"type":2302,"data":{"_key":"5968761","_rev":"_VWhLGKO--J"}}
{"type":2302,"data":{"_key":"5968897","_rev":"_VWhMdxG--L"}}
{"type":2302,"data":{"_key":"5968889","_rev":"_VWhMdxG--H"}}
{"type":2302,"data":{"_key":"5968903","_rev":"_VWhMdxG--O"}}
{"type":2302,"data":{"_key":"5968751","_rev":"_VWhLGKO--E"}}
{"type":2302,"data":{"_key":"5968759","_rev":"_VWhLGKO--I"}}
{"type":2302,"data":{"_key":"5968717","_rev":"_VWhLGKK--_"}}
{"type":2302,"data":{"_key":"5967983","_rev":"_VWhJkc6--I"}}
{"type":2302,"data":{"_key":"5968755","_rev":"_VWhLGKO--G"}}
{"type":2302,"data":{"_key":"5967965","_rev":"_VWhJkc6--_"}}
{"type":2302,"data":{"_key":"5968747","_rev":"_VWhLGKO--C"}}
{"type":2302,"data":{"_key":"5968723","_rev":"_VWhLGKK--C"}}
{"type":2302,"data":{"_key":"5968901","_rev":"_VWhMdxG--N"}}
{"type":2302,"data":{"_key":"5968729","_rev":"_VWhLGKK--F"}}
{"type":2302,"data":{"_key":"5967962","_rev":"_VWhJkc6---"}}
{"type":2302,"data":{"_key":"5968739","_rev":"_VWhLGKO---"}}
{"type":2302,"data":{"_key":"5968899","_rev":"_VWhMdxG--M"}}
{"type":2302,"data":{"_key":"5968917","_rev":"_VWhMdxK--C"}}
{"type":2302,"data":{"_key":"5968719","_rev":"_VWhLGKK--A"}}
{"type":2302,"data":{"_key":"5968757","_rev":"_VWhLGKO--H"}}
{"type":2302,"data":{"_key":"5967981","_rev":"_VWhJkc6--H"}}
{"type":2302,"data":{"_key":"5967969","_rev":"_VWhJkc6--B"}}
{"type":2302,"data":{"_key":"5967967","_rev":"_VWhJkc6--A"}}
{"type":2302,"data":{"_key":"5968753","_rev":"_VWhLGKO--F"}}
{"type":2302,"data":{"_key":"5967971","_rev":"_VWhJkc6--C"}}
{"type":2302,"data":{"_key":"5968743","_rev":"_VWhLGKO--A"}}
{"type":2302,"data":{"_key":"5968893","_rev":"_VWhMdxG--J"}}
{"type":2302,"data":{"_key":"5968725","_rev":"_VWhLGKK--D"}}
{"type":2302,"data":{"_key":"5968735","_rev":"_VWhLGKK--I"}}
{"type":2302,"data":{"_key":"5968749","_rev":"_VWhLGKO--D"}}
{"type":2302,"data":{"_key":"5967977","_rev":"_VWhJkc6--F"}}
{"type":2302,"data":{"_key":"5968907","_rev":"_VWhMdxG--Q"}}
{"type":2302,"data":{"_key":"5968714","_rev":"_VWhLGKK---"}}
{"type":2302,"data":{"_key":"5968887","_rev":"_VWhMdxG--G"}}
{"type":2302,"data":{"_key":"5968909","_rev":"_VWhMdxK---"}}
{"type":2302,"data":{"_key":"5968911","_rev":"_VWhMdxK--_"}}
{"type":2302,"data":{"_key":"5968721","_rev":"_VWhLGKK--B"}}
{"type":2302,"data":{"_key":"5968913","_rev":"_VWhMdxK--A"}}
{"type":2302,"data":{"_key":"5968737","_rev":"_VWhLGKK--J"}}
{"type":2302,"data":{"_key":"5967979","_rev":"_VWhJkc6--G"}}
{"type":2302,"data":{"_key":"5968741","_rev":"_VWhLGKO--_"}}
{"type":2302,"data":{"_key":"5968733","_rev":"_VWhLGKK--H"}}
{"type":2302,"data":{"_key":"5968905","_rev":"_VWhMdxG--P"}}
{"type":2302,"data":{"_key":"5967985","_rev":"_VWhJkc6--J"}}
{"type":2302,"data":{"_key":"5968727","_rev":"_VWhLGKK--E"}}
{"type":2302,"data":{"_key":"5968891","_rev":"_VWhMdxG--I"}}
{"type":2302,"data":{"_key":"5968731","_rev":"_VWhLGKK--G"}}
{"type":2302,"data":{"_key":"5968745","_rev":"_VWhLGKO--B"}}
{"type":2302,"data":{"_key":"5970010","_rev":"_VWhPmY---C"}}
{"type":2302,"data":{"_key":"5970725","_rev":"_VWhWPxq---"}}
{"type":2302,"data":{"_key":"5970001","_rev":"_VWhPmY----"}}
{"type":2302,"data":{"_key":"5969933","_rev":"_VWhPQwe--I"}}
{"type":2302,"data":{"_key":"5969931","_rev":"_VWhPQwe--H"}}
{"type":2302,"data":{"_key":"5970006","_rev":"_VWhPmY---A"}}
{"type":2302,"data":{"_key":"5970008","_rev":"_VWhPmY---B"}}
{"type":2302,"data":{"_key":"5970012","_rev":"_VWhPmY---D"}}
{"type":2302,"data":{"_key":"5969935","_rev":"_VWhPQwe--J"}}
{"type":2302,"data":{"_key":"5970729","_rev":"_VWhWPxq--_"}}
{"type":2302,"data":{"_key":"5969924","_rev":"_VWhPQwe--E"}}
{"type":2302,"data":{"_key":"5970004","_rev":"_VWhPmY---_"}}
{"type":2302,"data":{"_key":"5969927","_rev":"_VWhPQwe--F"}}
{"type":2302,"data":{"_key":"5969929","_rev":"_VWhPQwe--G"}}
{"type":2302,"data":{"_key":"5974097","_rev":"_VWhpIhO--C"}}
{"type":2302,"data":{"_key":"5972534","_rev":"_VWhnkhC--D"}}
{"type":2302,"data":{"_key":"5972686","_rev":"_VWhnyjC---"}}
{"type":2302,"data":{"_key":"5974100","_rev":"_VWhpIhO--D"}}
{"type":2302,"data":{"_key":"5972688","_rev":"_VWhnyjC--_"}}
{"type":2302,"data":{"_key":"5974106","_rev":"_VWhpIhO--G"}}
{"type":2302,"data":{"_key":"5997253","_rev":"_VWi-wkm--A"}}
{"type":2302,"data":{"_key":"5974108","_rev":"_VWhpIhO--H"}}
{"type":2302,"data":{"_key":"5974102","_rev":"_VWhpIhO--E"}}
{"type":2302,"data":{"_key":"5972526","_rev":"_VWhnkhC--_"}}
{"type":2302,"data":{"_key":"5997259","_rev":"_VWi-wkm--D"}}
{"type":2302,"data":{"_key":"5997257","_rev":"_VWi-wkm--C"}}
{"type":2302,"data":{"_key":"5972530","_rev":"_VWhnkhC--B"}}
{"type":2302,"data":{"_key":"5972528","_rev":"_VWhnkhC--A"}}
{"type":2302,"data":{"_key":"5972679","_rev":"_VWhnyj---E"}}
{"type":2302,"data":{"_key":"5997251","_rev":"_VWi-wkm--_"}}
{"type":2302,"data":{"_key":"5972684","_rev":"_VWhnyj---G"}}
{"type":2302,"data":{"_key":"5997255","_rev":"_VWi-wkm--B"}}
{"type":2302,"data":{"_key":"5974104","_rev":"_VWhpIhO--F"}}
{"type":2302,"data":{"_key":"5972682","_rev":"_VWhnyj---F"}}
{"type":2302,"data":{"_key":"5972523","_rev":"_VWhnkhC---"}}
{"type":2302,"data":{"_key":"5972690","_rev":"_VWhnyjC--A"}}
{"type":2302,"data":{"_key":"5972532","_rev":"_VWhnkhC--C"}}
{"type":2302,"data":{"_key":"5997248","_rev":"_VWi-wkm---"}}
{"type":2302,"data":{"_key":"5998526","_rev":"_VWiCECC--C"}}
{"type":2302,"data":{"_key":"5998517","_rev":"_VWiCECC---"}}
{"type":2302,"data":{"_key":"5998520","_rev":"_VWiCECC--_"}}
{"type":2302,"data":{"_key":"5998522","_rev":"_VWiCECC--A"}}
{"type":2302,"data":{"_key":"5998528","_rev":"_VWiCECC--D"}}
{"type":2302,"data":{"_key":"5998524","_rev":"_VWiCECC--B"}}
{"type":2300,"data":{"_from":"currentPath/6019466","_id":"updatedTo/6020289","_key":"6020289","_rev":"_VWlzL0q--H","_to":"currentPath/6020262"}}
{"type":2300,"data":{"_from":"currentPath/6019470","_id":"updatedTo/6020292","_key":"6020292","_rev":"_VWlzL0q--I","_to":"currentPath/6020266"}}
{"type":2300,"data":{"_from":"currentPath/6019472","_id":"updatedTo/6020294","_key":"6020294","_rev":"_VWlzL0q--J","_to":"currentPath/6020268"}}
{"type":2300,"data":{"_from":"currentPath/6019474","_id":"updatedTo/6020296","_key":"6020296","_rev":"_VWlzL0q--K","_to":"currentPath/6020270"}}
{"type":2300,"data":{"_from":"currentPath/6019476","_id":"updatedTo/6020298","_key":"6020298","_rev":"_VWlzL0q--L","_to":"currentPath/6020272"}}
{"type":2300,"data":{"_from":"currentPath/6019478","_id":"updatedTo/6020300","_key":"6020300","_rev":"_VWlzL0q--M","_to":"currentPath/6020274"}}
{"type":2300,"data":{"_from":"currentPath/6020262","_id":"updatedTo/6032022","_key":"6032022","_rev":"_VWnkAzm---","_to":"currentPath/6031995"}}
{"type":2300,"data":{"_from":"currentPath/6020266","_id":"updatedTo/6032025","_key":"6032025","_rev":"_VWnkAzm--_","_to":"currentPath/6031999"}}
{"type":2300,"data":{"_from":"currentPath/6020268","_id":"updatedTo/6032027","_key":"6032027","_rev":"_VWnkAzm--A","_to":"currentPath/6032001"}}
{"type":2300,"data":{"_from":"currentPath/6020270","_id":"updatedTo/6032029","_key":"6032029","_rev":"_VWnkAzm--B","_to":"currentPath/6032003"}}
{"type":2300,"data":{"_from":"currentPath/6020272","_id":"updatedTo/6032031","_key":"6032031","_rev":"_VWnkAzm--C","_to":"currentPath/6032005"}}
{"type":2300,"data":{"_from":"currentPath/6020274","_id":"updatedTo/6032033","_key":"6032033","_rev":"_VWnkAzm--D","_to":"currentPath/6032007"}}
{"type":2300,"data":{"_from":"currentPath/6031995","_id":"updatedTo/6032098","_key":"6032098","_rev":"_VWnkb1u--K","_to":"currentPath/6032071"}}
{"type":2300,"data":{"_from":"currentPath/6031999","_id":"updatedTo/6032101","_key":"6032101","_rev":"_VWnkb1u--L","_to":"currentPath/6032075"}}
{"type":2300,"data":{"_from":"currentPath/6032001","_id":"updatedTo/6032103","_key":"6032103","_rev":"_VWnkb1u--M","_to":"currentPath/6032077"}}
{"type":2300,"data":{"_from":"currentPath/6032003","_id":"updatedTo/6032105","_key":"6032105","_rev":"_VWnkb1u--N","_to":"currentPath/6032079"}}
{"type":2300,"data":{"_from":"currentPath/6032005","_id":"updatedTo/6032107","_key":"6032107","_rev":"_VWnkb1y---","_to":"currentPath/6032081"}}
{"type":2300,"data":{"_from":"currentPath/6032007","_id":"updatedTo/6032109","_key":"6032109","_rev":"_VWnkb1y--_","_to":"currentPath/6032083"}}
{"type":2300,"data":{"_from":"currentPath/6032071","_id":"updatedTo/6040502","_key":"6040502","_rev":"_VWo1lmi--D","_to":"currentPath/6040475"}}
{"type":2300,"data":{"_from":"currentPath/6032075","_id":"updatedTo/6040505","_key":"6040505","_rev":"_VWo1lmi--E","_to":"currentPath/6040479"}}
{"type":2300,"data":{"_from":"currentPath/6032077","_id":"updatedTo/6040507","_key":"6040507","_rev":"_VWo1lmi--F","_to":"currentPath/6040481"}}
{"type":2300,"data":{"_from":"currentPath/6032079","_id":"updatedTo/6040509","_key":"6040509","_rev":"_VWo1lmi--G","_to":"currentPath/6040483"}}
{"type":2300,"data":{"_from":"currentPath/6032081","_id":"updatedTo/6040511","_key":"6040511","_rev":"_VWo1lmi--H","_to":"currentPath/6040485"}}
{"type":2300,"data":{"_from":"currentPath/6032083","_id":"updatedTo/6040513","_key":"6040513","_rev":"_VWo1lmi--I","_to":"currentPath/6040487"}}
{"type":2300,"data":{"_from":"currentPath/6040475","_id":"updatedTo/6060298","_key":"6060298","_rev":"_VWsHPpG---","_to":"currentPath/6060271"}}
{"type":2300,"data":{"_from":"currentPath/6040479","_id":"updatedTo/6060301","_key":"6060301","_rev":"_VWsHPpG--_","_to":"currentPath/6060275"}}
{"type":2300,"data":{"_from":"currentPath/6040481","_id":"updatedTo/6060303","_key":"6060303","_rev":"_VWsHPpG--A","_to":"currentPath/6060277"}}
{"type":2300,"data":{"_from":"currentPath/6040483","_id":"updatedTo/6060305","_key":"6060305","_rev":"_VWsHPpG--B","_to":"currentPath/6060279"}}
{"type":2300,"data":{"_from":"currentPath/6040485","_id":"updatedTo/6060307","_key":"6060307","_rev":"_VWsHPpG--C","_to":"currentPath/6060281"}}
{"type":2300,"data":{"_from":"currentPath/6040487","_id":"updatedTo/6060309","_key":"6060309","_rev":"_VWsHPpG--D","_to":"currentPath/6060283"}}
{"type":2300,"data":{"_from":"currentPath/6060271","_id":"updatedTo/6060447","_key":"6060447","_rev":"_VWsIVL6--E","_to":"currentPath/6060420"}}
{"type":2300,"data":{"_from":"currentPath/6060275","_id":"updatedTo/6060450","_key":"6060450","_rev":"_VWsIVL6--F","_to":"currentPath/6060424"}}
{"type":2300,"data":{"_from":"currentPath/6060277","_id":"updatedTo/6060452","_key":"6060452","_rev":"_VWsIVL6--G","_to":"currentPath/6060426"}}
{"type":2300,"data":{"_from":"currentPath/6060279","_id":"updatedTo/6060454","_key":"6060454","_rev":"_VWsIVL6--H","_to":"currentPath/6060428"}}
{"type":2300,"data":{"_from":"currentPath/6060281","_id":"updatedTo/6060456","_key":"6060456","_rev":"_VWsIVL6--I","_to":"currentPath/6060430"}}
{"type":2300,"data":{"_from":"currentPath/6060283","_id":"updatedTo/6060458","_key":"6060458","_rev":"_VWsIVL6--J","_to":"currentPath/6060432"}}
{"type":2300,"data":{"_from":"currentPath/6060420","_id":"updatedTo/6060581","_key":"6060581","_rev":"_VWsJUn2--E","_to":"currentPath/6060554"}}
{"type":2300,"data":{"_from":"currentPath/6060424","_id":"updatedTo/6060584","_key":"6060584","_rev":"_VWsJUn2--F","_to":"currentPath/6060558"}}
{"type":2300,"data":{"_from":"currentPath/6060426","_id":"updatedTo/6060586","_key":"6060586","_rev":"_VWsJUn2--G","_to":"currentPath/6060560"}}
{"type":2300,"data":{"_from":"currentPath/6060428","_id":"updatedTo/6060588","_key":"6060588","_rev":"_VWsJUn2--H","_to":"currentPath/6060562"}}
{"type":2300,"data":{"_from":"currentPath/6060430","_id":"updatedTo/6060590","_key":"6060590","_rev":"_VWsJUn2--I","_to":"currentPath/6060564"}}
{"type":2300,"data":{"_from":"currentPath/6060432","_id":"updatedTo/6060592","_key":"6060592","_rev":"_VWsJUn2--J","_to":"currentPath/6060566"}}
{"type":2300,"data":{"_from":"currentPath/6060554","_id":"updatedTo/6060656","_key":"6060656","_rev":"_VWsJZoa--E","_to":"currentPath/6060629"}}
{"type":2300,"data":{"_from":"currentPath/6060558","_id":"updatedTo/6060659","_key":"6060659","_rev":"_VWsJZoa--F","_to":"currentPath/6060633"}}
{"type":2300,"data":{"_from":"currentPath/6060560","_id":"updatedTo/6060661","_key":"6060661","_rev":"_VWsJZoa--G","_to":"currentPath/6060635"}}
{"type":2300,"data":{"_from":"currentPath/6060562","_id":"updatedTo/6060663","_key":"6060663","_rev":"_VWsJZoa--H","_to":"currentPath/6060637"}}
{"type":2300,"data":{"_from":"currentPath/6060564","_id":"updatedTo/6060665","_key":"6060665","_rev":"_VWsJZoa--I","_to":"currentPath/6060639"}}
{"type":2300,"data":{"_from":"currentPath/6060566","_id":"updatedTo/6060667","_key":"6060667","_rev":"_VWsJZoa--J","_to":"currentPath/6060641"}}
{"type":2300,"data":{"_from":"currentPath/6060629","_id":"updatedTo/6060794","_key":"6060794","_rev":"_VWsKUAy---","_to":"currentPath/6060767"}}
{"type":2300,"data":{"_from":"currentPath/6060633","_id":"updatedTo/6060797","_key":"6060797","_rev":"_VWsKUAy--_","_to":"currentPath/6060771"}}
{"type":2300,"data":{"_from":"currentPath/6060635","_id":"updatedTo/6060799","_key":"6060799","_rev":"_VWsKUAy--A","_to":"currentPath/6060773"}}
{"type":2300,"data":{"_from":"currentPath/6060637","_id":"updatedTo/6060801","_key":"6060801","_rev":"_VWsKUAy--B","_to":"currentPath/6060775"}}
{"type":2300,"data":{"_from":"currentPath/6060639","_id":"updatedTo/6060803","_key":"6060803","_rev":"_VWsKUAy--C","_to":"currentPath/6060777"}}
{"type":2300,"data":{"_from":"currentPath/6060641","_id":"updatedTo/6060805","_key":"6060805","_rev":"_VWsKUAy--D","_to":"currentPath/6060779"}}
{"type":2300,"data":{"_from":"currentPath/6060767","_id":"updatedTo/6060861","_key":"6060861","_rev":"_VWsKbga---","_to":"currentPath/6060834"}}
{"type":2300,"data":{"_from":"currentPath/6060771","_id":"updatedTo/6060864","_key":"6060864","_rev":"_VWsKbga--_","_to":"currentPath/6060838"}}
{"type":2300,"data":{"_from":"currentPath/6060773","_id":"updatedTo/6060866","_key":"6060866","_rev":"_VWsKbga--A","_to":"currentPath/6060840"}}
{"type":2300,"data":{"_from":"currentPath/6060775","_id":"updatedTo/6060868","_key":"6060868","_rev":"_VWsKbga--B","_to":"currentPath/6060842"}}
{"type":2300,"data":{"_from":"currentPath/6060777","_id":"updatedTo/6060870","_key":"6060870","_rev":"_VWsKbga--C","_to":"currentPath/6060844"}}
{"type":2300,"data":{"_from":"currentPath/6060779","_id":"updatedTo/6060872","_key":"6060872","_rev":"_VWsKbga--D","_to":"currentPath/6060846"}}
{"type":2300,"data":{"_from":"currentPath/6060834","_id":"updatedTo/6061003","_key":"6061003","_rev":"_VWsLbo6---","_to":"currentPath/6060976"}}
{"type":2300,"data":{"_from":"currentPath/6060838","_id":"updatedTo/6061006","_key":"6061006","_rev":"_VWsLbo6--_","_to":"currentPath/6060980"}}
{"type":2300,"data":{"_from":"currentPath/6060840","_id":"updatedTo/6061008","_key":"6061008","_rev":"_VWsLbo6--A","_to":"currentPath/6060982"}}
{"type":2300,"data":{"_from":"currentPath/6060842","_id":"updatedTo/6061010","_key":"6061010","_rev":"_VWsLbo6--B","_to":"currentPath/6060984"}}
{"type":2300,"data":{"_from":"currentPath/6060844","_id":"updatedTo/6061012","_key":"6061012","_rev":"_VWsLbo6--C","_to":"currentPath/6060986"}}
{"type":2300,"data":{"_from":"currentPath/6060846","_id":"updatedTo/6061014","_key":"6061014","_rev":"_VWsLbo6--D","_to":"currentPath/6060988"}}
{"type":2300,"data":{"_from":"currentPath/6060976","_id":"updatedTo/6061061","_key":"6061061","_rev":"_VWsLdTq--E","_to":"currentPath/6061034"}}
{"type":2300,"data":{"_from":"currentPath/6060980","_id":"updatedTo/6061064","_key":"6061064","_rev":"_VWsLdTq--F","_to":"currentPath/6061038"}}
{"type":2300,"data":{"_from":"currentPath/6060982","_id":"updatedTo/6061066","_key":"6061066","_rev":"_VWsLdTq--G","_to":"currentPath/6061040"}}
{"type":2300,"data":{"_from":"currentPath/6060984","_id":"updatedTo/6061068","_key":"6061068","_rev":"_VWsLdTq--H","_to":"currentPath/6061042"}}
{"type":2300,"data":{"_from":"currentPath/6060986","_id":"updatedTo/6061070","_key":"6061070","_rev":"_VWsLdTq--I","_to":"currentPath/6061044"}}
{"type":2300,"data":{"_from":"currentPath/6060988","_id":"updatedTo/6061072","_key":"6061072","_rev":"_VWsLdTq--J","_to":"currentPath/6061046"}}
{"type":2300,"data":{"_from":"currentPath/6061034","_id":"updatedTo/6061213","_key":"6061213","_rev":"_VWsMeA---E","_to":"currentPath/6061186"}}
{"type":2300,"data":{"_from":"currentPath/6061038","_id":"updatedTo/6061216","_key":"6061216","_rev":"_VWsMeA---F","_to":"currentPath/6061190"}}
{"type":2300,"data":{"_from":"currentPath/6061040","_id":"updatedTo/6061218","_key":"6061218","_rev":"_VWsMeA---G","_to":"currentPath/6061192"}}
{"type":2300,"data":{"_from":"currentPath/6061042","_id":"updatedTo/6061220","_key":"6061220","_rev":"_VWsMeA---H","_to":"currentPath/6061194"}}
{"type":2300,"data":{"_from":"currentPath/6061044","_id":"updatedTo/6061222","_key":"6061222","_rev":"_VWsMeA---I","_to":"currentPath/6061196"}}
{"type":2300,"data":{"_from":"currentPath/6061046","_id":"updatedTo/6061224","_key":"6061224","_rev":"_VWsMeA---J","_to":"currentPath/6061198"}}
{"type":2300,"data":{"_from":"currentPath/6061186","_id":"updatedTo/6061562","_key":"6061562","_rev":"_VWsN8O6--E","_to":"currentPath/6061535"}}
{"type":2300,"data":{"_from":"currentPath/6061190","_id":"updatedTo/6061565","_key":"6061565","_rev":"_VWsN8O6--F","_to":"currentPath/6061539"}}
{"type":2300,"data":{"_from":"currentPath/6061192","_id":"updatedTo/6061567","_key":"6061567","_rev":"_VWsN8P----","_to":"currentPath/6061541"}}
{"type":2300,"data":{"_from":"currentPath/6061194","_id":"updatedTo/6061569","_key":"6061569","_rev":"_VWsN8P---_","_to":"currentPath/6061543"}}
{"type":2300,"data":{"_from":"currentPath/6061196","_id":"updatedTo/6061571","_key":"6061571","_rev":"_VWsN8P---A","_to":"currentPath/6061545"}}
{"type":2300,"data":{"_from":"currentPath/6061198","_id":"updatedTo/6061573","_key":"6061573","_rev":"_VWsN8P---B","_to":"currentPath/6061547"}}
{"type":2300,"data":{"_from":"currentPath/6061535","_id":"updatedTo/6061697","_key":"6061697","_rev":"_VWsOx-u---","_to":"currentPath/6061670"}}
{"type":2300,"data":{"_from":"currentPath/6061539","_id":"updatedTo/6061700","_key":"6061700","_rev":"_VWsOx-u--_","_to":"currentPath/6061674"}}
{"type":2300,"data":{"_from":"currentPath/6061541","_id":"updatedTo/6061702","_key":"6061702","_rev":"_VWsOx-u--A","_to":"currentPath/6061676"}}
{"type":2300,"data":{"_from":"currentPath/6061543","_id":"updatedTo/6061704","_key":"6061704","_rev":"_VWsOx-u--B","_to":"currentPath/6061678"}}
{"type":2300,"data":{"_from":"currentPath/6061545","_id":"updatedTo/6061706","_key":"6061706","_rev":"_VWsOx-u--C","_to":"currentPath/6061680"}}
{"type":2300,"data":{"_from":"currentPath/6061547","_id":"updatedTo/6061708","_key":"6061708","_rev":"_VWsOx-u--D","_to":"currentPath/6061682"}}
{"type":2300,"data":{"_from":"currentPath/6061670","_id":"updatedTo/6061846","_key":"6061846","_rev":"_VWsP2QW--E","_to":"currentPath/6061819"}}
{"type":2300,"data":{"_from":"currentPath/6061674","_id":"updatedTo/6061849","_key":"6061849","_rev":"_VWsP2Qa---","_to":"currentPath/6061823"}}
{"type":2300,"data":{"_from":"currentPath/6061676","_id":"updatedTo/6061851","_key":"6061851","_rev":"_VWsP2Qa--_","_to":"currentPath/6061825"}}
{"type":2300,"data":{"_from":"currentPath/6061678","_id":"updatedTo/6061853","_key":"6061853","_rev":"_VWsP2Qa--A","_to":"currentPath/6061827"}}
{"type":2300,"data":{"_from":"currentPath/6061680","_id":"updatedTo/6061855","_key":"6061855","_rev":"_VWsP2Qa--B","_to":"currentPath/6061829"}}
{"type":2300,"data":{"_from":"currentPath/6061682","_id":"updatedTo/6061857","_key":"6061857","_rev":"_VWsP2Qa--C","_to":"currentPath/6061831"}}
{"type":2300,"data":{"_from":"currentPath/6061819","_id":"updatedTo/6062016","_key":"6062016","_rev":"_VWsRQaO--E","_to":"currentPath/6061989"}}
{"type":2300,"data":{"_from":"currentPath/6061823","_id":"updatedTo/6062019","_key":"6062019","_rev":"_VWsRQaS---","_to":"currentPath/6061993"}}
{"type":2300,"data":{"_from":"currentPath/6061825","_id":"updatedTo/6062021","_key":"6062021","_rev":"_VWsRQaS--_","_to":"currentPath/6061995"}}
{"type":2300,"data":{"_from":"currentPath/6061827","_id":"updatedTo/6062023","_key":"6062023","_rev":"_VWsRQaS--A","_to":"currentPath/6061997"}}
{"type":2300,"data":{"_from":"currentPath/6061829","_id":"updatedTo/6062025","_key":"6062025","_rev":"_VWsRQaS--B","_to":"currentPath/6061999"}}
{"type":2300,"data":{"_from":"currentPath/6061831","_id":"updatedTo/6062027","_key":"6062027","_rev":"_VWsRQaS--C","_to":"currentPath/6062001"}}
{"type":2300,"data":{"_from":"currentPath/6061989","_id":"updatedTo/6062267","_key":"6062267","_rev":"_VWsU-MC--E","_to":"currentPath/6062240"}}
{"type":2300,"data":{"_from":"currentPath/6061993","_id":"updatedTo/6062270","_key":"6062270","_rev":"_VWsU-MC--F","_to":"currentPath/6062244"}}
{"type":2300,"data":{"_from":"currentPath/6061995","_id":"updatedTo/6062272","_key":"6062272","_rev":"_VWsU-MC--G","_to":"currentPath/6062246"}}
{"type":2300,"data":{"_from":"currentPath/6061997","_id":"updatedTo/6062274","_key":"6062274","_rev":"_VWsU-MG---","_to":"currentPath/6062248"}}
{"type":2300,"data":{"_from":"currentPath/6061999","_id":"updatedTo/6062276","_key":"6062276","_rev":"_VWsU-MG--_","_to":"currentPath/6062250"}}
{"type":2300,"data":{"_from":"currentPath/6062001","_id":"updatedTo/6062278","_key":"6062278","_rev":"_VWsU-MG--A","_to":"currentPath/6062252"}}
{"type":2300,"data":{"_from":"currentPath/6132836","_id":"updatedTo/6214099","_key":"6214099","_rev":"_VY8fSYy--H","_to":"currentPath/6214074"}}
{"type":2300,"data":{"_from":"currentPath/6132840","_id":"updatedTo/6214102","_key":"6214102","_rev":"_VY8fSYy--I","_to":"currentPath/6214078"}}
{"type":2302,"data":{"_key":"6063876","_rev":"_VWsiPIC---"}}
{"type":2302,"data":{"_key":"6120958","_rev":"_VW2Nc9y--A"}}
{"type":2302,"data":{"_key":"6064181","_rev":"_VWskhIy--G"}}
{"type":2302,"data":{"_key":"6032031","_rev":"_VWnkAzm--C"}}
{"type":2302,"data":{"_key":"6060301","_rev":"_VWsHPpG--_"}}
{"type":2302,"data":{"_key":"6062779","_rev":"_VWsW1lu--F"}}
{"type":2302,"data":{"_key":"6064174","_rev":"_VWskhIy--D"}}
{"type":2302,"data":{"_key":"6062276","_rev":"_VWsU-MG--_"}}
{"type":2302,"data":{"_key":"6020294","_rev":"_VWlzL0q--J"}}
{"type":2302,"data":{"_key":"6064031","_rev":"_VWsjRgW--I"}}
{"type":2302,"data":{"_key":"6060592","_rev":"_VWsJUn2--J"}}
{"type":2302,"data":{"_key":"6060456","_rev":"_VWsIVL6--I"}}
{"type":2302,"data":{"_key":"6060872","_rev":"_VWsKbga--D"}}
{"type":2302,"data":{"_key":"6032103","_rev":"_VWnkb1u--M"}}
{"type":2302,"data":{"_key":"6020298","_rev":"_VWlzL0q--L"}}
{"type":2302,"data":{"_key":"6064377","_rev":"_VWsmf8W--C"}}
{"type":2302,"data":{"_key":"6062669","_rev":"_VWsWQre--C"}}
{"type":2302,"data":{"_key":"6064666","_rev":"_VWsoRRe--C"}}
{"type":2302,"data":{"_key":"6061562","_rev":"_VWsN8O6--E"}}
{"type":2302,"data":{"_key":"6061571","_rev":"_VWsN8P---A"}}
{"type":2302,"data":{"_key":"6063881","_rev":"_VWsiPIC--A"}}
{"type":2302,"data":{"_key":"6062776","_rev":"_VWsW1lu--E"}}
{"type":2302,"data":{"_key":"6062274","_rev":"_VWsU-MG---"}}
{"type":2302,"data":{"_key":"6060794","_rev":"_VWsKUAy---"}}
{"type":2302,"data":{"_key":"6032101","_rev":"_VWnkb1u--L"}}
{"type":2302,"data":{"_key":"6064664","_rev":"_VWsoRRe--B"}}
{"type":2302,"data":{"_key":"6120961","_rev":"_VW2Nc92---"}}
{"type":2302,"data":{"_key":"6061565","_rev":"_VWsN8O6--F"}}
{"type":2302,"data":{"_key":"6060797","_rev":"_VWsKUAy--_"}}
{"type":2302,"data":{"_key":"6062787","_rev":"_VWsW1lu--J"}}
{"type":2302,"data":{"_key":"6061567","_rev":"_VWsN8P----"}}
{"type":2302,"data":{"_key":"6060665","_rev":"_VWsJZoa--I"}}
{"type":2302,"data":{"_key":"6061220","_rev":"_VWsMeA---H"}}
{"type":2302,"data":{"_key":"6063179","_rev":"_VWsamTu---"}}
{"type":2302,"data":{"_key":"6061010","_rev":"_VWsLbo6--B"}}
{"type":2302,"data":{"_key":"6062785","_rev":"_VWsW1lu--I"}}
{"type":2302,"data":{"_key":"6062539","_rev":"_VWsVj2e--A"}}
{"type":2302,"data":{"_key":"6060305","_rev":"_VWsHPpG--B"}}
{"type":2302,"data":{"_key":"6063182","_rev":"_VWsamTu--_"}}
{"type":2302,"data":{"_key":"6063184","_rev":"_VWsamTu--A"}}
{"type":2302,"data":{"_key":"6061569","_rev":"_VWsN8P---_"}}
{"type":2302,"data":{"_key":"6061700","_rev":"_VWsOx-u--_"}}
{"type":2302,"data":{"_key":"6060805","_rev":"_VWsKUAy--D"}}
{"type":2302,"data":{"_key":"6061573","_rev":"_VWsN8P---B"}}
{"type":2302,"data":{"_key":"6062532","_rev":"_VWsVj2a--E"}}
{"type":2302,"data":{"_key":"6032029","_rev":"_VWnkAzm--B"}}
{"type":2302,"data":{"_key":"6062543","_rev":"_VWsVj2e--C"}}
{"type":2302,"data":{"_key":"6060870","_rev":"_VWsKbga--C"}}
{"type":2302,"data":{"_key":"6064662","_rev":"_VWsoRRe--A"}}
{"type":2302,"data":{"_key":"6062919","_rev":"_VWsXxSC--C"}}
{"type":2302,"data":{"_key":"6060590","_rev":"_VWsJUn2--I"}}
{"type":2302,"data":{"_key":"6020292","_rev":"_VWlzL0q--I"}}
{"type":2302,"data":{"_key":"6061072","_rev":"_VWsLdTq--J"}}
{"type":2302,"data":{"_key":"6040507","_rev":"_VWo1lmi--F"}}
{"type":2302,"data":{"_key":"6032033","_rev":"_VWnkAzm--D"}}
{"type":2302,"data":{"_key":"6061704","_rev":"_VWsOx-u--B"}}
{"type":2302,"data":{"_key":"6063879","_rev":"_VWsiPIC--_"}}
{"type":2302,"data":{"_key":"6061853","_rev":"_VWsP2Qa--A"}}
{"type":2302,"data":{"_key":"6064372","_rev":"_VWsmf8W--A"}}
{"type":2302,"data":{"_key":"6040513","_rev":"_VWo1lmi--I"}}
{"type":2302,"data":{"_key":"6060452","_rev":"_VWsIVL6--G"}}
{"type":2302,"data":{"_key":"6060864","_rev":"_VWsKbga--_"}}
{"type":2302,"data":{"_key":"6064514","_rev":"_VWsnd5e--E"}}
{"type":2302,"data":{"_key":"6060458","_rev":"_VWsIVL6--J"}}
{"type":2302,"data":{"_key":"6061012","_rev":"_VWsLbo6--C"}}
{"type":2302,"data":{"_key":"6032109","_rev":"_VWnkb1y--_"}}
{"type":2302,"data":{"_key":"6020289","_rev":"_VWlzL0q--H"}}
{"type":2302,"data":{"_key":"6062027","_rev":"_VWsRQaS--C"}}
{"type":2302,"data":{"_key":"6060656","_rev":"_VWsJZoa--E"}}
{"type":2302,"data":{"_key":"6060866","_rev":"_VWsKbga--A"}}
{"type":2302,"data":{"_key":"6064029","_rev":"_VWsjRgW--H"}}
{"type":2302,"data":{"_key":"6060584","_rev":"_VWsJUn2--F"}}
{"type":2302,"data":{"_key":"6060586","_rev":"_VWsJUn2--G"}}
{"type":2302,"data":{"_key":"6060663","_rev":"_VWsJZoa--H"}}
{"type":2302,"data":{"_key":"6061855","_rev":"_VWsP2Qa--B"}}
{"type":2302,"data":{"_key":"6064027","_rev":"_VWsjRgW--G"}}
{"type":2302,"data":{"_key":"6040509","_rev":"_VWo1lmi--G"}}
{"type":2302,"data":{"_key":"6032098","_rev":"_VWnkb1u--K"}}
{"type":2302,"data":{"_key":"6060303","_rev":"_VWsHPpG--A"}}
{"type":2302,"data":{"_key":"6060667","_rev":"_VWsJZoa--J"}}
{"type":2302,"data":{"_key":"6064383","_rev":"_VWsmf8W--F"}}
{"type":2302,"data":{"_key":"6062535","_rev":"_VWsVj2e---"}}
{"type":2302,"data":{"_key":"6064185","_rev":"_VWskhIy--I"}}
{"type":2302,"data":{"_key":"6032022","_rev":"_VWnkAzm---"}}
{"type":2302,"data":{"_key":"6061857","_rev":"_VWsP2Qa--C"}}
{"type":2302,"data":{"_key":"6061014","_rev":"_VWsLbo6--D"}}
{"type":2302,"data":{"_key":"6061008","_rev":"_VWsLbo6--A"}}
{"type":2302,"data":{"_key":"6060661","_rev":"_VWsJZoa--G"}}
{"type":2302,"data":{"_key":"6064177","_rev":"_VWskhIy--E"}}
{"type":2302,"data":{"_key":"6062913","_rev":"_VWsXxSC--_"}}
{"type":2302,"data":{"_key":"6061068","_rev":"_VWsLdTq--H"}}
{"type":2302,"data":{"_key":"6060588","_rev":"_VWsJUn2--H"}}
{"type":2302,"data":{"_key":"6064668","_rev":"_VWsoRRe--D"}}
{"type":2302,"data":{"_key":"6061216","_rev":"_VWsMeA---F"}}
{"type":2302,"data":{"_key":"6060450","_rev":"_VWsIVL6--F"}}
{"type":2302,"data":{"_key":"6061851","_rev":"_VWsP2Qa--_"}}
{"type":2302,"data":{"_key":"6063190","_rev":"_VWsamTu--D"}}
{"type":2302,"data":{"_key":"6032027","_rev":"_VWnkAzm--A"}}
{"type":2302,"data":{"_key":"6063887","_rev":"_VWsiPIC--D"}}
{"type":2302,"data":{"_key":"6062016","_rev":"_VWsRQaO--E"}}
{"type":2302,"data":{"_key":"6064022","_rev":"_VWsjRgW--E"}}
{"type":2302,"data":{"_key":"6060799","_rev":"_VWsKUAy--A"}}
{"type":2302,"data":{"_key":"6064033","_rev":"_VWsjRgW--J"}}
{"type":2302,"data":{"_key":"6061061","_rev":"_VWsLdTq--E"}}
{"type":2302,"data":{"_key":"6020296","_rev":"_VWlzL0q--K"}}
{"type":2302,"data":{"_key":"6061006","_rev":"_VWsLbo6--_"}}
{"type":2302,"data":{"_key":"6064381","_rev":"_VWsmf8W--E"}}
{"type":2302,"data":{"_key":"6062270","_rev":"_VWsU-MC--F"}}
{"type":2302,"data":{"_key":"6061708","_rev":"_VWsOx-u--D"}}
{"type":2302,"data":{"_key":"6062671","_rev":"_VWsWQre--D"}}
{"type":2302,"data":{"_key":"6060298","_rev":"_VWsHPpG---"}}
{"type":2302,"data":{"_key":"6060659","_rev":"_VWsJZoa--F"}}
{"type":2302,"data":{"_key":"6060309","_rev":"_VWsHPpG--D"}}
{"type":2302,"data":{"_key":"6062272","_rev":"_VWsU-MC--G"}}
{"type":2302,"data":{"_key":"6061218","_rev":"_VWsMeA---G"}}
{"type":2302,"data":{"_key":"6060307","_rev":"_VWsHPpG--C"}}
{"type":2302,"data":{"_key":"6032107","_rev":"_VWnkb1y---"}}
{"type":2302,"data":{"_key":"6062278","_rev":"_VWsU-MG--A"}}
{"type":2302,"data":{"_key":"6062019","_rev":"_VWsRQaS---"}}
{"type":2302,"data":{"_key":"6061702","_rev":"_VWsOx-u--A"}}
{"type":2302,"data":{"_key":"6063883","_rev":"_VWsiPIC--B"}}
{"type":2302,"data":{"_key":"6062915","_rev":"_VWsXxSC--A"}}
{"type":2302,"data":{"_key":"6060447","_rev":"_VWsIVL6--E"}}
{"type":2302,"data":{"_key":"6064379","_rev":"_VWsmf8W--D"}}
{"type":2302,"data":{"_key":"6061213","_rev":"_VWsMeA---E"}}
{"type":2302,"data":{"_key":"6063186","_rev":"_VWsamTu--B"}}
{"type":2302,"data":{"_key":"6062025","_rev":"_VWsRQaS--B"}}
{"type":2302,"data":{"_key":"6062023","_rev":"_VWsRQaS--A"}}
{"type":2302,"data":{"_key":"6061706","_rev":"_VWsOx-u--C"}}
{"type":2302,"data":{"_key":"6061003","_rev":"_VWsLbo6---"}}
{"type":2302,"data":{"_key":"6064523","_rev":"_VWsnd5e--I"}}
{"type":2302,"data":{"_key":"6062660","_rev":"_VWsWQre---"}}
{"type":2302,"data":{"_key":"6040511","_rev":"_VWo1lmi--H"}}
{"type":2302,"data":{"_key":"6061222","_rev":"_VWsMeA---I"}}
{"type":2302,"data":{"_key":"6064521","_rev":"_VWsnd5e--H"}}
{"type":2302,"data":{"_key":"6060803","_rev":"_VWsKUAy--C"}}
{"type":2302,"data":{"_key":"6064375","_rev":"_VWsmf8W--B"}}
{"type":2302,"data":{"_key":"6064519","_rev":"_VWsnd5e--G"}}
{"type":2302,"data":{"_key":"6061064","_rev":"_VWsLdTq--F"}}
{"type":2302,"data":{"_key":"6062667","_rev":"_VWsWQre--B"}}
{"type":2302,"data":{"_key":"6062910","_rev":"_VWsXxSC---"}}
{"type":2302,"data":{"_key":"6063885","_rev":"_VWsiPIC--C"}}
{"type":2302,"data":{"_key":"6063188","_rev":"_VWsamTu--C"}}
{"type":2302,"data":{"_key":"6062541","_rev":"_VWsVj2e--B"}}
{"type":2302,"data":{"_key":"6060861","_rev":"_VWsKbga---"}}
{"type":2302,"data":{"_key":"6062021","_rev":"_VWsRQaS--_"}}
{"type":2302,"data":{"_key":"6062665","_rev":"_VWsWQre--A"}}
{"type":2302,"data":{"_key":"6064183","_rev":"_VWskhIy--H"}}
{"type":2302,"data":{"_key":"6064660","_rev":"_VWsoRRe--_"}}
{"type":2302,"data":{"_key":"6061066","_rev":"_VWsLdTq--G"}}
{"type":2302,"data":{"_key":"6032025","_rev":"_VWnkAzm--_"}}
{"type":2302,"data":{"_key":"6040505","_rev":"_VWo1lmi--E"}}
{"type":2302,"data":{"_key":"6064517","_rev":"_VWsnd5e--F"}}
{"type":2302,"data":{"_key":"6061070","_rev":"_VWsLdTq--I"}}
{"type":2302,"data":{"_key":"6064657","_rev":"_VWsoRRe---"}}
{"type":2302,"data":{"_key":"6060868","_rev":"_VWsKbga--B"}}
{"type":2302,"data":{"_key":"6062921","_rev":"_VWsXxSC--D"}}
{"type":2302,"data":{"_key":"6062267","_rev":"_VWsU-MC--E"}}
{"type":2302,"data":{"_key":"6032105","_rev":"_VWnkb1u--N"}}
{"type":2302,"data":{"_key":"6064179","_rev":"_VWskhIy--F"}}
{"type":2302,"data":{"_key":"6062917","_rev":"_VWsXxSC--B"}}
{"type":2302,"data":{"_key":"6064525","_rev":"_VWsnd5e--J"}}
{"type":2302,"data":{"_key":"6062783","_rev":"_VWsW1lu--H"}}
{"type":2302,"data":{"_key":"6061697","_rev":"_VWsOx-u---"}}
{"type":2302,"data":{"_key":"6064025","_rev":"_VWsjRgW--F"}}
{"type":2302,"data":{"_key":"6061849","_rev":"_VWsP2Qa---"}}
{"type":2302,"data":{"_key":"6020300","_rev":"_VWlzL0q--M"}}
{"type":2302,"data":{"_key":"6061846","_rev":"_VWsP2QW--E"}}
{"type":2302,"data":{"_key":"6060801","_rev":"_VWsKUAy--B"}}
{"type":2302,"data":{"_key":"6060454","_rev":"_VWsIVL6--H"}}
{"type":2302,"data":{"_key":"6061224","_rev":"_VWsMeA---J"}}
{"type":2302,"data":{"_key":"6040502","_rev":"_VWo1lmi--D"}}
{"type":2302,"data":{"_key":"6062781","_rev":"_VWsW1lu--G"}}
{"type":2302,"data":{"_key":"6060581","_rev":"_VWsJUn2--E"}}
{"type":2302,"data":{"_key":"6062537","_rev":"_VWsVj2e--_"}}
{"type":2302,"data":{"_key":"6062663","_rev":"_VWsWQre--_"}}
{"type":2302,"data":{"_key":"6124828","_rev":"_VW2r65m--A"}}
{"type":2302,"data":{"_key":"6130222","_rev":"_VW3aI-S--_"}}
{"type":2302,"data":{"_key":"6122109","_rev":"_VW2TUfO--_"}}
{"type":2302,"data":{"_key":"6123920","_rev":"_VW2jHGq---"}}
{"type":2302,"data":{"_key":"6123368","_rev":"_VW2fjsu--_"}}
{"type":2302,"data":{"_key":"6123776","_rev":"_VW2ibSy--A"}}
{"type":2302,"data":{"_key":"6122450","_rev":"_VW2Upc---_"}}
{"type":2302,"data":{"_key":"6122106","_rev":"_VW2TUfO---"}}
{"type":2302,"data":{"_key":"6125038","_rev":"_VW2ujlq--_"}}
{"type":2302,"data":{"_key":"6125035","_rev":"_VW2ujlq---"}}
{"type":2302,"data":{"_key":"6123365","_rev":"_VW2fjsu---"}}
{"type":2302,"data":{"_key":"6130100","_rev":"_VW3ZBbq--A"}}
{"type":2302,"data":{"_key":"6130098","_rev":"_VW3ZBbq--_"}}
{"type":2302,"data":{"_key":"6123824","_rev":"_VW2iqH2--A"}}
{"type":2302,"data":{"_key":"6125362","_rev":"_VW2va12---"}}
{"type":2302,"data":{"_key":"6124282","_rev":"_VW2nQmO---"}}
{"type":2302,"data":{"_key":"6123779","_rev":"_VW2ibS6---"}}
{"type":2302,"data":{"_key":"6125365","_rev":"_VW2va12--_"}}
{"type":2302,"data":{"_key":"6122386","_rev":"_VW2UPTi---"}}
{"type":2302,"data":{"_key":"6122447","_rev":"_VW2Upc----"}}
{"type":2302,"data":{"_key":"6124285","_rev":"_VW2nQmO--_"}}
{"type":2302,"data":{"_key":"6130258","_rev":"_VW3aURa--A"}}
{"type":2302,"data":{"_key":"6125665","_rev":"_VW2zrca--C"}}
{"type":2302,"data":{"_key":"6123925","_rev":"_VW2jHGq--A"}}
{"type":2302,"data":{"_key":"6130261","_rev":"_VW3aURa--B"}}
{"type":2302,"data":{"_key":"6124831","_rev":"_VW2r65m--B"}}
{"type":2302,"data":{"_key":"6123923","_rev":"_VW2jHGq--_"}}
{"type":2302,"data":{"_key":"6123927","_rev":"_VW2jHGq--B"}}
{"type":2302,"data":{"_key":"6130219","_rev":"_VW3aI-S---"}}
{"type":2302,"data":{"_key":"6125668","_rev":"_VW2zrca--D"}}
{"type":2302,"data":{"_key":"6124287","_rev":"_VW2nQmO--A"}}
{"type":2302,"data":{"_key":"6130095","_rev":"_VW3ZBbq---"}}
{"type":2302,"data":{"_key":"6122389","_rev":"_VW2UPTi--_"}}
{"type":2302,"data":{"_key":"6123868","_rev":"_VW2i2Cy--C"}}
{"type":2302,"data":{"_key":"6123871","_rev":"_VW2i2Cy--D"}}
{"type":2302,"data":{"_key":"6123827","_rev":"_VW2iqH2--B"}}
{"type":2300,"data":{"_from":"currentPath/6131781","_id":"updatedTo/6131832","_key":"6131832","_rev":"_VW3nSKW---","_to":"currentPath/6131821"}}
{"type":2300,"data":{"_from":"currentPath/6131785","_id":"updatedTo/6131835","_key":"6131835","_rev":"_VW3nSKW--_","_to":"currentPath/6131825"}}
{"type":2300,"data":{"_from":"currentPath/6131821","_id":"updatedTo/6131889","_key":"6131889","_rev":"_VW3nrZO--A","_to":"currentPath/6131878"}}
{"type":2300,"data":{"_from":"currentPath/6131825","_id":"updatedTo/6131892","_key":"6131892","_rev":"_VW3nrZO--B","_to":"currentPath/6131882"}}
{"type":2300,"data":{"_from":"currentPath/6131882","_id":"updatedTo/6131933","_key":"6131933","_rev":"_VW3n9P6--A","_to":"currentPath/6131926"}}
{"type":2300,"data":{"_from":"currentPath/6131926","_id":"updatedTo/6131992","_key":"6131992","_rev":"_VW3oorG--_","_to":"currentPath/6131985"}}
{"type":2300,"data":{"_from":"currentPath/6131985","_id":"updatedTo/6132024","_key":"6132024","_rev":"_VW3oviG---","_to":"currentPath/6132017"}}
{"type":2300,"data":{"_from":"currentPath/6132108","_id":"updatedTo/6132378","_key":"6132378","_rev":"_VW3s972--A","_to":"currentPath/6132371"}}
{"type":2300,"data":{"_from":"currentPath/6132371","_id":"updatedTo/6132514","_key":"6132514","_rev":"_VW3uWmq--_","_to":"currentPath/6132507"}}
{"type":2300,"data":{"_from":"currentPath/6132507","_id":"updatedTo/6132667","_key":"6132667","_rev":"_VW3v4rO---","_to":"currentPath/6132660"}}
{"type":2300,"data":{"_from":"currentPath/6132660","_id":"updatedTo/6132721","_key":"6132721","_rev":"_VW3wM5q---","_to":"currentPath/6132714"}}
{"type":2300,"data":{"_from":"currentPath/6132710","_id":"updatedTo/6132847","_key":"6132847","_rev":"_VW3xoii--A","_to":"currentPath/6132836"}}
{"type":2300,"data":{"_from":"currentPath/6132714","_id":"updatedTo/6132850","_key":"6132850","_rev":"_VW3xoii--B","_to":"currentPath/6132840"}}
