{"indexes":[],"parameters":{"allowUserKeys":true,"cid":"5907579","count":0,"deleted":false,"doCompact":true,"id":"5907579","indexBuckets":8,"indexes":[{"fields":["_key"],"id":"0","selectivityEstimate":1,"sparse":false,"type":"primary","unique":true},{"fields":["_from","_to"],"id":"1","selectivityEstimate":1,"sparse":false,"type":"edge","unique":false}],"isSmart":false,"isSystem":false,"isVolatile":false,"journalSize":33554432,"keyOptions":{"allowUserKeys":true,"lastValue":6132850,"type":"traditional"},"name":"updatedTo","numberOfShards":1,"planId":"5907579","replicationFactor":1,"shardKeys":["_key"],"shards":{},"status":4,"type":3,"version":6,"waitForSync":false}}