[{"_key":"1763377","_id":"connectsTo/1763377","_from":"standards/MS-PS1-1","_to":"standards/PS1.A.7","_rev":"_VIwhT6e--_","connectionType":"pe-dciSubcomp"},{"_key":"1763603","_id":"connectsTo/1763603","_from":"standards/MS-ESS2-6","_to":"standards/ESS2.C.6","_rev":"_VIwhU_q--A","connectionType":"pe-dciSubcomp"},{"_key":"1763339","_id":"connectsTo/1763339","_from":"standards/HS-PS2-1","_to":"standards/PS2.A.8","_rev":"_VIwhT52---","connectionType":"pe-dciSubcomp"},{"_key":"1763733","_id":"connectsTo/1763733","_from":"standards/HS-LS2-3","_to":"standards/LS2.B.3","_rev":"_VIwhUCS---","connectionType":"pe-dciSubcomp"},{"_key":"1763439","_id":"connectsTo/1763439","_from":"standards/HS-PS1-3","_to":"standards/PS1.A.15","_rev":"_VIwhT8----","connectionType":"pe-dciSubcomp"},{"_key":"1763395","_id":"connectsTo/1763395","_from":"standards/4-PS3-2","_to":"standards/PS3.B.3","_rev":"_VIwhT6u--B","connectionType":"pe-dciSubcomp"},{"_key":"1763467","_id":"connectsTo/1763467","_from":"standards/HS-LS4-3","_to":"standards/LS4.C.5","_rev":"_VIwhT8i---","connectionType":"pe-dciSubcomp"},{"_key":"1763627","_id":"connectsTo/1763627","_from":"standards/HS-LS1-6","_to":"standards/LS1.C.8","_rev":"_VIwhUAK---","connectionType":"pe-dciSubcomp"},{"_key":"1763999","_id":"connectsTo/1763999","_from":"standards/PS1.A.14","_to":"standards/HS-PS1-2","_rev":"_VIwjtVq--M","connectionType":"dciSubcomp-pe"},{"_key":"1763745","_id":"connectsTo/1763745","_from":"standards/HS-ESS1-4","_to":"standards/ESS1.B.6","_rev":"_VIwhUCq---","connectionType":"pe-dciSubcomp"},{"_key":"1764145","_id":"connectsTo/1764145","_from":"standards/PS3.B.5","_to":"standards/MS-PS3-5","_rev":"_VIwjtVu--z","connectionType":"dciSubcomp-pe"},{"_key":"1763973","_id":"connectsTo/1763973","_from":"standards/ESS2.C.6","_to":"standards/MS-ESS2-6","_rev":"_VIwjtVq--_","connectionType":"dciSubcomp-pe"},{"_key":"1763405","_id":"connectsTo/1763405","_from":"standards/2-ESS2-3","_to":"standards/ESS2.C.1","_rev":"_VIwhT7C---","connectionType":"pe-dciSubcomp"},{"_key":"1764191","_id":"connectsTo/1764191","_from":"standards/ESS2.D.9","_to":"standards/HS-ESS2-4","_rev":"_VIwjtVu-_K","connectionType":"dciSubcomp-pe"},{"_key":"1764203","_id":"connectsTo/1764203","_from":"standards/LS4.A.4","_to":"standards/MS-LS4-2","_rev":"_VIwjtVu-_Q","connectionType":"dciSubcomp-pe"},{"_key":"1763619","_id":"connectsTo/1763619","_from":"standards/MS-LS2-1","_to":"standards/LS2.A.5","_rev":"_VIwhUA---_","connectionType":"pe-dciSubcomp"},{"_key":"1763283","_id":"connectsTo/1763283","_from":"standards/3-5-ETS1-1","_to":"standards/ETS1.A.1","_rev":"_VIwhT4i---","connectionType":"pe-dciSubcomp"},{"_key":"1764147","_id":"connectsTo/1764147","_from":"standards/PS4.C.1","_to":"standards/1-PS4-4","_rev":"_VIwjtVu--0","connectionType":"dciSubcomp-pe"},{"_key":"1763553","_id":"connectsTo/1763553","_from":"standards/MS-LS3-1","_to":"standards/LS3.A.4","_rev":"_VIwhU-q---","connectionType":"pe-dciSubcomp"},{"_key":"1763605","_id":"connectsTo/1763605","_from":"standards/3-ESS3-1","_to":"standards/ESS3.B.2","_rev":"_VIwhU_u---","connectionType":"pe-dciSubcomp"},{"_key":"1763237","_id":"connectsTo/1763237","_from":"standards/HS-PS1-2","_to":"standards/PS1.A.14","_rev":"_VIwhT3i---","connectionType":"pe-dciSubcomp"},{"_key":"1763549","_id":"connectsTo/1763549","_from":"standards/HS-LS4-2","_to":"standards/LS4.B.4","_rev":"_VIwhU-m---","connectionType":"pe-dciSubcomp"},{"_key":"1764391","_id":"connectsTo/1764391","_from":"standards/PS2.A.4","_to":"standards/3-PS2-2","_rev":"_VIwjtV2--B","connectionType":"dciSubcomp-pe"},{"_key":"1764111","_id":"connectsTo/1764111","_from":"standards/PS1.A.14","_to":"standards/HS-PS1-1","_rev":"_VIwjtVu--i","connectionType":"dciSubcomp-pe"},{"_key":"1763323","_id":"connectsTo/1763323","_from":"standards/MS-ESS1-1","_to":"standards/ESS1.B.4","_rev":"_VIwhT5e--_","connectionType":"pe-dciSubcomp"},{"_key":"1763751","_id":"connectsTo/1763751","_from":"standards/4-PS4-1","_to":"standards/PS4.A.2","_rev":"_VIwhUCy--A","connectionType":"pe-dciSubcomp"},{"_key":"1764335","_id":"connectsTo/1764335","_from":"standards/LS4.D.3","_to":"standards/MS-LS2-5","_rev":"_VIwjtVy--M","connectionType":"dciSubcomp-pe"},{"_key":"1763597","_id":"connectsTo/1763597","_from":"standards/3-ESS2-1","_to":"standards/ESS2.D.2","_rev":"_VIwhU_m---","connectionType":"pe-dciSubcomp"},{"_key":"1763683","_id":"connectsTo/1763683","_from":"standards/HS-PS3-1","_to":"standards/PS3.B.10","_rev":"_VIwhUBa---","connectionType":"pe-dciSubcomp"},{"_key":"1763539","_id":"connectsTo/1763539","_from":"standards/MS-LS1-1","_to":"standards/LS1.A.3","_rev":"_VIwhU-W--_","connectionType":"pe-dciSubcomp"},{"_key":"1763585","_id":"connectsTo/1763585","_from":"standards/K-ESS3-2","_to":"standards/ESS3.B.1","_rev":"_VIwhU_W---","connectionType":"pe-dciSubcomp"},{"_key":"1764413","_id":"connectsTo/1764413","_from":"standards/LS2.C.1","_to":"standards/3-LS4-4","_rev":"_VIwjtV2--M","connectionType":"dciSubcomp-pe"},{"_key":"1763753","_id":"connectsTo/1763753","_from":"standards/2-PS1-1","_to":"standards/PS1.A.1","_rev":"_VIwhUC2---","connectionType":"pe-dciSubcomp"},{"_key":"1764481","_id":"connectsTo/1764481","_from":"standards/ETS1.A.1","_to":"standards/K-PS2-2","_rev":"_VIwjtV2--u","connectionType":"dciSubcomp-pe"},{"_key":"1764553","_id":"connectsTo/1764553","_from":"standards/PS2.A.3","_to":"standards/3-PS2-1","_rev":"_VIwjtV2-_S","connectionType":"dciSubcomp-pe"},{"_key":"1764453","_id":"connectsTo/1764453","_from":"standards/ESS1.C.4","_to":"standards/MS-ESS2-3","_rev":"_VIwjtV2--g","connectionType":"dciSubcomp-pe"},{"_key":"1763529","_id":"connectsTo/1763529","_from":"standards/1-ESS1-2","_to":"standards/ESS1.B.1","_rev":"_VIwhU-O---","connectionType":"pe-dciSubcomp"},{"_key":"1764405","_id":"connectsTo/1764405","_from":"standards/ESS2.D.7","_to":"standards/HS-ESS2-4","_rev":"_VIwjtV2--I","connectionType":"dciSubcomp-pe"},{"_key":"1764217","_id":"connectsTo/1764217","_from":"standards/LS4.C.4","_to":"standards/HS-LS4-4","_rev":"_VIwjtVu-_X","connectionType":"dciSubcomp-pe"},{"_key":"1764467","_id":"connectsTo/1764467","_from":"standards/PS3.D.2","_to":"standards/HS-PS4-5","_rev":"_VIwjtV2--n","connectionType":"dciSubcomp-pe"},{"_key":"1764333","_id":"connectsTo/1764333","_from":"standards/ESS1.C.2","_to":"standards/4-ESS1-1","_rev":"_VIwjtVy--L","connectionType":"dciSubcomp-pe"},{"_key":"1764367","_id":"connectsTo/1764367","_from":"standards/ESS1.B.3","_to":"standards/MS-ESS1-2","_rev":"_VIwjtVy--c","connectionType":"dciSubcomp-pe"},{"_key":"1763725","_id":"connectsTo/1763725","_from":"standards/MS-PS4-2","_to":"standards/PS4.B.4","_rev":"_VIwhUCK--A","connectionType":"pe-dciSubcomp"},{"_key":"1764535","_id":"connectsTo/1764535","_from":"standards/LS2.A.7","_to":"standards/MS-LS2-2","_rev":"_VIwjtV2-_J","connectionType":"dciSubcomp-pe"},{"_key":"1764489","_id":"connectsTo/1764489","_from":"standards/PS1.B.4","_to":"standards/MS-PS1-2","_rev":"_VIwjtV2--y","connectionType":"dciSubcomp-pe"},{"_key":"1763265","_id":"connectsTo/1763265","_from":"standards/K-PS2-1","_to":"standards/PS2.A.1","_rev":"_VIwhT4G--_","connectionType":"pe-dciSubcomp"},{"_key":"1763989","_id":"connectsTo/1763989","_from":"standards/ESS2.C.1","_to":"standards/2-ESS2-3","_rev":"_VIwjtVq--H","connectionType":"dciSubcomp-pe"},{"_key":"1763519","_id":"connectsTo/1763519","_from":"standards/5-ESS1-1","_to":"standards/ESS1.A.2","_rev":"_VIwhT92--_","connectionType":"pe-dciSubcomp"},{"_key":"1764303","_id":"connectsTo/1764303","_from":"standards/PS1.A.8","_to":"standards/MS-PS1-3","_rev":"_VIwjtVu-AC","connectionType":"dciSubcomp-pe"},{"_key":"1763295","_id":"connectsTo/1763295","_from":"standards/HS-PS1-5","_to":"standards/PS1.B.7","_rev":"_VIwhT42---","connectionType":"pe-dciSubcomp"},{"_key":"1764435","_id":"connectsTo/1764435","_from":"standards/ESS1.B.3","_to":"standards/MS-ESS1-3","_rev":"_VIwjtV2--X","connectionType":"dciSubcomp-pe"},{"_key":"1763727","_id":"connectsTo/1763727","_from":"standards/MS-PS4-2","_to":"standards/PS4.A.5","_rev":"_VIwhUCK--B","connectionType":"pe-dciSubcomp"},{"_key":"1763765","_id":"connectsTo/1763765","_from":"standards/HS-PS3-3","_to":"standards/ETS1.A.2","_rev":"_VIwhUDO--_","connectionType":"pe-dciSubcomp"},{"_key":"1764533","_id":"connectsTo/1764533","_from":"standards/PS3.A.7","_to":"standards/MS-PS3-4","_rev":"_VIwjtV2-_I","connectionType":"dciSubcomp-pe"},{"_key":"1763987","_id":"connectsTo/1763987","_from":"standards/ESS1.B.6","_to":"standards/HS-ESS1-4","_rev":"_VIwjtVq--G","connectionType":"dciSubcomp-pe"},{"_key":"1763431","_id":"connectsTo/1763431","_from":"standards/4-LS1-2","_to":"standards/LS1.D.2","_rev":"_VIwhT72---","connectionType":"pe-dciSubcomp"},{"_key":"1763755","_id":"connectsTo/1763755","_from":"standards/3-ESS2-2","_to":"standards/ESS2.D.3","_rev":"_VIwhUC6---","connectionType":"pe-dciSubcomp"},{"_key":"1763517","_id":"connectsTo/1763517","_from":"standards/K-ESS3-3","_to":"standards/ETS1.B.1","_rev":"_VIwhT92---","connectionType":"pe-dciSubcomp"},{"_key":"1763587","_id":"connectsTo/1763587","_from":"standards/K-ESS3-2","_to":"standards/ETS1.A.1","_rev":"_VIwhU_a---","connectionType":"pe-dciSubcomp"},{"_key":"1764279","_id":"connectsTo/1764279","_from":"standards/ESS2.A.4","_to":"standards/MS-ESS2-1","_rev":"_VIwjtVu-_2","connectionType":"dciSubcomp-pe"},{"_key":"1763261","_id":"connectsTo/1763261","_from":"standards/HS-PS3-2","_to":"standards/PS3.A.10","_rev":"_VIwhT4C--_","connectionType":"pe-dciSubcomp"},{"_key":"1763729","_id":"connectsTo/1763729","_from":"standards/MS-PS4-2","_to":"standards/PS4.B.5","_rev":"_VIwhUCK--C","connectionType":"pe-dciSubcomp"},{"_key":"1763577","_id":"connectsTo/1763577","_from":"standards/1-LS3-1","_to":"standards/LS3.B.1","_rev":"_VIwhU_O--_","connectionType":"pe-dciSubcomp"},{"_key":"1764411","_id":"connectsTo/1764411","_from":"standards/PS3.D.1","_to":"standards/4-PS3-4","_rev":"_VIwjtV2--L","connectionType":"dciSubcomp-pe"},{"_key":"1764507","_id":"connectsTo/1764507","_from":"standards/LS1.A.4","_to":"standards/MS-LS1-2","_rev":"_VIwjtV2--7","connectionType":"dciSubcomp-pe"},{"_key":"1764349","_id":"connectsTo/1764349","_from":"standards/ESS2.A.2","_to":"standards/4-ESS2-1","_rev":"_VIwjtVy--T","connectionType":"dciSubcomp-pe"},{"_key":"1764051","_id":"connectsTo/1764051","_from":"standards/ETS1.C.4","_to":"standards/MS-ETS1-4","_rev":"_VIwjtVu--E","connectionType":"dciSubcomp-pe"},{"_key":"1763417","_id":"connectsTo/1763417","_from":"standards/HS-PS2-5","_to":"standards/PS3.A.8","_rev":"_VIwhT7a--_","connectionType":"pe-dciSubcomp"},{"_key":"1764009","_id":"connectsTo/1764009","_from":"standards/PS3.B.10","_to":"standards/HS-PS3-1","_rev":"_VIwjtVq--R","connectionType":"dciSubcomp-pe"},{"_key":"1763373","_id":"connectsTo/1763373","_from":"standards/4-ESS2-2","_to":"standards/ESS2.B.2","_rev":"_VIwhT6a---","connectionType":"pe-dciSubcomp"},{"_key":"1763303","_id":"connectsTo/1763303","_from":"standards/HS-ESS3-2","_to":"standards/ETS1.B.11","_rev":"_VIwhT5----","connectionType":"pe-dciSubcomp"},{"_key":"1763213","_id":"connectsTo/1763213","_from":"standards/MS-ETS1-4","_to":"standards/ETS1.C.4","_rev":"_VIwhT2y---","connectionType":"pe-dciSubcomp"},{"_key":"1763689","_id":"connectsTo/1763689","_from":"standards/HS-PS2-4","_to":"standards/PS2.B.9","_rev":"_VIwhUBi---","connectionType":"pe-dciSubcomp"},{"_key":"1763435","_id":"connectsTo/1763435","_from":"standards/MS-PS3-3","_to":"standards/PS3.B.7","_rev":"_VIwhT76--_","connectionType":"pe-dciSubcomp"},{"_key":"1763249","_id":"connectsTo/1763249","_from":"standards/MS-LS1-7","_to":"standards/LS1.C.5","_rev":"_VIwhT32---","connectionType":"pe-dciSubcomp"},{"_key":"1763797","_id":"connectsTo/1763797","_from":"standards/2-ESS1-1","_to":"standards/ESS1.C.1","_rev":"_VIwhUD2---","connectionType":"pe-dciSubcomp"},{"_key":"1763721","_id":"connectsTo/1763721","_from":"standards/MS-PS4-2","_to":"standards/PS4.B.7","_rev":"_VIwhUCK---","connectionType":"pe-dciSubcomp"},{"_key":"1764503","_id":"connectsTo/1764503","_from":"standards/PS3.A.2","_to":"standards/4-PS3-2","_rev":"_VIwjtV2--5","connectionType":"dciSubcomp-pe"},{"_key":"1764447","_id":"connectsTo/1764447","_from":"standards/ESS3.C.3","_to":"standards/MS-ESS3-3","_rev":"_VIwjtV2--d","connectionType":"dciSubcomp-pe"},{"_key":"1763297","_id":"connectsTo/1763297","_from":"standards/4-PS3-3","_to":"standards/PS3.C.2","_rev":"_VIwhT42--_","connectionType":"pe-dciSubcomp"},{"_key":"1763491","_id":"connectsTo/1763491","_from":"standards/K-PS3-2","_to":"standards/PS3.B.1","_rev":"_VIwhT9K--_","connectionType":"pe-dciSubcomp"},{"_key":"1763447","_id":"connectsTo/1763447","_from":"standards/MS-PS1-4","_to":"standards/PS1.A.12","_rev":"_VIwhT8O---","connectionType":"pe-dciSubcomp"},{"_key":"1764121","_id":"connectsTo/1764121","_from":"standards/PS4.C.2","_to":"standards/4-PS4-3","_rev":"_VIwjtVu--n","connectionType":"dciSubcomp-pe"},{"_key":"1764291","_id":"connectsTo/1764291","_from":"standards/ETS1.C.2","_to":"standards/4-PS4-3","_rev":"_VIwjtVu-_8","connectionType":"dciSubcomp-pe"},{"_key":"1763401","_id":"connectsTo/1763401","_from":"standards/K-2-ETS1-3","_to":"standards/ETS1.C.1","_rev":"_VIwhT62--_","connectionType":"pe-dciSubcomp"},{"_key":"1763363","_id":"connectsTo/1763363","_from":"standards/MS-ESS2-4","_to":"standards/ESS2.C.3","_rev":"_VIwhT6O---","connectionType":"pe-dciSubcomp"},{"_key":"1764473","_id":"connectsTo/1764473","_from":"standards/LS2.C.4","_to":"standards/HS-LS2-6","_rev":"_VIwjtV2--q","connectionType":"dciSubcomp-pe"},{"_key":"1763271","_id":"connectsTo/1763271","_from":"standards/MS-PS2-2","_to":"standards/PS2.A.7","_rev":"_VIwhT4K---","connectionType":"pe-dciSubcomp"},{"_key":"1763607","_id":"connectsTo/1763607","_from":"standards/5-PS3-1","_to":"standards/LS1.C.2","_rev":"_VIwhU_y---","connectionType":"pe-dciSubcomp"},{"_key":"1764079","_id":"connectsTo/1764079","_from":"standards/ETS1.B.1","_to":"standards/K-2-ETS1-2","_rev":"_VIwjtVu--S","connectionType":"dciSubcomp-pe"},{"_key":"1764031","_id":"connectsTo/1764031","_from":"standards/LS1.D.2","_to":"standards/4-LS1-2","_rev":"_VIwjtVq--c","connectionType":"dciSubcomp-pe"},{"_key":"1763503","_id":"connectsTo/1763503","_from":"standards/MS-PS1-5","_to":"standards/PS1.B.4","_rev":"_VIwhT9m---","connectionType":"pe-dciSubcomp"},{"_key":"1764487","_id":"connectsTo/1764487","_from":"standards/ETS1.C.3","_to":"standards/MS-ETS1-3","_rev":"_VIwjtV2--x","connectionType":"dciSubcomp-pe"},{"_key":"1764543","_id":"connectsTo/1764543","_from":"standards/LS3.A.3","_to":"standards/3-LS3-2","_rev":"_VIwjtV2-_N","connectionType":"dciSubcomp-pe"},{"_key":"1763489","_id":"connectsTo/1763489","_from":"standards/K-2-ETS1-2","_to":"standards/ETS1.B.1","_rev":"_VIwhT9K---","connectionType":"pe-dciSubcomp"},{"_key":"1763767","_id":"connectsTo/1763767","_from":"standards/HS-PS3-3","_to":"standards/PS3.A.10","_rev":"_VIwhUDO--A","connectionType":"pe-dciSubcomp"},{"_key":"1764223","_id":"connectsTo/1764223","_from":"standards/PS2.A.2","_to":"standards/K-PS2-2","_rev":"_VIwjtVu-_a","connectionType":"dciSubcomp-pe"},{"_key":"1763387","_id":"connectsTo/1763387","_from":"standards/MS-LS2-5","_to":"standards/LS2.C.3","_rev":"_VIwhT6q--A","connectionType":"pe-dciSubcomp"},{"_key":"1763527","_id":"connectsTo/1763527","_from":"standards/5-PS1-4","_to":"standards/PS1.B.2","_rev":"_VIwhU-K---","connectionType":"pe-dciSubcomp"},{"_key":"1764259","_id":"connectsTo/1764259","_from":"standards/ETS1.B.11","_to":"standards/HS-ETS1-3","_rev":"_VIwjtVu-_s","connectionType":"dciSubcomp-pe"},{"_key":"1763425","_id":"connectsTo/1763425","_from":"standards/2-LS4-1","_to":"standards/LS4.D.1","_rev":"_VIwhT7m---","connectionType":"pe-dciSubcomp"},{"_key":"1764015","_id":"connectsTo/1764015","_from":"standards/PS1.A.1","_to":"standards/2-PS1-1","_rev":"_VIwjtVq--U","connectionType":"dciSubcomp-pe"},{"_key":"1763551","_id":"connectsTo/1763551","_from":"standards/HS-ETS1-1","_to":"standards/ETS1.A.2","_rev":"_VIwhU-m--_","connectionType":"pe-dciSubcomp"},{"_key":"1764415","_id":"connectsTo/1764415","_from":"standards/ESS2.D.6","_to":"standards/MS-ESS2-6","_rev":"_VIwjtV2--N","connectionType":"dciSubcomp-pe"},{"_key":"1763367","_id":"connectsTo/1763367","_from":"standards/5-ESS2-2","_to":"standards/ESS2.C.2","_rev":"_VIwhT6S---","connectionType":"pe-dciSubcomp"},{"_key":"1764141","_id":"connectsTo/1764141","_from":"standards/ESS2.D.5","_to":"standards/MS-ESS2-5","_rev":"_VIwjtVu--x","connectionType":"dciSubcomp-pe"},{"_key":"1763567","_id":"connectsTo/1763567","_from":"standards/3-LS1-1","_to":"standards/LS1.B.2","_rev":"_VIwhU_---_","connectionType":"pe-dciSubcomp"},{"_key":"1764485","_id":"connectsTo/1764485","_from":"standards/ETS1.B.5","_to":"standards/MS-LS2-5","_rev":"_VIwjtV2--w","connectionType":"dciSubcomp-pe"},{"_key":"1764449","_id":"connectsTo/1764449","_from":"standards/ESS3.A.4","_to":"standards/HS-ESS3-1","_rev":"_VIwjtV2--e","connectionType":"dciSubcomp-pe"},{"_key":"1763643","_id":"connectsTo/1763643","_from":"standards/HS-PS4-3","_to":"standards/PS4.B.8","_rev":"_VIwhUAi--_","connectionType":"pe-dciSubcomp"},{"_key":"1763669","_id":"connectsTo/1763669","_from":"standards/MS-ESS3-4","_to":"standards/ESS3.C.4","_rev":"_VIwhUBK---","connectionType":"pe-dciSubcomp"},{"_key":"1764285","_id":"connectsTo/1764285","_from":"standards/PS4.A.7","_to":"standards/HS-PS4-2","_rev":"_VIwjtVu-_5","connectionType":"dciSubcomp-pe"},{"_key":"1763969","_id":"connectsTo/1763969","_from":"standards/PS1.A.7","_to":"standards/MS-PS1-1","_rev":"_VIwjtVq---","connectionType":"dciSubcomp-pe"},{"_key":"1764409","_id":"connectsTo/1764409","_from":"standards/ESS1.C.3","_to":"standards/MS-ESS1-4","_rev":"_VIwjtV2--K","connectionType":"dciSubcomp-pe"},{"_key":"1763239","_id":"connectsTo/1763239","_from":"standards/5-LS1-1","_to":"standards/LS1.C.3","_rev":"_VIwhT3m---","connectionType":"pe-dciSubcomp"},{"_key":"1763505","_id":"connectsTo/1763505","_from":"standards/MS-PS1-2","_to":"standards/PS1.A.8","_rev":"_VIwhT9q---","connectionType":"pe-dciSubcomp"},{"_key":"1763675","_id":"connectsTo/1763675","_from":"standards/4-LS1-1","_to":"standards/LS1.A.2","_rev":"_VIwhUBW---","connectionType":"pe-dciSubcomp"},{"_key":"1763483","_id":"connectsTo/1763483","_from":"standards/HS-ESS2-1","_to":"standards/ESS2.A.6","_rev":"_VIwhT9----","connectionType":"pe-dciSubcomp"},{"_key":"1764235","_id":"connectsTo/1764235","_from":"standards/ETS1.A.3","_to":"standards/K-2-ETS1-1","_rev":"_VIwjtVu-_g","connectionType":"dciSubcomp-pe"},{"_key":"1764037","_id":"connectsTo/1764037","_from":"standards/ETS1.A.1","_to":"standards/K-ESS3-2","_rev":"_VIwjtVq--f","connectionType":"dciSubcomp-pe"},{"_key":"1763521","_id":"connectsTo/1763521","_from":"standards/MS-ETS1-2","_to":"standards/ETS1.B.8","_rev":"_VIwhT96---","connectionType":"pe-dciSubcomp"},{"_key":"1763227","_id":"connectsTo/1763227","_from":"standards/HS-LS2-7","_to":"standards/ETS1.B.11","_rev":"_VIwhT3G--_","connectionType":"pe-dciSubcomp"},{"_key":"1763979","_id":"connectsTo/1763979","_from":"standards/PS1.A.15","_to":"standards/HS-PS1-3","_rev":"_VIwjtVq--C","connectionType":"dciSubcomp-pe"},{"_key":"1763419","_id":"connectsTo/1763419","_from":"standards/HS-PS1-1","_to":"standards/PS1.A.14","_rev":"_VIwhT7e---","connectionType":"pe-dciSubcomp"},{"_key":"1764541","_id":"connectsTo/1764541","_from":"standards/PS3.B.2","_to":"standards/4-PS3-2","_rev":"_VIwjtV2-_M","connectionType":"dciSubcomp-pe"},{"_key":"1764397","_id":"connectsTo/1764397","_from":"standards/ESS2.E.1","_to":"standards/K-ESS2-2","_rev":"_VIwjtV2--E","connectionType":"dciSubcomp-pe"},{"_key":"1764175","_id":"connectsTo/1764175","_from":"standards/PS1.A.2","_to":"standards/2-PS1-2","_rev":"_VIwjtVu-_C","connectionType":"dciSubcomp-pe"},{"_key":"1764167","_id":"connectsTo/1764167","_from":"standards/PS3.D.1","_to":"standards/HS-PS3-4","_rev":"_VIwjtVu-_-","connectionType":"dciSubcomp-pe"},{"_key":"1763493","_id":"connectsTo/1763493","_from":"standards/HS-LS4-5","_to":"standards/LS4.C.6","_rev":"_VIwhT9S---","connectionType":"pe-dciSubcomp"},{"_key":"1764281","_id":"connectsTo/1764281","_from":"standards/PS3.C.1","_to":"standards/K-PS2-1","_rev":"_VIwjtVu-_3","connectionType":"dciSubcomp-pe"},{"_key":"1763561","_id":"connectsTo/1763561","_from":"standards/2-ESS2-1","_to":"standards/ETS1.C.1","_rev":"_VIwhU-2---","connectionType":"pe-dciSubcomp"},{"_key":"1764127","_id":"connectsTo/1764127","_from":"standards/PS1.A.10","_to":"standards/MS-PS1-4","_rev":"_VIwjtVu--q","connectionType":"dciSubcomp-pe"},{"_key":"1763343","_id":"connectsTo/1763343","_from":"standards/MS-PS3-1","_to":"standards/PS3.A.5","_rev":"_VIwhT56--_","connectionType":"pe-dciSubcomp"},{"_key":"1763531","_id":"connectsTo/1763531","_from":"standards/K-PS2-2","_to":"standards/PS2.A.1","_rev":"_VIwhU-S---","connectionType":"pe-dciSubcomp"},{"_key":"1764169","_id":"connectsTo/1764169","_from":"standards/ESS2.A.6","_to":"standards/HS-ESS2-2","_rev":"_VIwjtVu-__","connectionType":"dciSubcomp-pe"},{"_key":"1764129","_id":"connectsTo/1764129","_from":"standards/LS2.C.2","_to":"standards/MS-LS2-4","_rev":"_VIwjtVu--r","connectionType":"dciSubcomp-pe"},{"_key":"1764417","_id":"connectsTo/1764417","_from":"standards/PS1.B.4","_to":"standards/MS-PS1-3","_rev":"_VIwjtV2--O","connectionType":"dciSubcomp-pe"},{"_key":"1763631","_id":"connectsTo/1763631","_from":"standards/4-PS4-3","_to":"standards/PS4.C.2","_rev":"_VIwhUAO--_","connectionType":"pe-dciSubcomp"},{"_key":"1764149","_id":"connectsTo/1764149","_from":"standards/LS3.A.5","_to":"standards/MS-LS3-2","_rev":"_VIwjtVu--1","connectionType":"dciSubcomp-pe"},{"_key":"1764211","_id":"connectsTo/1764211","_from":"standards/ESS2.B.3","_to":"standards/MS-ESS2-3","_rev":"_VIwjtVu-_U","connectionType":"dciSubcomp-pe"},{"_key":"1763737","_id":"connectsTo/1763737","_from":"standards/3-LS3-1","_to":"standards/LS3.B.2","_rev":"_VIwhUCa--_","connectionType":"pe-dciSubcomp"},{"_key":"1764241","_id":"connectsTo/1764241","_from":"standards/ETS1.B.11","_to":"standards/HS-ESS3-4","_rev":"_VIwjtVu-_j","connectionType":"dciSubcomp-pe"},{"_key":"1764173","_id":"connectsTo/1764173","_from":"standards/PS1.B.6","_to":"standards/MS-PS1-6","_rev":"_VIwjtVu-_B","connectionType":"dciSubcomp-pe"},{"_key":"1763453","_id":"connectsTo/1763453","_from":"standards/MS-PS1-4","_to":"standards/PS3.A.3","_rev":"_VIwhT8S--_","connectionType":"pe-dciSubcomp"},{"_key":"1763449","_id":"connectsTo/1763449","_from":"standards/MS-PS1-4","_to":"standards/PS1.A.10","_rev":"_VIwhT8O--_","connectionType":"pe-dciSubcomp"},{"_key":"1763537","_id":"connectsTo/1763537","_from":"standards/MS-LS2-4","_to":"standards/LS2.C.2","_rev":"_VIwhU-W---","connectionType":"pe-dciSubcomp"},{"_key":"1764393","_id":"connectsTo/1764393","_from":"standards/LS1.B.5","_to":"standards/MS-LS1-5","_rev":"_VIwjtV2--C","connectionType":"dciSubcomp-pe"},{"_key":"1763715","_id":"connectsTo/1763715","_from":"standards/5-ESS3-1","_to":"standards/ESS3.C.2","_rev":"_VIwhUC----","connectionType":"pe-dciSubcomp"},{"_key":"1764517","_id":"connectsTo/1764517","_from":"standards/ETS1.B.6","_to":"standards/MS-PS1-6","_rev":"_VIwjtV2-_A","connectionType":"dciSubcomp-pe"},{"_key":"1764255","_id":"connectsTo/1764255","_from":"standards/ESS2.D.8","_to":"standards/HS-ESS2-6","_rev":"_VIwjtVu-_q","connectionType":"dciSubcomp-pe"},{"_key":"1764317","_id":"connectsTo/1764317","_from":"standards/PS3.A.6","_to":"standards/MS-PS3-2","_rev":"_VIwjtVy--D","connectionType":"dciSubcomp-pe"},{"_key":"1763335","_id":"connectsTo/1763335","_from":"standards/1-LS1-1","_to":"standards/LS1.D.1","_rev":"_VIwhT5u--_","connectionType":"pe-dciSubcomp"},{"_key":"1763663","_id":"connectsTo/1763663","_from":"standards/3-LS2-1","_to":"standards/LS2.D.1","_rev":"_VIwhUBC---","connectionType":"pe-dciSubcomp"},{"_key":"1763777","_id":"connectsTo/1763777","_from":"standards/5-LS2-1","_to":"standards/LS2.A.3","_rev":"_VIwhUDi--_","connectionType":"pe-dciSubcomp"},{"_key":"1763981","_id":"connectsTo/1763981","_from":"standards/PS3.B.3","_to":"standards/4-PS3-2","_rev":"_VIwjtVq--D","connectionType":"dciSubcomp-pe"},{"_key":"1764003","_id":"connectsTo/1764003","_from":"standards/ESS1.B.4","_to":"standards/MS-ESS1-1","_rev":"_VIwjtVq--O","connectionType":"dciSubcomp-pe"},{"_key":"1764061","_id":"connectsTo/1764061","_from":"standards/PS4.B.7","_to":"standards/MS-PS4-2","_rev":"_VIwjtVu--J","connectionType":"dciSubcomp-pe"},{"_key":"1763461","_id":"connectsTo/1763461","_from":"standards/MS-ETS1-3","_to":"standards/ETS1.B.8","_rev":"_VIwhT8a---","connectionType":"pe-dciSubcomp"},{"_key":"1764233","_id":"connectsTo/1764233","_from":"standards/PS1.A.5","_to":"standards/5-PS1-2","_rev":"_VIwjtVu-_f","connectionType":"dciSubcomp-pe"},{"_key":"1764531","_id":"connectsTo/1764531","_from":"standards/ESS2.D.1","_to":"standards/K-ESS2-1","_rev":"_VIwjtV2-_H","connectionType":"dciSubcomp-pe"},{"_key":"1763459","_id":"connectsTo/1763459","_from":"standards/MS-ESS2-5","_to":"standards/ESS2.D.5","_rev":"_VIwhT8W--_","connectionType":"pe-dciSubcomp"},{"_key":"1763325","_id":"connectsTo/1763325","_from":"standards/3-LS4-1","_to":"standards/LS4.A.2","_rev":"_VIwhT5i---","connectionType":"pe-dciSubcomp"},{"_key":"1763615","_id":"connectsTo/1763615","_from":"standards/MS-PS3-5","_to":"standards/PS3.B.5","_rev":"_VIwhU_6---","connectionType":"pe-dciSubcomp"},{"_key":"1763381","_id":"connectsTo/1763381","_from":"standards/1-PS4-4","_to":"standards/PS4.C.1","_rev":"_VIwhT6m---","connectionType":"pe-dciSubcomp"},{"_key":"1763345","_id":"connectsTo/1763345","_from":"standards/MS-LS3-2","_to":"standards/LS3.A.5","_rev":"_VIwhT6C---","connectionType":"pe-dciSubcomp"},{"_key":"1763409","_id":"connectsTo/1763409","_from":"standards/HS-PS1-8","_to":"standards/PS1.C.1","_rev":"_VIwhT7K---","connectionType":"pe-dciSubcomp"},{"_key":"1763523","_id":"connectsTo/1763523","_from":"standards/1-PS4-3","_to":"standards/PS4.B.2","_rev":"_VIwhU-----","connectionType":"pe-dciSubcomp"},{"_key":"1764337","_id":"connectsTo/1764337","_from":"standards/ESS3.B.4","_to":"standards/MS-ESS3-2","_rev":"_VIwjtVy--N","connectionType":"dciSubcomp-pe"},{"_key":"1763275","_id":"connectsTo/1763275","_from":"standards/MS-PS4-1","_to":"standards/PS4.A.4","_rev":"_VIwhT4O---","connectionType":"pe-dciSubcomp"},{"_key":"1764501","_id":"connectsTo/1764501","_from":"standards/LS4.C.2","_to":"standards/MS-LS4-6","_rev":"_VIwjtV2--4","connectionType":"dciSubcomp-pe"},{"_key":"1764059","_id":"connectsTo/1764059","_from":"standards/ESS1.C.1","_to":"standards/2-ESS1-1","_rev":"_VIwjtVu--I","connectionType":"dciSubcomp-pe"},{"_key":"1763379","_id":"connectsTo/1763379","_from":"standards/2-ESS2-2","_to":"standards/ESS2.B.1","_rev":"_VIwhT6i---","connectionType":"pe-dciSubcomp"},{"_key":"1763565","_id":"connectsTo/1763565","_from":"standards/4-ESS3-2","_to":"standards/ESS3.B.3","_rev":"_VIwhU_----","connectionType":"pe-dciSubcomp"},{"_key":"1764001","_id":"connectsTo/1764001","_from":"standards/LS4.B.4","_to":"standards/HS-LS4-2","_rev":"_VIwjtVq--N","connectionType":"dciSubcomp-pe"},{"_key":"1763263","_id":"connectsTo/1763263","_from":"standards/K-PS2-1","_to":"standards/PS2.B.1","_rev":"_VIwhT4G---","connectionType":"pe-dciSubcomp"},{"_key":"1764551","_id":"connectsTo/1764551","_from":"standards/PS1.A.15","_to":"standards/HS-PS1-6","_rev":"_VIwjtV2-_R","connectionType":"dciSubcomp-pe"},{"_key":"1763713","_id":"connectsTo/1763713","_from":"standards/HS-PS2-2","_to":"standards/PS2.A.9","_rev":"_VIwhUB6--A","connectionType":"pe-dciSubcomp"},{"_key":"1763671","_id":"connectsTo/1763671","_from":"standards/HS-LS2-2","_to":"standards/LS2.C.4","_rev":"_VIwhUBO---","connectionType":"pe-dciSubcomp"},{"_key":"1763443","_id":"connectsTo/1763443","_from":"standards/HS-PS3-4","_to":"standards/PS3.D.1","_rev":"_VIwhT8G---","connectionType":"pe-dciSubcomp"},{"_key":"1764029","_id":"connectsTo/1764029","_from":"standards/ETS1.A.2","_to":"standards/HS-PS3-3","_rev":"_VIwjtVq--b","connectionType":"dciSubcomp-pe"},{"_key":"1764477","_id":"connectsTo/1764477","_from":"standards/PS4.B.3","_to":"standards/4-PS4-2","_rev":"_VIwjtV2--s","connectionType":"dciSubcomp-pe"},{"_key":"1763331","_id":"connectsTo/1763331","_from":"standards/HS-ESS2-2","_to":"standards/ESS2.A.6","_rev":"_VIwhT5q---","connectionType":"pe-dciSubcomp"},{"_key":"1764039","_id":"connectsTo/1764039","_from":"standards/PS3.A.10","_to":"standards/HS-PS3-2","_rev":"_VIwjtVu---","connectionType":"dciSubcomp-pe"},{"_key":"1764045","_id":"connectsTo/1764045","_from":"standards/PS3.A.8","_to":"standards/HS-PS2-5","_rev":"_VIwjtVu--B","connectionType":"dciSubcomp-pe"},{"_key":"1763651","_id":"connectsTo/1763651","_from":"standards/HS-PS4-5","_to":"standards/PS4.A.7","_rev":"_VIwhUAu--_","connectionType":"pe-dciSubcomp"},{"_key":"1764113","_id":"connectsTo/1764113","_from":"standards/LS4.C.6","_to":"standards/HS-LS4-5","_rev":"_VIwjtVu--j","connectionType":"dciSubcomp-pe"},{"_key":"1763781","_id":"connectsTo/1763781","_from":"standards/MS-PS1-6","_to":"standards/PS1.B.6","_rev":"_VIwhUDm--_","connectionType":"pe-dciSubcomp"},{"_key":"1763429","_id":"connectsTo/1763429","_from":"standards/2-PS1-2","_to":"standards/PS1.A.2","_rev":"_VIwhT7y---","connectionType":"pe-dciSubcomp"},{"_key":"1763673","_id":"connectsTo/1763673","_from":"standards/5-PS1-3","_to":"standards/PS1.A.6","_rev":"_VIwhUBO--_","connectionType":"pe-dciSubcomp"},{"_key":"1763229","_id":"connectsTo/1763229","_from":"standards/HS-LS2-7","_to":"standards/LS4.D.4","_rev":"_VIwhT3G--A","connectionType":"pe-dciSubcomp"},{"_key":"1763273","_id":"connectsTo/1763273","_from":"standards/MS-PS2-2","_to":"standards/PS2.A.6","_rev":"_VIwhT4K--_","connectionType":"pe-dciSubcomp"},{"_key":"1763471","_id":"connectsTo/1763471","_from":"standards/HS-LS4-3","_to":"standards/LS4.C.4","_rev":"_VIwhT8m--_","connectionType":"pe-dciSubcomp"},{"_key":"1763309","_id":"connectsTo/1763309","_from":"standards/MS-LS1-6","_to":"standards/LS1.C.4","_rev":"_VIwhT5G--_","connectionType":"pe-dciSubcomp"},{"_key":"1763637","_id":"connectsTo/1763637","_from":"standards/MS-LS2-3","_to":"standards/LS2.B.2","_rev":"_VIwhUAW--_","connectionType":"pe-dciSubcomp"},{"_key":"1764199","_id":"connectsTo/1764199","_from":"standards/PS1.A.4","_to":"standards/5-PS1-1","_rev":"_VIwjtVu-_O","connectionType":"dciSubcomp-pe"},{"_key":"1764207","_id":"connectsTo/1764207","_from":"standards/ETS1.B.11","_to":"standards/HS-LS4-6","_rev":"_VIwjtVu-_S","connectionType":"dciSubcomp-pe"},{"_key":"1763235","_id":"connectsTo/1763235","_from":"standards/HS-LS1-3","_to":"standards/LS1.A.9","_rev":"_VIwhT3a---","connectionType":"pe-dciSubcomp"},{"_key":"1763593","_id":"connectsTo/1763593","_from":"standards/HS-ESS2-4","_to":"standards/ESS2.D.9","_rev":"_VIwhU_e--A","connectionType":"pe-dciSubcomp"},{"_key":"1764239","_id":"connectsTo/1764239","_from":"standards/PS4.B.6","_to":"standards/MS-PS4-2","_rev":"_VIwjtVu-_i","connectionType":"dciSubcomp-pe"},{"_key":"1764311","_id":"connectsTo/1764311","_from":"standards/ESS1.A.7","_to":"standards/HS-ESS1-2","_rev":"_VIwjtVy--A","connectionType":"dciSubcomp-pe"},{"_key":"1763625","_id":"connectsTo/1763625","_from":"standards/HS-LS1-6","_to":"standards/LS1.C.7","_rev":"_VIwhUAG--_","connectionType":"pe-dciSubcomp"},{"_key":"1764251","_id":"connectsTo/1764251","_from":"standards/PS1.B.3","_to":"standards/5-PS1-2","_rev":"_VIwjtVu-_o","connectionType":"dciSubcomp-pe"},{"_key":"1764365","_id":"connectsTo/1764365","_from":"standards/PS3.B.6","_to":"standards/MS-PS3-4","_rev":"_VIwjtVy--b","connectionType":"dciSubcomp-pe"},{"_key":"1763231","_id":"connectsTo/1763231","_from":"standards/HS-LS3-2","_to":"standards/LS3.B.6","_rev":"_VIwhT3K---","connectionType":"pe-dciSubcomp"},{"_key":"1763557","_id":"connectsTo/1763557","_from":"standards/MS-LS1-4","_to":"standards/LS1.B.3","_rev":"_VIwhU-u--_","connectionType":"pe-dciSubcomp"},{"_key":"1763223","_id":"connectsTo/1763223","_from":"standards/5-PS1-1","_to":"standards/PS1.A.4","_rev":"_VIwhT3C---","connectionType":"pe-dciSubcomp"},{"_key":"1763995","_id":"connectsTo/1763995","_from":"standards/LS3.A.4","_to":"standards/MS-LS3-1","_rev":"_VIwjtVq--K","connectionType":"dciSubcomp-pe"},{"_key":"1763515","_id":"connectsTo/1763515","_from":"standards/K-ESS3-3","_to":"standards/ESS3.C.1","_rev":"_VIwhT9y--_","connectionType":"pe-dciSubcomp"},{"_key":"1763525","_id":"connectsTo/1763525","_from":"standards/MS-LS4-2","_to":"standards/LS4.A.4","_rev":"_VIwhU-C---","connectionType":"pe-dciSubcomp"},{"_key":"1763575","_id":"connectsTo/1763575","_from":"standards/1-LS3-1","_to":"standards/LS3.A.1","_rev":"_VIwhU_O---","connectionType":"pe-dciSubcomp"},{"_key":"1764103","_id":"connectsTo/1764103","_from":"standards/LS1.A.2","_to":"standards/4-LS1-1","_rev":"_VIwjtVu--e","connectionType":"dciSubcomp-pe"},{"_key":"1763351","_id":"connectsTo/1763351","_from":"standards/HS-LS4-6","_to":"standards/ETS1.B.11","_rev":"_VIwhT6C--B","connectionType":"pe-dciSubcomp"},{"_key":"1764247","_id":"connectsTo/1764247","_from":"standards/PS2.B.4","_to":"standards/5-PS2-1","_rev":"_VIwjtVu-_m","connectionType":"dciSubcomp-pe"},{"_key":"1763701","_id":"connectsTo/1763701","_from":"standards/3-5-ETS1-2","_to":"standards/ETS1.B.2","_rev":"_VIwhUBy---","connectionType":"pe-dciSubcomp"},{"_key":"1764357","_id":"connectsTo/1764357","_from":"standards/PS2.B.3","_to":"standards/3-PS2-4","_rev":"_VIwjtVy--X","connectionType":"dciSubcomp-pe"},{"_key":"1764299","_id":"connectsTo/1764299","_from":"standards/PS3.B.8","_to":"standards/HS-PS3-1","_rev":"_VIwjtVu-AA","connectionType":"dciSubcomp-pe"},{"_key":"1763693","_id":"connectsTo/1763693","_from":"standards/MS-ESS2-3","_to":"standards/ESS2.B.3","_rev":"_VIwhUBq---","connectionType":"pe-dciSubcomp"},{"_key":"1763635","_id":"connectsTo/1763635","_from":"standards/HS-ESS1-3","_to":"standards/ESS1.A.6","_rev":"_VIwhUAW---","connectionType":"pe-dciSubcomp"},{"_key":"1764389","_id":"connectsTo/1764389","_from":"standards/LS1.A.8","_to":"standards/HS-LS1-2","_rev":"_VIwjtV2--A","connectionType":"dciSubcomp-pe"},{"_key":"1763313","_id":"connectsTo/1763313","_from":"standards/MS-PS2-5","_to":"standards/PS2.B.7","_rev":"_VIwhT5K--_","connectionType":"pe-dciSubcomp"},{"_key":"1763403","_id":"connectsTo/1763403","_from":"standards/HS-LS4-4","_to":"standards/LS4.C.4","_rev":"_VIwhT7----","connectionType":"pe-dciSubcomp"},{"_key":"1764035","_id":"connectsTo/1764035","_from":"standards/ETS1.B.1","_to":"standards/K-ESS3-3","_rev":"_VIwjtVq--e","connectionType":"dciSubcomp-pe"},{"_key":"1763735","_id":"connectsTo/1763735","_from":"standards/3-LS3-1","_to":"standards/LS3.A.2","_rev":"_VIwhUCa---","connectionType":"pe-dciSubcomp"},{"_key":"1764385","_id":"connectsTo/1764385","_from":"standards/ETS1.A.2","_to":"standards/HS-PS2-3","_rev":"_VIwjtV2---","connectionType":"dciSubcomp-pe"},{"_key":"1763221","_id":"connectsTo/1763221","_from":"standards/4-PS3-1","_to":"standards/PS3.A.1","_rev":"_VIwhT3----","connectionType":"pe-dciSubcomp"},{"_key":"1763533","_id":"connectsTo/1763533","_from":"standards/K-PS2-2","_to":"standards/PS2.A.2","_rev":"_VIwhU-S--_","connectionType":"pe-dciSubcomp"},{"_key":"1763359","_id":"connectsTo/1763359","_from":"standards/3-LS4-4","_to":"standards/LS4.D.2","_rev":"_VIwhT6K---","connectionType":"pe-dciSubcomp"},{"_key":"1763647","_id":"connectsTo/1763647","_from":"standards/MS-PS2-3","_to":"standards/PS2.B.5","_rev":"_VIwhUAm--_","connectionType":"pe-dciSubcomp"},{"_key":"1763327","_id":"connectsTo/1763327","_from":"standards/3-LS4-1","_to":"standards/LS4.A.1","_rev":"_VIwhT5i--_","connectionType":"pe-dciSubcomp"},{"_key":"1764105","_id":"connectsTo/1764105","_from":"standards/ESS2.A.6","_to":"standards/HS-ESS2-1","_rev":"_VIwjtVu--f","connectionType":"dciSubcomp-pe"},{"_key":"1764273","_id":"connectsTo/1764273","_from":"standards/ETS1.B.7","_to":"standards/MS-PS3-3","_rev":"_VIwjtVu-_z","connectionType":"dciSubcomp-pe"},{"_key":"1764399","_id":"connectsTo/1764399","_from":"standards/ESS2.C.4","_to":"standards/MS-ESS2-5","_rev":"_VIwjtV2--F","connectionType":"dciSubcomp-pe"},{"_key":"1764159","_id":"connectsTo/1764159","_from":"standards/ESS3.B.3","_to":"standards/4-ESS3-2","_rev":"_VIwjtVu--6","connectionType":"dciSubcomp-pe"},{"_key":"1764339","_id":"connectsTo/1764339","_from":"standards/ESS2.B.4","_to":"standards/HS-ESS1-5","_rev":"_VIwjtVy--O","connectionType":"dciSubcomp-pe"},{"_key":"1763329","_id":"connectsTo/1763329","_from":"standards/MS-LS4-1","_to":"standards/LS4.A.3","_rev":"_VIwhT5m---","connectionType":"pe-dciSubcomp"},{"_key":"1763305","_id":"connectsTo/1763305","_from":"standards/5-PS1-2","_to":"standards/PS1.A.5","_rev":"_VIwhT5C---","connectionType":"pe-dciSubcomp"},{"_key":"1764497","_id":"connectsTo/1764497","_from":"standards/ETS1.B.3","_to":"standards/3-5-ETS1-2","_rev":"_VIwjtV2--2","connectionType":"dciSubcomp-pe"},{"_key":"1763771","_id":"connectsTo/1763771","_from":"standards/K-2-ETS1-1","_to":"standards/ETS1.A.3","_rev":"_VIwhUDW--_","connectionType":"pe-dciSubcomp"},{"_key":"1763759","_id":"connectsTo/1763759","_from":"standards/1-LS1-2","_to":"standards/LS1.B.1","_rev":"_VIwhUDC---","connectionType":"pe-dciSubcomp"},{"_key":"1763723","_id":"connectsTo/1763723","_from":"standards/MS-PS4-2","_to":"standards/PS4.B.6","_rev":"_VIwhUCK--_","connectionType":"pe-dciSubcomp"},{"_key":"1764143","_id":"connectsTo/1764143","_from":"standards/LS4.A.2","_to":"standards/3-LS4-1","_rev":"_VIwjtVu--y","connectionType":"dciSubcomp-pe"},{"_key":"1764509","_id":"connectsTo/1764509","_from":"standards/ESS1.A.4","_to":"standards/MS-ESS1-2","_rev":"_VIwjtV2--8","connectionType":"dciSubcomp-pe"},{"_key":"1763977","_id":"connectsTo/1763977","_from":"standards/LS2.B.3","_to":"standards/HS-LS2-3","_rev":"_VIwjtVq--B","connectionType":"dciSubcomp-pe"},{"_key":"1764139","_id":"connectsTo/1764139","_from":"standards/ETS1.B.8","_to":"standards/MS-ETS1-3","_rev":"_VIwjtVu--w","connectionType":"dciSubcomp-pe"},{"_key":"1764205","_id":"connectsTo/1764205","_from":"standards/LS3.A.1","_to":"standards/1-LS3-1","_rev":"_VIwjtVu-_R","connectionType":"dciSubcomp-pe"},{"_key":"1763731","_id":"connectsTo/1763731","_from":"standards/HS-ESS3-4","_to":"standards/ETS1.B.11","_rev":"_VIwhUCO---","connectionType":"pe-dciSubcomp"},{"_key":"1764215","_id":"connectsTo/1764215","_from":"standards/PS2.B.7","_to":"standards/MS-PS2-5","_rev":"_VIwjtVu-_W","connectionType":"dciSubcomp-pe"},{"_key":"1763775","_id":"connectsTo/1763775","_from":"standards/5-LS2-1","_to":"standards/LS2.B.1","_rev":"_VIwhUDi---","connectionType":"pe-dciSubcomp"},{"_key":"1763217","_id":"connectsTo/1763217","_from":"standards/MS-ETS1-4","_to":"standards/ETS1.B.10","_rev":"_VIwhT22---","connectionType":"pe-dciSubcomp"},{"_key":"1763747","_id":"connectsTo/1763747","_from":"standards/5-PS2-1","_to":"standards/PS2.B.4","_rev":"_VIwhUCy---","connectionType":"pe-dciSubcomp"},{"_key":"1764161","_id":"connectsTo/1764161","_from":"standards/PS2.B.1","_to":"standards/K-PS2-1","_rev":"_VIwjtVu--7","connectionType":"dciSubcomp-pe"},{"_key":"1763649","_id":"connectsTo/1763649","_from":"standards/3-PS2-3","_to":"standards/PS2.B.3","_rev":"_VIwhUAu---","connectionType":"pe-dciSubcomp"},{"_key":"1763307","_id":"connectsTo/1763307","_from":"standards/5-PS1-2","_to":"standards/PS1.B.3","_rev":"_VIwhT5G---","connectionType":"pe-dciSubcomp"},{"_key":"1764549","_id":"connectsTo/1764549","_from":"standards/ESS1.B.5","_to":"standards/MS-ESS1-2","_rev":"_VIwjtV2-_Q","connectionType":"dciSubcomp-pe"},{"_key":"1764025","_id":"connectsTo/1764025","_from":"standards/PS1.B.7","_to":"standards/HS-PS1-5","_rev":"_VIwjtVq--Z","connectionType":"dciSubcomp-pe"},{"_key":"1763317","_id":"connectsTo/1763317","_from":"standards/MS-PS4-3","_to":"standards/PS4.C.3","_rev":"_VIwhT5W---","connectionType":"pe-dciSubcomp"},{"_key":"1764437","_id":"connectsTo/1764437","_from":"standards/PS1.A.13","_to":"standards/HS-PS1-1","_rev":"_VIwjtV2--Y","connectionType":"dciSubcomp-pe"},{"_key":"1763579","_id":"connectsTo/1763579","_from":"standards/HS-ESS2-6","_to":"standards/ESS2.D.8","_rev":"_VIwhU_S---","connectionType":"pe-dciSubcomp"},{"_key":"1763423","_id":"connectsTo/1763423","_from":"standards/HS-ESS1-1","_to":"standards/ESS1.A.5","_rev":"_VIwhT7i---","connectionType":"pe-dciSubcomp"},{"_key":"1763427","_id":"connectsTo/1763427","_from":"standards/HS-ETS1-3","_to":"standards/ETS1.B.11","_rev":"_VIwhT7m--_","connectionType":"pe-dciSubcomp"},{"_key":"1764005","_id":"connectsTo/1764005","_from":"standards/PS4.A.2","_to":"standards/4-PS4-1","_rev":"_VIwjtVq--P","connectionType":"dciSubcomp-pe"},{"_key":"1764257","_id":"connectsTo/1764257","_from":"standards/ESS1.A.5","_to":"standards/HS-ESS1-1","_rev":"_VIwjtVu-_r","connectionType":"dciSubcomp-pe"},{"_key":"1763501","_id":"connectsTo/1763501","_from":"standards/MS-PS1-5","_to":"standards/PS1.B.5","_rev":"_VIwhT9i--_","connectionType":"pe-dciSubcomp"},{"_key":"1763415","_id":"connectsTo/1763415","_from":"standards/HS-PS2-5","_to":"standards/PS2.B.9","_rev":"_VIwhT7a---","connectionType":"pe-dciSubcomp"},{"_key":"1764091","_id":"connectsTo/1764091","_from":"standards/ESS2.C.2","_to":"standards/5-ESS2-2","_rev":"_VIwjtVu--Y","connectionType":"dciSubcomp-pe"},{"_key":"1763563","_id":"connectsTo/1763563","_from":"standards/2-ESS2-1","_to":"standards/ESS2.A.1","_rev":"_VIwhU-6---","connectionType":"pe-dciSubcomp"},{"_key":"1764537","_id":"connectsTo/1764537","_from":"standards/LS1.B.4","_to":"standards/MS-LS1-4","_rev":"_VIwjtV2-_K","connectionType":"dciSubcomp-pe"},{"_key":"1764101","_id":"connectsTo/1764101","_from":"standards/PS1.A.8","_to":"standards/MS-PS1-2","_rev":"_VIwjtVu--d","connectionType":"dciSubcomp-pe"},{"_key":"1764325","_id":"connectsTo/1764325","_from":"standards/PS3.D.1","_to":"standards/HS-PS3-3","_rev":"_VIwjtVy--H","connectionType":"dciSubcomp-pe"},{"_key":"1764023","_id":"connectsTo/1764023","_from":"standards/ESS1.A.2","_to":"standards/5-ESS1-1","_rev":"_VIwjtVq--Y","connectionType":"dciSubcomp-pe"},{"_key":"1763481","_id":"connectsTo/1763481","_from":"standards/2-PS1-3","_to":"standards/PS1.A.3","_rev":"_VIwhT86--_","connectionType":"pe-dciSubcomp"},{"_key":"1763687","_id":"connectsTo/1763687","_from":"standards/HS-PS2-4","_to":"standards/PS2.B.8","_rev":"_VIwhUBe---","connectionType":"pe-dciSubcomp"},{"_key":"1763779","_id":"connectsTo/1763779","_from":"standards/MS-PS1-6","_to":"standards/ETS1.C.4","_rev":"_VIwhUDm---","connectionType":"pe-dciSubcomp"},{"_key":"1763437","_id":"connectsTo/1763437","_from":"standards/MS-PS3-3","_to":"standards/ETS1.B.7","_rev":"_VIwhT76--A","connectionType":"pe-dciSubcomp"},{"_key":"1763253","_id":"connectsTo/1763253","_from":"standards/K-PS3-1","_to":"standards/PS3.B.1","_rev":"_VIwhT36---","connectionType":"pe-dciSubcomp"},{"_key":"1763465","_id":"connectsTo/1763465","_from":"standards/MS-ETS1-3","_to":"standards/ETS1.B.9","_rev":"_VIwhT8e--_","connectionType":"pe-dciSubcomp"},{"_key":"1764269","_id":"connectsTo/1764269","_from":"standards/PS2.B.8","_to":"standards/HS-PS2-4","_rev":"_VIwjtVu-_x","connectionType":"dciSubcomp-pe"},{"_key":"1763739","_id":"connectsTo/1763739","_from":"standards/MS-ESS2-1","_to":"standards/ESS2.A.4","_rev":"_VIwhUCe---","connectionType":"pe-dciSubcomp"},{"_key":"1763267","_id":"connectsTo/1763267","_from":"standards/K-PS2-1","_to":"standards/PS3.C.1","_rev":"_VIwhT4G--A","connectionType":"pe-dciSubcomp"},{"_key":"1763623","_id":"connectsTo/1763623","_from":"standards/MS-ESS3-5","_to":"standards/ESS3.D.1","_rev":"_VIwhUAG---","connectionType":"pe-dciSubcomp"},{"_key":"1763497","_id":"connectsTo/1763497","_from":"standards/HS-PS4-2","_to":"standards/PS4.A.7","_rev":"_VIwhT9a---","connectionType":"pe-dciSubcomp"},{"_key":"1763469","_id":"connectsTo/1763469","_from":"standards/HS-LS4-3","_to":"standards/LS4.B.4","_rev":"_VIwhT8m---","connectionType":"pe-dciSubcomp"},{"_key":"1763299","_id":"connectsTo/1763299","_from":"standards/4-PS3-3","_to":"standards/PS3.A.2","_rev":"_VIwhT46---","connectionType":"pe-dciSubcomp"},{"_key":"1764069","_id":"connectsTo/1764069","_from":"standards/ETS1.C.1","_to":"standards/K-2-ETS1-3","_rev":"_VIwjtVu--N","connectionType":"dciSubcomp-pe"},{"_key":"1764309","_id":"connectsTo/1764309","_from":"standards/ESS3.C.1","_to":"standards/K-ESS2-2","_rev":"_VIwjtVy--_","connectionType":"dciSubcomp-pe"},{"_key":"1763633","_id":"connectsTo/1763633","_from":"standards/4-PS4-3","_to":"standards/ETS1.C.2","_rev":"_VIwhUAO--A","connectionType":"pe-dciSubcomp"},{"_key":"1763257","_id":"connectsTo/1763257","_from":"standards/MS-PS3-2","_to":"standards/PS3.C.3","_rev":"_VIwhT4---_","connectionType":"pe-dciSubcomp"},{"_key":"1764459","_id":"connectsTo/1764459","_from":"standards/LS1.A.5","_to":"standards/MS-LS1-3","_rev":"_VIwjtV2--j","connectionType":"dciSubcomp-pe"},{"_key":"1763543","_id":"connectsTo/1763543","_from":"standards/3-PS2-1","_to":"standards/PS2.B.2","_rev":"_VIwhU-e--_","connectionType":"pe-dciSubcomp"},{"_key":"1763355","_id":"connectsTo/1763355","_from":"standards/MS-ESS2-2","_to":"standards/ESS2.A.5","_rev":"_VIwhT6G--_","connectionType":"pe-dciSubcomp"},{"_key":"1764179","_id":"connectsTo/1764179","_from":"standards/LS4.D.4","_to":"standards/HS-LS2-7","_rev":"_VIwjtVu-_E","connectionType":"dciSubcomp-pe"},{"_key":"1764265","_id":"connectsTo/1764265","_from":"standards/ESS2.A.1","_to":"standards/2-ESS2-1","_rev":"_VIwjtVu-_v","connectionType":"dciSubcomp-pe"},{"_key":"1764221","_id":"connectsTo/1764221","_from":"standards/PS3.A.1","_to":"standards/4-PS3-1","_rev":"_VIwjtVu-_Z","connectionType":"dciSubcomp-pe"},{"_key":"1763681","_id":"connectsTo/1763681","_from":"standards/HS-PS3-1","_to":"standards/PS3.B.8","_rev":"_VIwhUBW--B","connectionType":"pe-dciSubcomp"},{"_key":"1764219","_id":"connectsTo/1764219","_from":"standards/LS3.A.2","_to":"standards/3-LS3-1","_rev":"_VIwjtVu-_Y","connectionType":"dciSubcomp-pe"},{"_key":"1763785","_id":"connectsTo/1763785","_from":"standards/MS-PS1-6","_to":"standards/ETS1.C.3","_rev":"_VIwhUDm--B","connectionType":"pe-dciSubcomp"},{"_key":"1763983","_id":"connectsTo/1763983","_from":"standards/LS4.C.5","_to":"standards/HS-LS4-3","_rev":"_VIwjtVq--E","connectionType":"dciSubcomp-pe"},{"_key":"1763697","_id":"connectsTo/1763697","_from":"standards/MS-PS1-3","_to":"standards/PS1.A.8","_rev":"_VIwhUBu---","connectionType":"pe-dciSubcomp"},{"_key":"1764351","_id":"connectsTo/1764351","_from":"standards/LS2.A.4","_to":"standards/MS-LS2-1","_rev":"_VIwjtVy--U","connectionType":"dciSubcomp-pe"},{"_key":"1763371","_id":"connectsTo/1763371","_from":"standards/HS-ESS1-5","_to":"standards/ESS1.C.5","_rev":"_VIwhT6W--_","connectionType":"pe-dciSubcomp"},{"_key":"1764165","_id":"connectsTo/1764165","_from":"standards/LS2.C.4","_to":"standards/HS-LS2-2","_rev":"_VIwjtVu--9","connectionType":"dciSubcomp-pe"},{"_key":"1763321","_id":"connectsTo/1763321","_from":"standards/MS-ESS1-1","_to":"standards/ESS1.A.3","_rev":"_VIwhT5e---","connectionType":"pe-dciSubcomp"},{"_key":"1763473","_id":"connectsTo/1763473","_from":"standards/K-ESS2-2","_to":"standards/ESS3.C.1","_rev":"_VIwhT8q---","connectionType":"pe-dciSubcomp"},{"_key":"1763793","_id":"connectsTo/1763793","_from":"standards/HS-ESS1-2","_to":"standards/ESS1.A.7","_rev":"_VIwhUDu--_","connectionType":"pe-dciSubcomp"},{"_key":"1763787","_id":"connectsTo/1763787","_from":"standards/2-LS2-2","_to":"standards/LS2.A.2","_rev":"_VIwhUDq---","connectionType":"pe-dciSubcomp"},{"_key":"1763545","_id":"connectsTo/1763545","_from":"standards/HS-ESS2-7","_to":"standards/ESS2.D.8","_rev":"_VIwhU-i---","connectionType":"pe-dciSubcomp"},{"_key":"1764403","_id":"connectsTo/1764403","_from":"standards/LS4.C.1","_to":"standards/3-LS4-3","_rev":"_VIwjtV2--H","connectionType":"dciSubcomp-pe"},{"_key":"1763255","_id":"connectsTo/1763255","_from":"standards/MS-PS3-2","_to":"standards/PS3.A.6","_rev":"_VIwhT4----","connectionType":"pe-dciSubcomp"},{"_key":"1764135","_id":"connectsTo/1764135","_from":"standards/LS2.D.1","_to":"standards/3-LS2-1","_rev":"_VIwjtVu--u","connectionType":"dciSubcomp-pe"},{"_key":"1764529","_id":"connectsTo/1764529","_from":"standards/PS3.A.9","_to":"standards/HS-PS3-2","_rev":"_VIwjtV2-_G","connectionType":"dciSubcomp-pe"},{"_key":"1764053","_id":"connectsTo/1764053","_from":"standards/PS2.B.9","_to":"standards/HS-PS2-4","_rev":"_VIwjtVu--F","connectionType":"dciSubcomp-pe"},{"_key":"1764495","_id":"connectsTo/1764495","_from":"standards/LS1.C.8","_to":"standards/HS-LS1-7","_rev":"_VIwjtV2--1","connectionType":"dciSubcomp-pe"},{"_key":"1763581","_id":"connectsTo/1763581","_from":"standards/HS-ESS2-6","_to":"standards/ESS2.D.9","_rev":"_VIwhU_S--_","connectionType":"pe-dciSubcomp"},{"_key":"1764519","_id":"connectsTo/1764519","_from":"standards/PS4.A.3","_to":"standards/4-PS4-1","_rev":"_VIwjtV2-_B","connectionType":"dciSubcomp-pe"},{"_key":"1764475","_id":"connectsTo/1764475","_from":"standards/PS4.B.10","_to":"standards/HS-PS4-5","_rev":"_VIwjtV2--r","connectionType":"dciSubcomp-pe"},{"_key":"1763667","_id":"connectsTo/1763667","_from":"standards/HS-ESS2-3","_to":"standards/ESS2.A.7","_rev":"_VIwhUBG--_","connectionType":"pe-dciSubcomp"},{"_key":"1764419","_id":"connectsTo/1764419","_from":"standards/PS3.D.3","_to":"standards/MS-LS1-6","_rev":"_VIwjtV2--P","connectionType":"dciSubcomp-pe"},{"_key":"1763315","_id":"connectsTo/1763315","_from":"standards/3-LS4-2","_to":"standards/LS4.B.1","_rev":"_VIwhT5S---","connectionType":"pe-dciSubcomp"},{"_key":"1763763","_id":"connectsTo/1763763","_from":"standards/HS-PS3-3","_to":"standards/PS3.D.1","_rev":"_VIwhUDO---","connectionType":"pe-dciSubcomp"},{"_key":"1764087","_id":"connectsTo/1764087","_from":"standards/LS4.D.1","_to":"standards/2-LS4-1","_rev":"_VIwjtVu--W","connectionType":"dciSubcomp-pe"},{"_key":"1764345","_id":"connectsTo/1764345","_from":"standards/LS4.B.2","_to":"standards/MS-LS4-4","_rev":"_VIwjtVy--R","connectionType":"dciSubcomp-pe"},{"_key":"1764245","_id":"connectsTo/1764245","_from":"standards/ETS1.B.10","_to":"standards/MS-ETS1-4","_rev":"_VIwjtVu-_l","connectionType":"dciSubcomp-pe"},{"_key":"1763349","_id":"connectsTo/1763349","_from":"standards/MS-LS3-2","_to":"standards/LS1.B.6","_rev":"_VIwhT6C--A","connectionType":"pe-dciSubcomp"},{"_key":"1764171","_id":"connectsTo/1764171","_from":"standards/PS4.A.7","_to":"standards/HS-PS4-5","_rev":"_VIwjtVu-_A","connectionType":"dciSubcomp-pe"},{"_key":"1764195","_id":"connectsTo/1764195","_from":"standards/LS3.B.6","_to":"standards/HS-LS3-2","_rev":"_VIwjtVu-_M","connectionType":"dciSubcomp-pe"},{"_key":"1763455","_id":"connectsTo/1763455","_from":"standards/MS-PS1-4","_to":"standards/PS3.A.4","_rev":"_VIwhT8S--A","connectionType":"pe-dciSubcomp"},{"_key":"1763645","_id":"connectsTo/1763645","_from":"standards/HS-PS4-3","_to":"standards/PS4.A.8","_rev":"_VIwhUAm---","connectionType":"pe-dciSubcomp"},{"_key":"1763761","_id":"connectsTo/1763761","_from":"standards/4-ESS1-1","_to":"standards/ESS1.C.2","_rev":"_VIwhUDK---","connectionType":"pe-dciSubcomp"},{"_key":"1763383","_id":"connectsTo/1763383","_from":"standards/MS-LS2-5","_to":"standards/LS4.D.3","_rev":"_VIwhT6q---","connectionType":"pe-dciSubcomp"},{"_key":"1764363","_id":"connectsTo/1764363","_from":"standards/PS4.B.1","_to":"standards/1-PS4-2","_rev":"_VIwjtVy--a","connectionType":"dciSubcomp-pe"},{"_key":"1763499","_id":"connectsTo/1763499","_from":"standards/MS-ESS3-2","_to":"standards/ESS3.B.4","_rev":"_VIwhT9i---","connectionType":"pe-dciSubcomp"},{"_key":"1763369","_id":"connectsTo/1763369","_from":"standards/HS-ESS1-5","_to":"standards/ESS2.B.4","_rev":"_VIwhT6W---","connectionType":"pe-dciSubcomp"},{"_key":"1764295","_id":"connectsTo/1764295","_from":"standards/PS2.B.2","_to":"standards/3-PS2-1","_rev":"_VIwjtVu-A-","connectionType":"dciSubcomp-pe"},{"_key":"1764271","_id":"connectsTo/1764271","_from":"standards/ETS1.C.4","_to":"standards/MS-PS1-6","_rev":"_VIwjtVu-_y","connectionType":"dciSubcomp-pe"},{"_key":"1764323","_id":"connectsTo/1764323","_from":"standards/LS4.B.1","_to":"standards/3-LS4-2","_rev":"_VIwjtVy--G","connectionType":"dciSubcomp-pe"},{"_key":"1763741","_id":"connectsTo/1763741","_from":"standards/HS-PS4-1","_to":"standards/PS4.A.6","_rev":"_VIwhUCm---","connectionType":"pe-dciSubcomp"},{"_key":"1764119","_id":"connectsTo/1764119","_from":"standards/PS2.A.1","_to":"standards/K-PS2-2","_rev":"_VIwjtVu--m","connectionType":"dciSubcomp-pe"},{"_key":"1763399","_id":"connectsTo/1763399","_from":"standards/5-ESS1-2","_to":"standards/ESS1.B.2","_rev":"_VIwhT62---","connectionType":"pe-dciSubcomp"},{"_key":"1764109","_id":"connectsTo/1764109","_from":"standards/ETS1.B.11","_to":"standards/HS-LS2-7","_rev":"_VIwjtVu--h","connectionType":"dciSubcomp-pe"},{"_key":"1764081","_id":"connectsTo/1764081","_from":"standards/PS3.A.10","_to":"standards/HS-PS3-3","_rev":"_VIwjtVu--T","connectionType":"dciSubcomp-pe"},{"_key":"1764515","_id":"connectsTo/1764515","_from":"standards/LS2.A.1","_to":"standards/2-LS2-1","_rev":"_VIwjtV2-__","connectionType":"dciSubcomp-pe"},{"_key":"1763477","_id":"connectsTo/1763477","_from":"standards/MS-LS4-4","_to":"standards/LS4.B.2","_rev":"_VIwhT8y---","connectionType":"pe-dciSubcomp"},{"_key":"1764539","_id":"connectsTo/1764539","_from":"standards/PS2.A.2","_to":"standards/K-PS2-1","_rev":"_VIwjtV2-_L","connectionType":"dciSubcomp-pe"},{"_key":"1763679","_id":"connectsTo/1763679","_from":"standards/HS-PS3-1","_to":"standards/PS3.A.9","_rev":"_VIwhUBW--A","connectionType":"pe-dciSubcomp"},{"_key":"1764319","_id":"connectsTo/1764319","_from":"standards/ESS2.D.9","_to":"standards/HS-ESS2-6","_rev":"_VIwjtVy--E","connectionType":"dciSubcomp-pe"},{"_key":"1764479","_id":"connectsTo/1764479","_from":"standards/PS3.A.7","_to":"standards/MS-PS3-3","_rev":"_VIwjtV2--t","connectionType":"dciSubcomp-pe"},{"_key":"1764277","_id":"connectsTo/1764277","_from":"standards/ETS1.B.9","_to":"standards/MS-ETS1-3","_rev":"_VIwjtVu-_1","connectionType":"dciSubcomp-pe"},{"_key":"1763709","_id":"connectsTo/1763709","_from":"standards/4-ESS2-1","_to":"standards/ESS2.A.2","_rev":"_VIwhUB6---","connectionType":"pe-dciSubcomp"},{"_key":"1764019","_id":"connectsTo/1764019","_from":"standards/PS4.B.4","_to":"standards/MS-PS4-2","_rev":"_VIwjtVq--W","connectionType":"dciSubcomp-pe"},{"_key":"1763621","_id":"connectsTo/1763621","_from":"standards/MS-LS2-1","_to":"standards/LS2.A.4","_rev":"_VIwhUA---A","connectionType":"pe-dciSubcomp"},{"_key":"1763233","_id":"connectsTo/1763233","_from":"standards/MS-PS2-1","_to":"standards/PS2.A.5","_rev":"_VIwhT3S---","connectionType":"pe-dciSubcomp"},{"_key":"1763617","_id":"connectsTo/1763617","_from":"standards/MS-LS2-1","_to":"standards/LS2.A.6","_rev":"_VIwhUA----","connectionType":"pe-dciSubcomp"},{"_key":"1764379","_id":"connectsTo/1764379","_from":"standards/PS1.A.2","_to":"standards/2-PS1-3","_rev":"_VIwjtVy--i","connectionType":"dciSubcomp-pe"},{"_key":"1764455","_id":"connectsTo/1764455","_from":"standards/ESS2.E.2","_to":"standards/4-ESS2-1","_rev":"_VIwjtV2--h","connectionType":"dciSubcomp-pe"},{"_key":"1763341","_id":"connectsTo/1763341","_from":"standards/3-PS2-4","_to":"standards/PS2.B.3","_rev":"_VIwhT56---","connectionType":"pe-dciSubcomp"},{"_key":"1763613","_id":"connectsTo/1763613","_from":"standards/HS-PS1-6","_to":"standards/PS1.B.8","_rev":"_VIwhU_2--_","connectionType":"pe-dciSubcomp"},{"_key":"1764125","_id":"connectsTo/1764125","_from":"standards/PS3.A.3","_to":"standards/MS-PS1-4","_rev":"_VIwjtVu--p","connectionType":"dciSubcomp-pe"},{"_key":"1764355","_id":"connectsTo/1764355","_from":"standards/LS2.A.6","_to":"standards/MS-LS2-1","_rev":"_VIwjtVy--W","connectionType":"dciSubcomp-pe"},{"_key":"1764371","_id":"connectsTo/1764371","_from":"standards/LS4.A.5","_to":"standards/MS-LS4-3","_rev":"_VIwjtVy--e","connectionType":"dciSubcomp-pe"},{"_key":"1764293","_id":"connectsTo/1764293","_from":"standards/PS3.C.3","_to":"standards/MS-PS3-2","_rev":"_VIwjtVu-_9","connectionType":"dciSubcomp-pe"},{"_key":"1764305","_id":"connectsTo/1764305","_from":"standards/ESS1.C.5","_to":"standards/HS-ESS1-5","_rev":"_VIwjtVu-AD","connectionType":"dciSubcomp-pe"},{"_key":"1764095","_id":"connectsTo/1764095","_from":"standards/PS4.B.8","_to":"standards/HS-PS4-3","_rev":"_VIwjtVu--a","connectionType":"dciSubcomp-pe"},{"_key":"1763353","_id":"connectsTo/1763353","_from":"standards/HS-LS4-6","_to":"standards/LS4.C.6","_rev":"_VIwhT6G---","connectionType":"pe-dciSubcomp"},{"_key":"1764545","_id":"connectsTo/1764545","_from":"standards/PS3.B.4","_to":"standards/4-PS3-2","_rev":"_VIwjtV2-_O","connectionType":"dciSubcomp-pe"},{"_key":"1763333","_id":"connectsTo/1763333","_from":"standards/1-PS4-2","_to":"standards/PS4.B.1","_rev":"_VIwhT5u---","connectionType":"pe-dciSubcomp"},{"_key":"1764421","_id":"connectsTo/1764421","_from":"standards/LS1.C.6","_to":"standards/HS-LS1-5","_rev":"_VIwjtV2--Q","connectionType":"dciSubcomp-pe"},{"_key":"1764043","_id":"connectsTo/1764043","_from":"standards/LS3.B.1","_to":"standards/1-LS3-1","_rev":"_VIwjtVu--A","connectionType":"dciSubcomp-pe"},{"_key":"1763985","_id":"connectsTo/1763985","_from":"standards/LS1.C.8","_to":"standards/HS-LS1-6","_rev":"_VIwjtVq--F","connectionType":"dciSubcomp-pe"},{"_key":"1764331","_id":"connectsTo/1764331","_from":"standards/PS4.A.8","_to":"standards/HS-PS4-3","_rev":"_VIwjtVy--K","connectionType":"dciSubcomp-pe"},{"_key":"1764183","_id":"connectsTo/1764183","_from":"standards/LS4.C.4","_to":"standards/HS-LS4-3","_rev":"_VIwjtVu-_G","connectionType":"dciSubcomp-pe"},{"_key":"1763485","_id":"connectsTo/1763485","_from":"standards/MS-PS3-4","_to":"standards/PS3.B.6","_rev":"_VIwhT9C---","connectionType":"pe-dciSubcomp"},{"_key":"1763247","_id":"connectsTo/1763247","_from":"standards/MS-ESS1-2","_to":"standards/ESS1.B.3","_rev":"_VIwhT3y--A","connectionType":"pe-dciSubcomp"},{"_key":"1763347","_id":"connectsTo/1763347","_from":"standards/MS-LS3-2","_to":"standards/LS3.B.4","_rev":"_VIwhT6C--_","connectionType":"pe-dciSubcomp"},{"_key":"1763411","_id":"connectsTo/1763411","_from":"standards/MS-LS4-3","_to":"standards/LS4.A.5","_rev":"_VIwhT7O---","connectionType":"pe-dciSubcomp"},{"_key":"1764011","_id":"connectsTo/1764011","_from":"standards/LS1.A.3","_to":"standards/MS-LS1-1","_rev":"_VIwjtVq--S","connectionType":"dciSubcomp-pe"},{"_key":"1764327","_id":"connectsTo/1764327","_from":"standards/LS1.B.6","_to":"standards/MS-LS3-2","_rev":"_VIwjtVy--I","connectionType":"dciSubcomp-pe"},{"_key":"1764263","_id":"connectsTo/1764263","_from":"standards/PS2.B.9","_to":"standards/HS-PS2-5","_rev":"_VIwjtVu-_u","connectionType":"dciSubcomp-pe"},{"_key":"1764527","_id":"connectsTo/1764527","_from":"standards/ESS2.C.5","_to":"standards/MS-ESS2-4","_rev":"_VIwjtV2-_F","connectionType":"dciSubcomp-pe"},{"_key":"1764427","_id":"connectsTo/1764427","_from":"standards/ESS2.C.7","_to":"standards/MS-ESS2-2","_rev":"_VIwjtV2--T","connectionType":"dciSubcomp-pe"},{"_key":"1764441","_id":"connectsTo/1764441","_from":"standards/ESS3.A.2","_to":"standards/4-ESS3-1","_rev":"_VIwjtV2--a","connectionType":"dciSubcomp-pe"},{"_key":"1763289","_id":"connectsTo/1763289","_from":"standards/1-ESS1-1","_to":"standards/ESS1.A.1","_rev":"_VIwhT4q---","connectionType":"pe-dciSubcomp"},{"_key":"1764177","_id":"connectsTo/1764177","_from":"standards/PS1.A.6","_to":"standards/5-PS1-3","_rev":"_VIwjtVu-_D","connectionType":"dciSubcomp-pe"},{"_key":"1764117","_id":"connectsTo/1764117","_from":"standards/PS3.A.5","_to":"standards/MS-PS3-1","_rev":"_VIwjtVu--l","connectionType":"dciSubcomp-pe"},{"_key":"1764017","_id":"connectsTo/1764017","_from":"standards/ESS1.B.1","_to":"standards/1-ESS1-2","_rev":"_VIwjtVq--V","connectionType":"dciSubcomp-pe"},{"_key":"1764093","_id":"connectsTo/1764093","_from":"standards/LS1.B.2","_to":"standards/3-LS1-1","_rev":"_VIwjtVu--Z","connectionType":"dciSubcomp-pe"},{"_key":"1764461","_id":"connectsTo/1764461","_from":"standards/PS1.B.1","_to":"standards/2-PS1-4","_rev":"_VIwjtV2--k","connectionType":"dciSubcomp-pe"},{"_key":"1764157","_id":"connectsTo/1764157","_from":"standards/ESS2.B.1","_to":"standards/2-ESS2-2","_rev":"_VIwjtVu--5","connectionType":"dciSubcomp-pe"},{"_key":"1763279","_id":"connectsTo/1763279","_from":"standards/5-ESS2-1","_to":"standards/ESS2.A.3","_rev":"_VIwhT4a---","connectionType":"pe-dciSubcomp"},{"_key":"1764261","_id":"connectsTo/1764261","_from":"standards/PS1.B.5","_to":"standards/MS-PS1-5","_rev":"_VIwjtVu-_t","connectionType":"dciSubcomp-pe"},{"_key":"1764209","_id":"connectsTo/1764209","_from":"standards/ETS1.B.2","_to":"standards/3-5-ETS1-2","_rev":"_VIwjtVu-_T","connectionType":"dciSubcomp-pe"},{"_key":"1764359","_id":"connectsTo/1764359","_from":"standards/PS1.B.8","_to":"standards/HS-PS1-6","_rev":"_VIwjtVy--Y","connectionType":"dciSubcomp-pe"},{"_key":"1763513","_id":"connectsTo/1763513","_from":"standards/MS-PS2-4","_to":"standards/PS2.B.6","_rev":"_VIwhT9y---","connectionType":"pe-dciSubcomp"},{"_key":"1764377","_id":"connectsTo/1764377","_from":"standards/PS2.B.6","_to":"standards/MS-PS2-4","_rev":"_VIwjtVy--h","connectionType":"dciSubcomp-pe"},{"_key":"1764289","_id":"connectsTo/1764289","_from":"standards/PS3.A.2","_to":"standards/4-PS3-3","_rev":"_VIwjtVu-_7","connectionType":"dciSubcomp-pe"},{"_key":"1763479","_id":"connectsTo/1763479","_from":"standards/2-PS1-3","_to":"standards/PS1.A.2","_rev":"_VIwhT86---","connectionType":"pe-dciSubcomp"},{"_key":"1763993","_id":"connectsTo/1763993","_from":"standards/ETS1.A.1","_to":"standards/3-5-ETS1-1","_rev":"_VIwjtVq--J","connectionType":"dciSubcomp-pe"},{"_key":"1764287","_id":"connectsTo/1764287","_from":"standards/LS4.B.4","_to":"standards/HS-LS4-3","_rev":"_VIwjtVu-_6","connectionType":"dciSubcomp-pe"},{"_key":"1763719","_id":"connectsTo/1763719","_from":"standards/HS-LS2-4","_to":"standards/LS2.B.4","_rev":"_VIwhUCG--_","connectionType":"pe-dciSubcomp"},{"_key":"1764133","_id":"connectsTo/1764133","_from":"standards/LS1.D.1","_to":"standards/1-LS1-1","_rev":"_VIwjtVu--t","connectionType":"dciSubcomp-pe"},{"_key":"1764213","_id":"connectsTo/1764213","_from":"standards/ESS1.A.6","_to":"standards/HS-ESS1-3","_rev":"_VIwjtVu-_V","connectionType":"dciSubcomp-pe"},{"_key":"1764065","_id":"connectsTo/1764065","_from":"standards/PS3.B.1","_to":"standards/K-PS3-2","_rev":"_VIwjtVu--L","connectionType":"dciSubcomp-pe"},{"_key":"1763219","_id":"connectsTo/1763219","_from":"standards/HS-PS4-4","_to":"standards/PS4.B.9","_rev":"_VIwhT22--_","connectionType":"pe-dciSubcomp"},{"_key":"1764131","_id":"connectsTo/1764131","_from":"standards/ESS3.C.2","_to":"standards/5-ESS3-1","_rev":"_VIwjtVu--s","connectionType":"dciSubcomp-pe"},{"_key":"1763413","_id":"connectsTo/1763413","_from":"standards/HS-PS2-3","_to":"standards/ETS1.A.2","_rev":"_VIwhT7S---","connectionType":"pe-dciSubcomp"},{"_key":"1763717","_id":"connectsTo/1763717","_from":"standards/K-LS1-1","_to":"standards/LS1.C.1","_rev":"_VIwhUCG---","connectionType":"pe-dciSubcomp"},{"_key":"1764027","_id":"connectsTo/1764027","_from":"standards/PS4.A.5","_to":"standards/MS-PS4-2","_rev":"_VIwjtVq--a","connectionType":"dciSubcomp-pe"},{"_key":"1764189","_id":"connectsTo/1764189","_from":"standards/LS1.A.9","_to":"standards/HS-LS1-3","_rev":"_VIwjtVu-_J","connectionType":"dciSubcomp-pe"},{"_key":"1763241","_id":"connectsTo/1763241","_from":"standards/HS-LS1-2","_to":"standards/LS1.A.8","_rev":"_VIwhT3q---","connectionType":"pe-dciSubcomp"},{"_key":"1763407","_id":"connectsTo/1763407","_from":"standards/3-PS2-2","_to":"standards/PS2.A.4","_rev":"_VIwhT7G---","connectionType":"pe-dciSubcomp"},{"_key":"1763285","_id":"connectsTo/1763285","_from":"standards/MS-LS1-5","_to":"standards/LS1.B.5","_rev":"_VIwhT4m---","connectionType":"pe-dciSubcomp"},{"_key":"1764401","_id":"connectsTo/1764401","_from":"standards/ETS1.A.2","_to":"standards/K-2-ETS1-1","_rev":"_VIwjtV2--G","connectionType":"dciSubcomp-pe"},{"_key":"1764547","_id":"connectsTo/1764547","_from":"standards/LS4.C.3","_to":"standards/HS-LS4-2","_rev":"_VIwjtV2-_P","connectionType":"dciSubcomp-pe"},{"_key":"1764361","_id":"connectsTo/1764361","_from":"standards/LS4.C.6","_to":"standards/HS-LS4-6","_rev":"_VIwjtVy--Z","connectionType":"dciSubcomp-pe"},{"_key":"1763375","_id":"connectsTo/1763375","_from":"standards/MS-PS1-1","_to":"standards/PS1.A.11","_rev":"_VIwhT6e---","connectionType":"pe-dciSubcomp"},{"_key":"1764431","_id":"connectsTo/1764431","_from":"standards/ESS2.B.5","_to":"standards/HS-ESS2-3","_rev":"_VIwjtV2--V","connectionType":"dciSubcomp-pe"},{"_key":"1763475","_id":"connectsTo/1763475","_from":"standards/K-ESS2-2","_to":"standards/ESS2.E.1","_rev":"_VIwhT8u---","connectionType":"pe-dciSubcomp"},{"_key":"1764511","_id":"connectsTo/1764511","_from":"standards/LS4.B.3","_to":"standards/MS-LS4-5","_rev":"_VIwjtV2--9","connectionType":"dciSubcomp-pe"},{"_key":"1764073","_id":"connectsTo/1764073","_from":"standards/PS2.A.7","_to":"standards/MS-PS2-2","_rev":"_VIwjtVu--P","connectionType":"dciSubcomp-pe"},{"_key":"1763457","_id":"connectsTo/1763457","_from":"standards/MS-ESS2-5","_to":"standards/ESS2.C.4","_rev":"_VIwhT8W---","connectionType":"pe-dciSubcomp"},{"_key":"1764071","_id":"connectsTo/1764071","_from":"standards/ESS2.C.3","_to":"standards/MS-ESS2-4","_rev":"_VIwjtVu--O","connectionType":"dciSubcomp-pe"},{"_key":"1764181","_id":"connectsTo/1764181","_from":"standards/PS2.A.6","_to":"standards/MS-PS2-2","_rev":"_VIwjtVu-_F","connectionType":"dciSubcomp-pe"},{"_key":"1763769","_id":"connectsTo/1763769","_from":"standards/K-2-ETS1-1","_to":"standards/ETS1.A.2","_rev":"_VIwhUDW---","connectionType":"pe-dciSubcomp"},{"_key":"1764387","_id":"connectsTo/1764387","_from":"standards/LS1.C.1","_to":"standards/K-LS1-1","_rev":"_VIwjtV2--_","connectionType":"dciSubcomp-pe"},{"_key":"1763495","_id":"connectsTo/1763495","_from":"standards/3-LS4-3","_to":"standards/LS4.C.1","_rev":"_VIwhT9W---","connectionType":"pe-dciSubcomp"},{"_key":"1764049","_id":"connectsTo/1764049","_from":"standards/ETS1.B.11","_to":"standards/HS-ESS3-2","_rev":"_VIwjtVu--D","connectionType":"dciSubcomp-pe"},{"_key":"1764041","_id":"connectsTo/1764041","_from":"standards/PS4.B.5","_to":"standards/MS-PS4-2","_rev":"_VIwjtVu--_","connectionType":"dciSubcomp-pe"},{"_key":"1764523","_id":"connectsTo/1764523","_from":"standards/ETS1.A.1","_to":"standards/K-2-ETS1-1","_rev":"_VIwjtV2-_D","connectionType":"dciSubcomp-pe"},{"_key":"1763591","_id":"connectsTo/1763591","_from":"standards/HS-ESS2-4","_to":"standards/ESS2.D.7","_rev":"_VIwhU_e--_","connectionType":"pe-dciSubcomp"},{"_key":"1763337","_id":"connectsTo/1763337","_from":"standards/1-LS1-1","_to":"standards/LS1.A.1","_rev":"_VIwhT5y---","connectionType":"pe-dciSubcomp"},{"_key":"1764231","_id":"connectsTo/1764231","_from":"standards/LS4.A.3","_to":"standards/MS-LS4-1","_rev":"_VIwjtVu-_e","connectionType":"dciSubcomp-pe"},{"_key":"1764201","_id":"connectsTo/1764201","_from":"standards/ESS3.C.1","_to":"standards/K-ESS3-3","_rev":"_VIwjtVu-_P","connectionType":"dciSubcomp-pe"},{"_key":"1764439","_id":"connectsTo/1764439","_from":"standards/LS1.A.6","_to":"standards/HS-LS1-1","_rev":"_VIwjtV2--Z","connectionType":"dciSubcomp-pe"},{"_key":"1764249","_id":"connectsTo/1764249","_from":"standards/PS2.B.3","_to":"standards/3-PS2-3","_rev":"_VIwjtVu-_n","connectionType":"dciSubcomp-pe"},{"_key":"1763691","_id":"connectsTo/1763691","_from":"standards/MS-ESS1-4","_to":"standards/ESS1.C.3","_rev":"_VIwhUBi--_","connectionType":"pe-dciSubcomp"},{"_key":"1764383","_id":"connectsTo/1764383","_from":"standards/PS4.B.9","_to":"standards/HS-PS4-4","_rev":"_VIwjtVy--k","connectionType":"dciSubcomp-pe"},{"_key":"1764321","_id":"connectsTo/1764321","_from":"standards/ESS2.A.7","_to":"standards/HS-ESS2-3","_rev":"_VIwjtVy--F","connectionType":"dciSubcomp-pe"},{"_key":"1764493","_id":"connectsTo/1764493","_from":"standards/PS3.B.11","_to":"standards/HS-PS3-1","_rev":"_VIwjtV2--0","connectionType":"dciSubcomp-pe"},{"_key":"1764099","_id":"connectsTo/1764099","_from":"standards/LS1.C.3","_to":"standards/5-LS1-1","_rev":"_VIwjtVu--c","connectionType":"dciSubcomp-pe"},{"_key":"1764429","_id":"connectsTo/1764429","_from":"standards/LS1.A.7","_to":"standards/HS-LS1-1","_rev":"_VIwjtV2--U","connectionType":"dciSubcomp-pe"},{"_key":"1764275","_id":"connectsTo/1764275","_from":"standards/PS3.B.1","_to":"standards/K-PS3-1","_rev":"_VIwjtVu-_0","connectionType":"dciSubcomp-pe"},{"_key":"1764425","_id":"connectsTo/1764425","_from":"standards/PS1.A.9","_to":"standards/MS-PS1-4","_rev":"_VIwjtV2--S","connectionType":"dciSubcomp-pe"},{"_key":"1763291","_id":"connectsTo/1763291","_from":"standards/4-PS3-4","_to":"standards/PS3.D.1","_rev":"_VIwhT4y---","connectionType":"pe-dciSubcomp"},{"_key":"1763361","_id":"connectsTo/1763361","_from":"standards/3-LS4-4","_to":"standards/LS2.C.1","_rev":"_VIwhT6K--_","connectionType":"pe-dciSubcomp"},{"_key":"1763599","_id":"connectsTo/1763599","_from":"standards/MS-ESS2-6","_to":"standards/ESS2.D.6","_rev":"_VIwhU_q---","connectionType":"pe-dciSubcomp"},{"_key":"1764089","_id":"connectsTo/1764089","_from":"standards/ETS1.A.2","_to":"standards/HS-ETS1-1","_rev":"_VIwjtVu--X","connectionType":"dciSubcomp-pe"},{"_key":"1764155","_id":"connectsTo/1764155","_from":"standards/PS4.A.4","_to":"standards/MS-PS4-1","_rev":"_VIwjtVu--4","connectionType":"dciSubcomp-pe"},{"_key":"1764033","_id":"connectsTo/1764033","_from":"standards/ESS2.D.3","_to":"standards/3-ESS2-2","_rev":"_VIwjtVq--d","connectionType":"dciSubcomp-pe"},{"_key":"1763699","_id":"connectsTo/1763699","_from":"standards/MS-PS1-3","_to":"standards/PS1.B.4","_rev":"_VIwhUBu--_","connectionType":"pe-dciSubcomp"},{"_key":"1763311","_id":"connectsTo/1763311","_from":"standards/MS-LS1-6","_to":"standards/PS3.D.3","_rev":"_VIwhT5K---","connectionType":"pe-dciSubcomp"},{"_key":"1764341","_id":"connectsTo/1764341","_from":"standards/PS4.A.6","_to":"standards/HS-PS4-1","_rev":"_VIwjtVy--P","connectionType":"dciSubcomp-pe"},{"_key":"1764513","_id":"connectsTo/1764513","_from":"standards/ETS1.C.2","_to":"standards/3-5-ETS1-3","_rev":"_VIwjtV2-_-","connectionType":"dciSubcomp-pe"},{"_key":"1763975","_id":"connectsTo/1763975","_from":"standards/PS2.A.8","_to":"standards/HS-PS2-1","_rev":"_VIwjtVq--A","connectionType":"dciSubcomp-pe"},{"_key":"1763641","_id":"connectsTo/1763641","_from":"standards/HS-LS1-5","_to":"standards/LS1.C.6","_rev":"_VIwhUAi---","connectionType":"pe-dciSubcomp"},{"_key":"1763293","_id":"connectsTo/1763293","_from":"standards/4-PS3-4","_to":"standards/PS3.B.4","_rev":"_VIwhT4y--_","connectionType":"pe-dciSubcomp"},{"_key":"1764423","_id":"connectsTo/1764423","_from":"standards/PS3.B.4","_to":"standards/4-PS3-4","_rev":"_VIwjtV2--R","connectionType":"dciSubcomp-pe"},{"_key":"1764007","_id":"connectsTo/1764007","_from":"standards/ESS2.D.2","_to":"standards/3-ESS2-1","_rev":"_VIwjtVq--Q","connectionType":"dciSubcomp-pe"},{"_key":"1764505","_id":"connectsTo/1764505","_from":"standards/ETS1.B.4","_to":"standards/3-5-ETS1-3","_rev":"_VIwjtV2--6","connectionType":"dciSubcomp-pe"},{"_key":"1764313","_id":"connectsTo/1764313","_from":"standards/LS2.A.2","_to":"standards/2-LS2-2","_rev":"_VIwjtVy--B","connectionType":"dciSubcomp-pe"},{"_key":"1764353","_id":"connectsTo/1764353","_from":"standards/PS2.A.5","_to":"standards/MS-PS2-1","_rev":"_VIwjtVy--V","connectionType":"dciSubcomp-pe"},{"_key":"1763451","_id":"connectsTo/1763451","_from":"standards/MS-PS1-4","_to":"standards/PS1.A.9","_rev":"_VIwhT8S---","connectionType":"pe-dciSubcomp"},{"_key":"1763357","_id":"connectsTo/1763357","_from":"standards/MS-ESS2-2","_to":"standards/ESS2.C.7","_rev":"_VIwhT6G--A","connectionType":"pe-dciSubcomp"},{"_key":"1763705","_id":"connectsTo/1763705","_from":"standards/HS-LS1-1","_to":"standards/LS1.A.7","_rev":"_VIwhUB2---","connectionType":"pe-dciSubcomp"},{"_key":"1763665","_id":"connectsTo/1763665","_from":"standards/HS-ESS2-3","_to":"standards/ESS2.B.5","_rev":"_VIwhUBG---","connectionType":"pe-dciSubcomp"},{"_key":"1763791","_id":"connectsTo/1763791","_from":"standards/HS-ESS1-2","_to":"standards/ESS1.A.6","_rev":"_VIwhUDu---","connectionType":"pe-dciSubcomp"},{"_key":"1764443","_id":"connectsTo/1764443","_from":"standards/ESS2.D.4","_to":"standards/MS-ESS2-6","_rev":"_VIwjtV2--b","connectionType":"dciSubcomp-pe"},{"_key":"1763589","_id":"connectsTo/1763589","_from":"standards/MS-ESS1-3","_to":"standards/ESS1.B.3","_rev":"_VIwhU_e---","connectionType":"pe-dciSubcomp"},{"_key":"1763421","_id":"connectsTo/1763421","_from":"standards/HS-PS1-1","_to":"standards/PS1.A.13","_rev":"_VIwhT7e--_","connectionType":"pe-dciSubcomp"},{"_key":"1763707","_id":"connectsTo/1763707","_from":"standards/HS-LS1-1","_to":"standards/LS1.A.6","_rev":"_VIwhUB2--_","connectionType":"pe-dciSubcomp"},{"_key":"1764075","_id":"connectsTo/1764075","_from":"standards/LS1.C.2","_to":"standards/5-PS3-1","_rev":"_VIwjtVu--Q","connectionType":"dciSubcomp-pe"},{"_key":"1763659","_id":"connectsTo/1763659","_from":"standards/4-ESS3-1","_to":"standards/ESS3.A.2","_rev":"_VIwhUA2--_","connectionType":"pe-dciSubcomp"},{"_key":"1764499","_id":"connectsTo/1764499","_from":"standards/ESS3.C.5","_to":"standards/HS-ESS3-3","_rev":"_VIwjtV2--3","connectionType":"dciSubcomp-pe"},{"_key":"1764227","_id":"connectsTo/1764227","_from":"standards/PS2.B.5","_to":"standards/MS-PS2-3","_rev":"_VIwjtVu-_c","connectionType":"dciSubcomp-pe"},{"_key":"1764369","_id":"connectsTo/1764369","_from":"standards/LS3.B.4","_to":"standards/MS-LS3-2","_rev":"_VIwjtVy--d","connectionType":"dciSubcomp-pe"},{"_key":"1764469","_id":"connectsTo/1764469","_from":"standards/PS3.B.9","_to":"standards/HS-PS3-1","_rev":"_VIwjtV2--o","connectionType":"dciSubcomp-pe"},{"_key":"1763601","_id":"connectsTo/1763601","_from":"standards/MS-ESS2-6","_to":"standards/ESS2.D.4","_rev":"_VIwhU_q--_","connectionType":"pe-dciSubcomp"},{"_key":"1763555","_id":"connectsTo/1763555","_from":"standards/MS-LS3-1","_to":"standards/LS3.B.5","_rev":"_VIwhU-u---","connectionType":"pe-dciSubcomp"},{"_key":"1764483","_id":"connectsTo/1764483","_from":"standards/ESS3.A.3","_to":"standards/MS-ESS3-1","_rev":"_VIwjtV2--v","connectionType":"dciSubcomp-pe"},{"_key":"1764021","_id":"connectsTo/1764021","_from":"standards/PS2.A.1","_to":"standards/K-PS2-1","_rev":"_VIwjtVq--X","connectionType":"dciSubcomp-pe"},{"_key":"1763757","_id":"connectsTo/1763757","_from":"standards/MS-ESS3-3","_to":"standards/ESS3.C.3","_rev":"_VIwhUD----","connectionType":"pe-dciSubcomp"},{"_key":"1764283","_id":"connectsTo/1764283","_from":"standards/ESS3.D.1","_to":"standards/MS-ESS3-5","_rev":"_VIwjtVu-_4","connectionType":"dciSubcomp-pe"},{"_key":"1763795","_id":"connectsTo/1763795","_from":"standards/HS-ESS3-1","_to":"standards/ESS3.A.4","_rev":"_VIwhUDu--A","connectionType":"pe-dciSubcomp"},{"_key":"1764315","_id":"connectsTo/1764315","_from":"standards/ESS2.D.8","_to":"standards/HS-ESS2-7","_rev":"_VIwjtVy--C","connectionType":"dciSubcomp-pe"},{"_key":"1764347","_id":"connectsTo/1764347","_from":"standards/PS3.A.9","_to":"standards/HS-PS3-1","_rev":"_VIwjtVy--S","connectionType":"dciSubcomp-pe"},{"_key":"1764451","_id":"connectsTo/1764451","_from":"standards/ESS3.A.1","_to":"standards/K-ESS3-1","_rev":"_VIwjtV2--f","connectionType":"dciSubcomp-pe"},{"_key":"1763657","_id":"connectsTo/1763657","_from":"standards/K-ESS3-1","_to":"standards/ESS3.A.1","_rev":"_VIwhUA2---","connectionType":"pe-dciSubcomp"},{"_key":"1763695","_id":"connectsTo/1763695","_from":"standards/MS-ESS2-3","_to":"standards/ESS1.C.4","_rev":"_VIwhUBq--_","connectionType":"pe-dciSubcomp"},{"_key":"1763711","_id":"connectsTo/1763711","_from":"standards/4-ESS2-1","_to":"standards/ESS2.E.2","_rev":"_VIwhUB6--_","connectionType":"pe-dciSubcomp"},{"_key":"1763251","_id":"connectsTo/1763251","_from":"standards/MS-LS1-7","_to":"standards/PS3.D.4","_rev":"_VIwhT32--_","connectionType":"pe-dciSubcomp"},{"_key":"1763319","_id":"connectsTo/1763319","_from":"standards/MS-LS1-3","_to":"standards/LS1.A.5","_rev":"_VIwhT5a---","connectionType":"pe-dciSubcomp"},{"_key":"1763743","_id":"connectsTo/1763743","_from":"standards/2-PS1-4","_to":"standards/PS1.B.1","_rev":"_VIwhUCm--_","connectionType":"pe-dciSubcomp"},{"_key":"1763661","_id":"connectsTo/1763661","_from":"standards/1-PS4-1","_to":"standards/PS4.A.1","_rev":"_VIwhUA6---","connectionType":"pe-dciSubcomp"},{"_key":"1763445","_id":"connectsTo/1763445","_from":"standards/HS-PS3-4","_to":"standards/PS3.B.9","_rev":"_VIwhT8K---","connectionType":"pe-dciSubcomp"},{"_key":"1763653","_id":"connectsTo/1763653","_from":"standards/HS-PS4-5","_to":"standards/PS3.D.2","_rev":"_VIwhUAu--A","connectionType":"pe-dciSubcomp"},{"_key":"1764445","_id":"connectsTo/1764445","_from":"standards/LS3.B.5","_to":"standards/MS-LS3-1","_rev":"_VIwjtV2--c","connectionType":"dciSubcomp-pe"},{"_key":"1764229","_id":"connectsTo/1764229","_from":"standards/LS4.A.1","_to":"standards/3-LS4-1","_rev":"_VIwjtVu-_d","connectionType":"dciSubcomp-pe"},{"_key":"1763685","_id":"connectsTo/1763685","_from":"standards/HS-PS3-1","_to":"standards/PS3.B.9","_rev":"_VIwhUBa--_","connectionType":"pe-dciSubcomp"},{"_key":"1763789","_id":"connectsTo/1763789","_from":"standards/2-LS2-2","_to":"standards/ETS1.B.1","_rev":"_VIwhUDq--_","connectionType":"pe-dciSubcomp"},{"_key":"1763225","_id":"connectsTo/1763225","_from":"standards/HS-LS2-6","_to":"standards/LS2.C.4","_rev":"_VIwhT3G---","connectionType":"pe-dciSubcomp"},{"_key":"1763655","_id":"connectsTo/1763655","_from":"standards/HS-PS4-5","_to":"standards/PS4.B.10","_rev":"_VIwhUAy---","connectionType":"pe-dciSubcomp"},{"_key":"1763281","_id":"connectsTo/1763281","_from":"standards/4-PS4-2","_to":"standards/PS4.B.3","_rev":"_VIwhT4e---","connectionType":"pe-dciSubcomp"},{"_key":"1764225","_id":"connectsTo/1764225","_from":"standards/LS4.D.2","_to":"standards/3-LS4-4","_rev":"_VIwjtVu-_b","connectionType":"dciSubcomp-pe"},{"_key":"1764097","_id":"connectsTo/1764097","_from":"standards/ESS3.C.4","_to":"standards/MS-ESS3-4","_rev":"_VIwjtVu--b","connectionType":"dciSubcomp-pe"},{"_key":"1763433","_id":"connectsTo/1763433","_from":"standards/MS-PS3-3","_to":"standards/PS3.A.7","_rev":"_VIwhT76---","connectionType":"pe-dciSubcomp"},{"_key":"1763535","_id":"connectsTo/1763535","_from":"standards/K-PS2-2","_to":"standards/ETS1.A.1","_rev":"_VIwhU-S--A","connectionType":"pe-dciSubcomp"},{"_key":"1763639","_id":"connectsTo/1763639","_from":"standards/MS-ESS3-1","_to":"standards/ESS3.A.3","_rev":"_VIwhUAa---","connectionType":"pe-dciSubcomp"},{"_key":"1763385","_id":"connectsTo/1763385","_from":"standards/MS-LS2-5","_to":"standards/ETS1.B.5","_rev":"_VIwhT6q--_","connectionType":"pe-dciSubcomp"},{"_key":"1764343","_id":"connectsTo/1764343","_from":"standards/ESS1.B.2","_to":"standards/5-ESS1-2","_rev":"_VIwjtVy--Q","connectionType":"dciSubcomp-pe"},{"_key":"1764381","_id":"connectsTo/1764381","_from":"standards/LS2.B.4","_to":"standards/HS-LS2-4","_rev":"_VIwjtVy--j","connectionType":"dciSubcomp-pe"},{"_key":"1764077","_id":"connectsTo/1764077","_from":"standards/PS1.B.4","_to":"standards/MS-PS1-5","_rev":"_VIwjtVu--R","connectionType":"dciSubcomp-pe"},{"_key":"1764243","_id":"connectsTo/1764243","_from":"standards/LS2.B.1","_to":"standards/5-LS2-1","_rev":"_VIwjtVu-_k","connectionType":"dciSubcomp-pe"},{"_key":"1764267","_id":"connectsTo/1764267","_from":"standards/PS1.A.3","_to":"standards/2-PS1-3","_rev":"_VIwjtVu-_w","connectionType":"dciSubcomp-pe"},{"_key":"1764063","_id":"connectsTo/1764063","_from":"standards/PS3.C.2","_to":"standards/4-PS3-3","_rev":"_VIwjtVu--K","connectionType":"dciSubcomp-pe"},{"_key":"1764253","_id":"connectsTo/1764253","_from":"standards/PS4.C.3","_to":"standards/MS-PS4-3","_rev":"_VIwjtVu-_p","connectionType":"dciSubcomp-pe"},{"_key":"1764197","_id":"connectsTo/1764197","_from":"standards/LS1.B.3","_to":"standards/MS-LS1-4","_rev":"_VIwjtVu-_N","connectionType":"dciSubcomp-pe"},{"_key":"1764047","_id":"connectsTo/1764047","_from":"standards/ESS2.B.2","_to":"standards/4-ESS2-2","_rev":"_VIwjtVu--C","connectionType":"dciSubcomp-pe"},{"_key":"1764457","_id":"connectsTo/1764457","_from":"standards/PS3.D.4","_to":"standards/MS-LS1-7","_rev":"_VIwjtV2--i","connectionType":"dciSubcomp-pe"},{"_key":"1764301","_id":"connectsTo/1764301","_from":"standards/ETS1.C.3","_to":"standards/MS-PS1-6","_rev":"_VIwjtVu-AB","connectionType":"dciSubcomp-pe"},{"_key":"1763463","_id":"connectsTo/1763463","_from":"standards/MS-ETS1-3","_to":"standards/ETS1.C.3","_rev":"_VIwhT8e---","connectionType":"pe-dciSubcomp"},{"_key":"1763507","_id":"connectsTo/1763507","_from":"standards/MS-PS1-2","_to":"standards/PS1.B.4","_rev":"_VIwhT9q--_","connectionType":"pe-dciSubcomp"},{"_key":"1763569","_id":"connectsTo/1763569","_from":"standards/3-LS3-2","_to":"standards/LS3.B.3","_rev":"_VIwhU_C---","connectionType":"pe-dciSubcomp"},{"_key":"1763677","_id":"connectsTo/1763677","_from":"standards/HS-PS3-1","_to":"standards/PS3.B.11","_rev":"_VIwhUBW--_","connectionType":"pe-dciSubcomp"},{"_key":"1764013","_id":"connectsTo/1764013","_from":"standards/ESS3.B.1","_to":"standards/K-ESS3-2","_rev":"_VIwjtVq--T","connectionType":"dciSubcomp-pe"},{"_key":"1764085","_id":"connectsTo/1764085","_from":"standards/PS1.B.2","_to":"standards/5-PS1-4","_rev":"_VIwjtVu--V","connectionType":"dciSubcomp-pe"},{"_key":"1763573","_id":"connectsTo/1763573","_from":"standards/HS-LS1-7","_to":"standards/LS1.C.8","_rev":"_VIwhU_K---","connectionType":"pe-dciSubcomp"},{"_key":"1764055","_id":"connectsTo/1764055","_from":"standards/PS3.B.7","_to":"standards/MS-PS3-3","_rev":"_VIwjtVu--G","connectionType":"dciSubcomp-pe"},{"_key":"1764407","_id":"connectsTo/1764407","_from":"standards/LS1.A.1","_to":"standards/1-LS1-1","_rev":"_VIwjtV2--J","connectionType":"dciSubcomp-pe"},{"_key":"1764067","_id":"connectsTo/1764067","_from":"standards/PS1.A.12","_to":"standards/MS-PS1-4","_rev":"_VIwjtVu--M","connectionType":"dciSubcomp-pe"},{"_key":"1763703","_id":"connectsTo/1763703","_from":"standards/3-5-ETS1-2","_to":"standards/ETS1.B.3","_rev":"_VIwhUBy--_","connectionType":"pe-dciSubcomp"},{"_key":"1764297","_id":"connectsTo/1764297","_from":"standards/ESS2.A.5","_to":"standards/MS-ESS2-2","_rev":"_VIwjtVu-A_","connectionType":"dciSubcomp-pe"},{"_key":"1763287","_id":"connectsTo/1763287","_from":"standards/HS-ESS3-3","_to":"standards/ESS3.C.5","_rev":"_VIwhT4m--_","connectionType":"pe-dciSubcomp"},{"_key":"1763583","_id":"connectsTo/1763583","_from":"standards/MS-LS4-6","_to":"standards/LS4.C.2","_rev":"_VIwhU_S--A","connectionType":"pe-dciSubcomp"},{"_key":"1764083","_id":"connectsTo/1764083","_from":"standards/LS2.C.3","_to":"standards/MS-LS2-5","_rev":"_VIwjtVu--U","connectionType":"dciSubcomp-pe"},{"_key":"1763389","_id":"connectsTo/1763389","_from":"standards/4-PS3-2","_to":"standards/PS3.A.2","_rev":"_VIwhT6u---","connectionType":"pe-dciSubcomp"},{"_key":"1764115","_id":"connectsTo/1764115","_from":"standards/ETS1.C.1","_to":"standards/2-ESS2-1","_rev":"_VIwjtVu--k","connectionType":"dciSubcomp-pe"},{"_key":"1764237","_id":"connectsTo/1764237","_from":"standards/LS1.B.1","_to":"standards/1-LS1-2","_rev":"_VIwjtVu-_h","connectionType":"dciSubcomp-pe"},{"_key":"1764375","_id":"connectsTo/1764375","_from":"standards/ESS2.A.3","_to":"standards/5-ESS2-1","_rev":"_VIwjtVy--g","connectionType":"dciSubcomp-pe"},{"_key":"1763511","_id":"connectsTo/1763511","_from":"standards/3-5-ETS1-3","_to":"standards/ETS1.B.4","_rev":"_VIwhT9u---","connectionType":"pe-dciSubcomp"},{"_key":"1764193","_id":"connectsTo/1764193","_from":"standards/LS1.C.7","_to":"standards/HS-LS1-6","_rev":"_VIwjtVu-_L","connectionType":"dciSubcomp-pe"},{"_key":"1763277","_id":"connectsTo/1763277","_from":"standards/MS-LS1-2","_to":"standards/LS1.A.4","_rev":"_VIwhT4W---","connectionType":"pe-dciSubcomp"},{"_key":"1764521","_id":"connectsTo/1764521","_from":"standards/PS3.D.2","_to":"standards/5-PS3-1","_rev":"_VIwjtV2-_C","connectionType":"dciSubcomp-pe"},{"_key":"1763245","_id":"connectsTo/1763245","_from":"standards/MS-ESS1-2","_to":"standards/ESS1.A.4","_rev":"_VIwhT3y--_","connectionType":"pe-dciSubcomp"},{"_key":"1763441","_id":"connectsTo/1763441","_from":"standards/MS-LS4-5","_to":"standards/LS4.B.3","_rev":"_VIwhT8C---","connectionType":"pe-dciSubcomp"},{"_key":"1764373","_id":"connectsTo/1764373","_from":"standards/ESS1.A.1","_to":"standards/1-ESS1-1","_rev":"_VIwjtVy--f","connectionType":"dciSubcomp-pe"},{"_key":"1763509","_id":"connectsTo/1763509","_from":"standards/3-5-ETS1-3","_to":"standards/ETS1.C.2","_rev":"_VIwhT9q--A","connectionType":"pe-dciSubcomp"},{"_key":"1763991","_id":"connectsTo/1763991","_from":"standards/LS2.A.5","_to":"standards/MS-LS2-1","_rev":"_VIwjtVq--I","connectionType":"dciSubcomp-pe"},{"_key":"1763595","_id":"connectsTo/1763595","_from":"standards/2-LS2-1","_to":"standards/LS2.A.1","_rev":"_VIwhU_i---","connectionType":"pe-dciSubcomp"},{"_key":"1763783","_id":"connectsTo/1763783","_from":"standards/MS-PS1-6","_to":"standards/ETS1.B.6","_rev":"_VIwhUDm--A","connectionType":"pe-dciSubcomp"},{"_key":"1763749","_id":"connectsTo/1763749","_from":"standards/4-PS4-1","_to":"standards/PS4.A.3","_rev":"_VIwhUCy--_","connectionType":"pe-dciSubcomp"},{"_key":"1764107","_id":"connectsTo/1764107","_from":"standards/ETS1.B.8","_to":"standards/MS-ETS1-2","_rev":"_VIwjtVu--g","connectionType":"dciSubcomp-pe"},{"_key":"1764491","_id":"connectsTo/1764491","_from":"standards/LS3.B.3","_to":"standards/3-LS3-2","_rev":"_VIwjtV2--z","connectionType":"dciSubcomp-pe"},{"_key":"1764137","_id":"connectsTo/1764137","_from":"standards/LS2.A.3","_to":"standards/5-LS2-1","_rev":"_VIwjtVu--v","connectionType":"dciSubcomp-pe"},{"_key":"1763609","_id":"connectsTo/1763609","_from":"standards/5-PS3-1","_to":"standards/PS3.D.2","_rev":"_VIwhU_y--_","connectionType":"pe-dciSubcomp"},{"_key":"1763773","_id":"connectsTo/1763773","_from":"standards/K-2-ETS1-1","_to":"standards/ETS1.A.1","_rev":"_VIwhUDW--A","connectionType":"pe-dciSubcomp"},{"_key":"1763301","_id":"connectsTo/1763301","_from":"standards/4-PS3-3","_to":"standards/PS3.B.2","_rev":"_VIwhT46--_","connectionType":"pe-dciSubcomp"},{"_key":"1763365","_id":"connectsTo/1763365","_from":"standards/MS-ESS2-4","_to":"standards/ESS2.C.5","_rev":"_VIwhT6O--_","connectionType":"pe-dciSubcomp"},{"_key":"1764463","_id":"connectsTo/1764463","_from":"standards/PS4.A.1","_to":"standards/1-PS4-1","_rev":"_VIwjtV2--l","connectionType":"dciSubcomp-pe"},{"_key":"1764163","_id":"connectsTo/1764163","_from":"standards/PS2.A.9","_to":"standards/HS-PS2-2","_rev":"_VIwjtVu--8","connectionType":"dciSubcomp-pe"},{"_key":"1763259","_id":"connectsTo/1763259","_from":"standards/HS-PS3-2","_to":"standards/PS3.A.9","_rev":"_VIwhT4C---","connectionType":"pe-dciSubcomp"},{"_key":"1764151","_id":"connectsTo/1764151","_from":"standards/PS1.C.1","_to":"standards/HS-PS1-8","_rev":"_VIwjtVu--2","connectionType":"dciSubcomp-pe"},{"_key":"1763397","_id":"connectsTo/1763397","_from":"standards/K-ESS2-1","_to":"standards/ESS2.D.1","_rev":"_VIwhT6y---","connectionType":"pe-dciSubcomp"},{"_key":"1763997","_id":"connectsTo/1763997","_from":"standards/ESS3.B.2","_to":"standards/3-ESS3-1","_rev":"_VIwjtVq--L","connectionType":"dciSubcomp-pe"},{"_key":"1764187","_id":"connectsTo/1764187","_from":"standards/LS2.B.2","_to":"standards/MS-LS2-3","_rev":"_VIwjtVu-_I","connectionType":"dciSubcomp-pe"},{"_key":"1764329","_id":"connectsTo/1764329","_from":"standards/PS3.A.4","_to":"standards/MS-PS1-4","_rev":"_VIwjtVy--J","connectionType":"dciSubcomp-pe"},{"_key":"1764123","_id":"connectsTo/1764123","_from":"standards/LS3.B.2","_to":"standards/3-LS3-1","_rev":"_VIwjtVu--o","connectionType":"dciSubcomp-pe"},{"_key":"1763487","_id":"connectsTo/1763487","_from":"standards/MS-PS3-4","_to":"standards/PS3.A.7","_rev":"_VIwhT9G---","connectionType":"pe-dciSubcomp"},{"_key":"1764185","_id":"connectsTo/1764185","_from":"standards/LS1.C.4","_to":"standards/MS-LS1-6","_rev":"_VIwjtVu-_H","connectionType":"dciSubcomp-pe"},{"_key":"1763629","_id":"connectsTo/1763629","_from":"standards/MS-LS2-2","_to":"standards/LS2.A.7","_rev":"_VIwhUAO---","connectionType":"pe-dciSubcomp"},{"_key":"1763559","_id":"connectsTo/1763559","_from":"standards/MS-LS1-4","_to":"standards/LS1.B.4","_rev":"_VIwhU-y---","connectionType":"pe-dciSubcomp"},{"_key":"1764465","_id":"connectsTo/1764465","_from":"standards/PS3.B.9","_to":"standards/HS-PS3-4","_rev":"_VIwjtV2--m","connectionType":"dciSubcomp-pe"},{"_key":"1764471","_id":"connectsTo/1764471","_from":"standards/ETS1.B.1","_to":"standards/2-LS2-2","_rev":"_VIwjtV2--p","connectionType":"dciSubcomp-pe"},{"_key":"1764307","_id":"connectsTo/1764307","_from":"standards/ESS1.A.3","_to":"standards/MS-ESS1-1","_rev":"_VIwjtVy---","connectionType":"dciSubcomp-pe"},{"_key":"1764057","_id":"connectsTo/1764057","_from":"standards/LS1.C.5","_to":"standards/MS-LS1-7","_rev":"_VIwjtVu--H","connectionType":"dciSubcomp-pe"},{"_key":"1763269","_id":"connectsTo/1763269","_from":"standards/K-PS2-1","_to":"standards/PS2.A.2","_rev":"_VIwhT4G--B","connectionType":"pe-dciSubcomp"},{"_key":"1764433","_id":"connectsTo/1764433","_from":"standards/ESS1.A.6","_to":"standards/HS-ESS1-2","_rev":"_VIwjtV2--W","connectionType":"dciSubcomp-pe"},{"_key":"1764395","_id":"connectsTo/1764395","_from":"standards/PS1.A.11","_to":"standards/MS-PS1-1","_rev":"_VIwjtV2--D","connectionType":"dciSubcomp-pe"},{"_key":"1763393","_id":"connectsTo/1763393","_from":"standards/4-PS3-2","_to":"standards/PS3.B.2","_rev":"_VIwhT6u--A","connectionType":"pe-dciSubcomp"},{"_key":"1763571","_id":"connectsTo/1763571","_from":"standards/3-LS3-2","_to":"standards/LS3.A.3","_rev":"_VIwhU_G---","connectionType":"pe-dciSubcomp"},{"_key":"1763391","_id":"connectsTo/1763391","_from":"standards/4-PS3-2","_to":"standards/PS3.B.4","_rev":"_VIwhT6u--_","connectionType":"pe-dciSubcomp"},{"_key":"1764153","_id":"connectsTo/1764153","_from":"standards/PS4.B.2","_to":"standards/1-PS4-3","_rev":"_VIwjtVu--3","connectionType":"dciSubcomp-pe"},{"_key":"1763547","_id":"connectsTo/1763547","_from":"standards/HS-LS4-2","_to":"standards/LS4.C.3","_rev":"_VIwhU-i--_","connectionType":"pe-dciSubcomp"},{"_key":"1763243","_id":"connectsTo/1763243","_from":"standards/MS-ESS1-2","_to":"standards/ESS1.B.5","_rev":"_VIwhT3y---","connectionType":"pe-dciSubcomp"},{"_key":"1764525","_id":"connectsTo/1764525","_from":"standards/PS3.B.2","_to":"standards/4-PS3-3","_rev":"_VIwjtV2-_E","connectionType":"dciSubcomp-pe"},{"_key":"1763611","_id":"connectsTo/1763611","_from":"standards/HS-PS1-6","_to":"standards/PS1.A.15","_rev":"_VIwhU_2---","connectionType":"pe-dciSubcomp"},{"_key":"1763541","_id":"connectsTo/1763541","_from":"standards/3-PS2-1","_to":"standards/PS2.A.3","_rev":"_VIwhU-e---","connectionType":"pe-dciSubcomp"}]