[{"_key":"2506766","_id":"groupToStudents/2506766","_from":"groups/2506703","_to":"students/2506697","_rev":"_VKwtYCW---"},{"_key":"2487179","_id":"groupToStudents/2487179","_from":"groups/2487156","_to":"students/2487142","_rev":"_VKtmhm6---"},{"_key":"2482666","_id":"groupToStudents/2482666","_from":"groups/2482601","_to":"students/2482597","_rev":"_VKs7yrm---"},{"_key":"2485493","_id":"groupToStudents/2485493","_from":"groups/2485473","_to":"students/2485459","_rev":"_VKtWqWm---"},{"_key":"2494068","_id":"groupToStudents/2494068","_from":"groups/2494003","_to":"students/2493999","_rev":"_VKulsde---"},{"_key":"2495835","_id":"groupToStudents/2495835","_from":"groups/2495780","_to":"students/2495774","_rev":"_VKu0-0q---"},{"_key":"2494650","_id":"groupToStudents/2494650","_from":"groups/2494611","_to":"students/2494601","_rev":"_VKuqsKO--_"},{"_key":"2845985","_id":"groupToStudents/2845985","_from":"groups/2845922","_to":"students/2845918","_rev":"_VMkhIRO---"},{"_key":"2482904","_id":"groupToStudents/2482904","_from":"groups/2482841","_to":"students/2482837","_rev":"_VKs9nj2--_"},{"_key":"2482864","_id":"groupToStudents/2482864","_from":"groups/2482841","_to":"students/2482827","_rev":"_VKs9ngG---"},{"_key":"2492123","_id":"groupToStudents/2492123","_from":"groups/2492090","_to":"students/2492078","_rev":"_VKuZkmW---"},{"_key":"2515081","_id":"groupToStudents/2515081","_from":"groups/2515024","_to":"students/2515016","_rev":"_VKyL1_a---"},{"_key":"2531452","_id":"groupToStudents/2531452","_from":"groups/2531432","_to":"students/2531420","_rev":"_VK1CjGq---"},{"_key":"2493853","_id":"groupToStudents/2493853","_from":"groups/2493844","_to":"students/2493824","_rev":"_VKukoT2---"},{"_key":"2531272","_id":"groupToStudents/2531272","_from":"groups/2531263","_to":"students/2531245","_rev":"_VK1BEqa---"},{"_key":"2493251","_id":"groupToStudents/2493251","_from":"groups/2493227","_to":"students/2493211","_rev":"_VKuhhqq---"},{"_key":"2493266","_id":"groupToStudents/2493266","_from":"groups/2493227","_to":"students/2493217","_rev":"_VKuhhtS---"},{"_key":"2492731","_id":"groupToStudents/2492731","_from":"groups/2492692","_to":"students/2492682","_rev":"_VKuciKu---"},{"_key":"2545635","_id":"groupToStudents/2545635","_from":"groups/2545578","_to":"students/2545574","_rev":"_VK3kLPO---"},{"_key":"2492115","_id":"groupToStudents/2492115","_from":"groups/2492090","_to":"students/2492076","_rev":"_VKuZklK---"},{"_key":"2531304","_id":"groupToStudents/2531304","_from":"groups/2531263","_to":"students/2531255","_rev":"_VK1BEqy---"},{"_key":"2485536","_id":"groupToStudents/2485536","_from":"groups/2485473","_to":"students/2485469","_rev":"_VKtWqbq---"},{"_key":"2863423","_id":"groupToStudents/2863423","_from":"groups/2863406","_to":"students/2863392","_rev":"_VMnaEEq---"},{"_key":"2493909","_id":"groupToStudents/2493909","_from":"groups/2493844","_to":"students/2493840","_rev":"_VKukoY6--_"},{"_key":"2857939","_id":"groupToStudents/2857939","_from":"groups/2857900","_to":"students/2857892","_rev":"_VMmcegG---"},{"_key":"2857789","_id":"groupToStudents/2857789","_from":"groups/2857769","_to":"students/2857757","_rev":"_VMmbrT2---"},{"_key":"2482138","_id":"groupToStudents/2482138","_from":"groups/2482118","_to":"students/2482104","_rev":"_VKs4fUW---"},{"_key":"2492755","_id":"groupToStudents/2492755","_from":"groups/2492692","_to":"students/2492688","_rev":"_VKuciNO---"},{"_key":"2863431","_id":"groupToStudents/2863431","_from":"groups/2863406","_to":"students/2863394","_rev":"_VMnaEEy---"},{"_key":"2491904","_id":"groupToStudents/2491904","_from":"groups/2491884","_to":"students/2491870","_rev":"_VKuYQ9m---"},{"_key":"2494028","_id":"groupToStudents/2494028","_from":"groups/2494003","_to":"students/2493989","_rev":"_VKulsZm--_"},{"_key":"2506712","_id":"groupToStudents/2506712","_from":"groups/2506703","_to":"students/2506681","_rev":"_VKwtYBi---"},{"_key":"2485528","_id":"groupToStudents/2485528","_from":"groups/2485473","_to":"students/2485467","_rev":"_VKtWqam---"},{"_key":"2493877","_id":"groupToStudents/2493877","_from":"groups/2493844","_to":"students/2493832","_rev":"_VKukoWS---"},{"_key":"2506774","_id":"groupToStudents/2506774","_from":"groups/2506703","_to":"students/2506699","_rev":"_VKwtYCa--_"},{"_key":"2531460","_id":"groupToStudents/2531460","_from":"groups/2531432","_to":"students/2531418","_rev":"_VK1CjGy---"},{"_key":"2494624","_id":"groupToStudents/2494624","_from":"groups/2494611","_to":"students/2494595","_rev":"_VKuqsHm--_"},{"_key":"2857801","_id":"groupToStudents/2857801","_from":"groups/2857769","_to":"students/2857759","_rev":"_VMmbrU---_"},{"_key":"2857920","_id":"groupToStudents/2857920","_from":"groups/2857900","_to":"students/2857888","_rev":"_VMmcefu---"},{"_key":"2491915","_id":"groupToStudents/2491915","_from":"groups/2491884","_to":"students/2491872","_rev":"_VKuYR-6---"},{"_key":"2531312","_id":"groupToStudents/2531312","_from":"groups/2531263","_to":"students/2531257","_rev":"_VK1BEq2---"},{"_key":"2863533","_id":"groupToStudents/2863533","_from":"groups/2863516","_to":"students/2863502","_rev":"_VMnaira--A"},{"_key":"2504256","_id":"groupToStudents/2504256","_from":"groups/2504201","_to":"students/2504197","_rev":"_VKwSrLy--_"},{"_key":"2504221","_id":"groupToStudents/2504221","_from":"groups/2504201","_to":"students/2504189","_rev":"_VKwSrLe--_"},{"_key":"2485504","_id":"groupToStudents/2485504","_from":"groups/2485473","_to":"students/2485461","_rev":"_VKtWqYC---"},{"_key":"2515089","_id":"groupToStudents/2515089","_from":"groups/2515024","_to":"students/2515018","_rev":"_VKyL1_a--A"},{"_key":"2863455","_id":"groupToStudents/2863455","_from":"groups/2863406","_to":"students/2863400","_rev":"_VMnaEFK--_"},{"_key":"2845969","_id":"groupToStudents/2845969","_from":"groups/2845922","_to":"students/2845914","_rev":"_VMkhIO2---"},{"_key":"2863415","_id":"groupToStudents/2863415","_from":"groups/2863406","_to":"students/2863388","_rev":"_VMnaEEm---"},{"_key":"2482626","_id":"groupToStudents/2482626","_from":"groups/2482601","_to":"students/2482587","_rev":"_VKs7ynq--_"},{"_key":"2483013","_id":"groupToStudents/2483013","_from":"groups/2483004","_to":"students/2482984","_rev":"_VKt-kKC---"},{"_key":"2481718","_id":"groupToStudents/2481718","_from":"groups/2481175","_to":"students/2480915","_rev":"_VKs05Ai---"},{"_key":"2863573","_id":"groupToStudents/2863573","_from":"groups/2863516","_to":"students/2863512","_rev":"_VMnaisC---"},{"_key":"2492705","_id":"groupToStudents/2492705","_from":"groups/2492692","_to":"students/2492676","_rev":"_VKuciH2---"},{"_key":"2483045","_id":"groupToStudents/2483045","_from":"groups/2483004","_to":"students/2482994","_rev":"_VKt-kMq---"},{"_key":"2506723","_id":"groupToStudents/2506723","_from":"groups/2506703","_to":"students/2506687","_rev":"_VKwtYBq--_"},{"_key":"2494666","_id":"groupToStudents/2494666","_from":"groups/2494611","_to":"students/2494605","_rev":"_VKuqsMm---"},{"_key":"2485497","_id":"groupToStudents/2485497","_from":"groups/2485473","_to":"students/2485457","_rev":"_VKtWqWu---"},{"_key":"2531288","_id":"groupToStudents/2531288","_from":"groups/2531263","_to":"students/2531251","_rev":"_VK1BEqe--_"},{"_key":"2482142","_id":"groupToStudents/2482142","_from":"groups/2482118","_to":"students/2482102","_rev":"_VKs4fUa---"},{"_key":"2491947","_id":"groupToStudents/2491947","_from":"groups/2491884","_to":"students/2491880","_rev":"_VKuYRCi---"},{"_key":"2857932","_id":"groupToStudents/2857932","_from":"groups/2857900","_to":"students/2857886","_rev":"_VMmcef6---"},{"_key":"2496436","_id":"groupToStudents/2496436","_from":"groups/2496416","_to":"students/2496402","_rev":"_VKu5m3W---"},{"_key":"2863525","_id":"groupToStudents/2863525","_from":"groups/2863516","_to":"students/2863498","_rev":"_VMnaira---"},{"_key":"2495811","_id":"groupToStudents/2495811","_from":"groups/2495780","_to":"students/2495768","_rev":"_VKu0-yG---"},{"_key":"2493236","_id":"groupToStudents/2493236","_from":"groups/2493227","_to":"students/2493207","_rev":"_VKuhhpW---"},{"_key":"2494044","_id":"groupToStudents/2494044","_from":"groups/2494003","_to":"students/2493993","_rev":"_VKulsb----"},{"_key":"2545595","_id":"groupToStudents/2545595","_from":"groups/2545578","_to":"students/2545564","_rev":"_VK3kLOe---"},{"_key":"2492739","_id":"groupToStudents/2492739","_from":"groups/2492692","_to":"students/2492684","_rev":"_VKuciLm--_"},{"_key":"2492131","_id":"groupToStudents/2492131","_from":"groups/2492090","_to":"students/2492080","_rev":"_VKuZkmi---"},{"_key":"2545587","_id":"groupToStudents/2545587","_from":"groups/2545578","_to":"students/2545560","_rev":"_VK3kLOa---"},{"_key":"2857816","_id":"groupToStudents/2857816","_from":"groups/2857769","_to":"students/2857763","_rev":"_VMmbrUO---"},{"_key":"2857955","_id":"groupToStudents/2857955","_from":"groups/2857900","_to":"students/2857896","_rev":"_VMmcegK--_"},{"_key":"2857928","_id":"groupToStudents/2857928","_from":"groups/2857900","_to":"students/2857890","_rev":"_VMmcef2---"},{"_key":"2483037","_id":"groupToStudents/2483037","_from":"groups/2483004","_to":"students/2482992","_rev":"_VKt-kMm---"},{"_key":"2487265","_id":"groupToStudents/2487265","_from":"groups/2487256","_to":"students/2487236","_rev":"_VKtmnN2---"},{"_key":"2487214","_id":"groupToStudents/2487214","_from":"groups/2487156","_to":"students/2487150","_rev":"_VKtmhqy---"},{"_key":"2493869","_id":"groupToStudents/2493869","_from":"groups/2493844","_to":"students/2493830","_rev":"_VKukoVO---"},{"_key":"2728600","_id":"groupToStudents/2728600","_from":"groups/2481175","_to":"students/2728360","_rev":"_VLYeghC---"},{"_key":"2531296","_id":"groupToStudents/2531296","_from":"groups/2531263","_to":"students/2531253","_rev":"_VK1BEqu---"},{"_key":"2492294","_id":"groupToStudents/2492294","_from":"groups/2492239","_to":"students/2492233","_rev":"_VKuaGNS---"},{"_key":"2845931","_id":"groupToStudents/2845931","_from":"groups/2845922","_to":"students/2845902","_rev":"_VMkhIL----"},{"_key":"2496440","_id":"groupToStudents/2496440","_from":"groups/2496416","_to":"students/2496400","_rev":"_VKu5m3W--_"},{"_key":"2483061","_id":"groupToStudents/2483061","_from":"groups/2483004","_to":"students/2482998","_rev":"_VKt-kPK---"},{"_key":"2487319","_id":"groupToStudents/2487319","_from":"groups/2487256","_to":"students/2487252","_rev":"_VKtmnTO---"},{"_key":"2493714","_id":"groupToStudents/2493714","_from":"groups/2493649","_to":"students/2493645","_rev":"_VKui3vu---"},{"_key":"2486950","_id":"groupToStudents/2486950","_from":"groups/2486903","_to":"students/2486895","_rev":"_VKtkyFm---"},{"_key":"2487281","_id":"groupToStudents/2487281","_from":"groups/2487256","_to":"students/2487242","_rev":"_VKtmnPG--_"},{"_key":"2493666","_id":"groupToStudents/2493666","_from":"groups/2493649","_to":"students/2493633","_rev":"_VKui3qa--A"},{"_key":"2493893","_id":"groupToStudents/2493893","_from":"groups/2493844","_to":"students/2493836","_rev":"_VKukoXi--_"},{"_key":"2531133","_id":"groupToStudents/2531133","_from":"groups/2531084","_to":"students/2531078","_rev":"_VK1_pAa--_"},{"_key":"2493290","_id":"groupToStudents/2493290","_from":"groups/2493227","_to":"students/2493223","_rev":"_VKuhhvu---"},{"_key":"2494620","_id":"groupToStudents/2494620","_from":"groups/2494611","_to":"students/2494591","_rev":"_VKuqsHm---"},{"_key":"2515041","_id":"groupToStudents/2515041","_from":"groups/2515024","_to":"students/2515006","_rev":"_VKyL1-6---"},{"_key":"2494052","_id":"groupToStudents/2494052","_from":"groups/2494003","_to":"students/2493995","_rev":"_VKulscK---"},{"_key":"2486934","_id":"groupToStudents/2486934","_from":"groups/2486903","_to":"students/2486891","_rev":"_VKtkyEW---"},{"_key":"2845977","_id":"groupToStudents/2845977","_from":"groups/2845922","_to":"students/2845916","_rev":"_VMkhIQC---"},{"_key":"2482127","_id":"groupToStudents/2482127","_from":"groups/2482118","_to":"students/2482098","_rev":"_VKs4fTC---"},{"_key":"2531141","_id":"groupToStudents/2531141","_from":"groups/2531084","_to":"students/2531080","_rev":"_VK1_pAe--_"},{"_key":"2495793","_id":"groupToStudents/2495793","_from":"groups/2495780","_to":"students/2495764","_rev":"_VKu0-vu---"},{"_key":"2492715","_id":"groupToStudents/2492715","_from":"groups/2492692","_to":"students/2492678","_rev":"_VKuciJS---"},{"_key":"2482149","_id":"groupToStudents/2482149","_from":"groups/2482118","_to":"students/2482106","_rev":"_VKs4fVq---"},{"_key":"2494674","_id":"groupToStudents/2494674","_from":"groups/2494611","_to":"students/2494607","_rev":"_VKuqsMy---"},{"_key":"2863439","_id":"groupToStudents/2863439","_from":"groups/2863406","_to":"students/2863396","_rev":"_VMnaEF----"},{"_key":"2493698","_id":"groupToStudents/2493698","_from":"groups/2493649","_to":"students/2493641","_rev":"_VKui3uW---"},{"_key":"2545627","_id":"groupToStudents/2545627","_from":"groups/2545578","_to":"students/2545572","_rev":"_VK3kLO2---"},{"_key":"2506758","_id":"groupToStudents/2506758","_from":"groups/2506703","_to":"students/2506695","_rev":"_VKwtYCO---"},{"_key":"2492747","_id":"groupToStudents/2492747","_from":"groups/2492692","_to":"students/2492686","_rev":"_VKuciM2---"},{"_key":"2482157","_id":"groupToStudents/2482157","_from":"groups/2482118","_to":"students/2482108","_rev":"_VKs4fW6---"},{"_key":"2863549","_id":"groupToStudents/2863549","_from":"groups/2863516","_to":"students/2863506","_rev":"_VMnairu---"},{"_key":"2482854","_id":"groupToStudents/2482854","_from":"groups/2482841","_to":"students/2482825","_rev":"_VKs9ne2---"},{"_key":"2531441","_id":"groupToStudents/2531441","_from":"groups/2531432","_to":"students/2531414","_rev":"_VK1CjGe---"},{"_key":"2515033","_id":"groupToStudents/2515033","_from":"groups/2515024","_to":"students/2515002","_rev":"_VKyL1-2---"},{"_key":"2515049","_id":"groupToStudents/2515049","_from":"groups/2515024","_to":"students/2515008","_rev":"_VKyL1_---_"},{"_key":"2494060","_id":"groupToStudents/2494060","_from":"groups/2494003","_to":"students/2493997","_rev":"_VKulsdW---"},{"_key":"2482850","_id":"groupToStudents/2482850","_from":"groups/2482841","_to":"students/2482821","_rev":"_VKs9ney---"},{"_key":"2493690","_id":"groupToStudents/2493690","_from":"groups/2493649","_to":"students/2493639","_rev":"_VKui3tK---"},{"_key":"2863463","_id":"groupToStudents/2863463","_from":"groups/2863406","_to":"students/2863402","_rev":"_VMnaEFS---"},{"_key":"2494658","_id":"groupToStudents/2494658","_from":"groups/2494611","_to":"students/2494603","_rev":"_VKuqsLa---"},{"_key":"2482880","_id":"groupToStudents/2482880","_from":"groups/2482841","_to":"students/2482831","_rev":"_VKs9nhW---"},{"_key":"2482872","_id":"groupToStudents/2482872","_from":"groups/2482841","_to":"students/2482829","_rev":"_VKs9nhO---"},{"_key":"2493247","_id":"groupToStudents/2493247","_from":"groups/2493227","_to":"students/2493213","_rev":"_VKuhhqm---"},{"_key":"2493658","_id":"groupToStudents/2493658","_from":"groups/2493649","_to":"students/2493629","_rev":"_VKui3qa---"},{"_key":"2486923","_id":"groupToStudents/2486923","_from":"groups/2486903","_to":"students/2486889","_rev":"_VKtkyC6---"},{"_key":"2483021","_id":"groupToStudents/2483021","_from":"groups/2483004","_to":"students/2482988","_rev":"_VKt-kKC--A"},{"_key":"2492278","_id":"groupToStudents/2492278","_from":"groups/2492239","_to":"students/2492229","_rev":"_VKuaGKu--_"},{"_key":"2482642","_id":"groupToStudents/2482642","_from":"groups/2482601","_to":"students/2482591","_rev":"_VKs7yp----"},{"_key":"2492260","_id":"groupToStudents/2492260","_from":"groups/2492239","_to":"students/2492225","_rev":"_VKuaGJe---"},{"_key":"2531487","_id":"groupToStudents/2531487","_from":"groups/2531432","_to":"students/2531428","_rev":"_VK1CjHW---"},{"_key":"2482896","_id":"groupToStudents/2482896","_from":"groups/2482841","_to":"students/2482835","_rev":"_VKs9njy---"},{"_key":"2492256","_id":"groupToStudents/2492256","_from":"groups/2492239","_to":"students/2492223","_rev":"_VKuaGIO--A"},{"_key":"2863565","_id":"groupToStudents/2863565","_from":"groups/2863516","_to":"students/2863510","_rev":"_VMnair6---"},{"_key":"2531471","_id":"groupToStudents/2531471","_from":"groups/2531432","_to":"students/2531424","_rev":"_VK1CjG6---"},{"_key":"2486966","_id":"groupToStudents/2486966","_from":"groups/2486903","_to":"students/2486899","_rev":"_VKtkyH2---"},{"_key":"2492099","_id":"groupToStudents/2492099","_from":"groups/2492090","_to":"students/2492070","_rev":"_VKuZkj2---"},{"_key":"2486927","_id":"groupToStudents/2486927","_from":"groups/2486903","_to":"students/2486887","_rev":"_VKtkyC6--_"},{"_key":"2491908","_id":"groupToStudents/2491908","_from":"groups/2491884","_to":"students/2491868","_rev":"_VKuYQ9q---"},{"_key":"2483053","_id":"groupToStudents/2483053","_from":"groups/2483004","_to":"students/2482996","_rev":"_VKt-kO----"},{"_key":"2487169","_id":"groupToStudents/2487169","_from":"groups/2487156","_to":"students/2487140","_rev":"_VKtmhlm--_"},{"_key":"2486958","_id":"groupToStudents/2486958","_from":"groups/2486903","_to":"students/2486897","_rev":"_VKtkyGy---"},{"_key":"2493282","_id":"groupToStudents/2493282","_from":"groups/2493227","_to":"students/2493221","_rev":"_VKuhhum---"},{"_key":"2495789","_id":"groupToStudents/2495789","_from":"groups/2495780","_to":"students/2495760","_rev":"_VKu0-vq---"},{"_key":"2506750","_id":"groupToStudents/2506750","_from":"groups/2506703","_to":"students/2506693","_rev":"_VKwtYCG--_"},{"_key":"2487165","_id":"groupToStudents/2487165","_from":"groups/2487156","_to":"students/2487136","_rev":"_VKtmhlm---"},{"_key":"2496455","_id":"groupToStudents/2496455","_from":"groups/2496416","_to":"students/2496406","_rev":"_VKu5m5u---"},{"_key":"2482634","_id":"groupToStudents/2482634","_from":"groups/2482601","_to":"students/2482589","_rev":"_VKs7yo6---"},{"_key":"2494642","_id":"groupToStudents/2494642","_from":"groups/2494611","_to":"students/2494599","_rev":"_VKuqsKG---"},{"_key":"2483029","_id":"groupToStudents/2483029","_from":"groups/2483004","_to":"students/2482990","_rev":"_VKt-kLS--_"},{"_key":"2515065","_id":"groupToStudents/2515065","_from":"groups/2515024","_to":"students/2515012","_rev":"_VKyL1_S--A"},{"_key":"2531109","_id":"groupToStudents/2531109","_from":"groups/2531084","_to":"students/2531072","_rev":"_VK1_pAK---"},{"_key":"2493706","_id":"groupToStudents/2493706","_from":"groups/2493649","_to":"students/2493643","_rev":"_VKui3ve---"},{"_key":"2492302","_id":"groupToStudents/2492302","_from":"groups/2492239","_to":"students/2492235","_rev":"_VKuaGNm--_"},{"_key":"2845946","_id":"groupToStudents/2845946","_from":"groups/2845922","_to":"students/2845906","_rev":"_VMkhIMa---"},{"_key":"2845961","_id":"groupToStudents/2845961","_from":"groups/2845922","_to":"students/2845912","_rev":"_VMkhIOu---"},{"_key":"2545619","_id":"groupToStudents/2545619","_from":"groups/2545578","_to":"students/2545570","_rev":"_VK3kLOy---"},{"_key":"2492270","_id":"groupToStudents/2492270","_from":"groups/2492239","_to":"students/2492227","_rev":"_VKuaGKq---"},{"_key":"2493901","_id":"groupToStudents/2493901","_from":"groups/2493844","_to":"students/2493838","_rev":"_VKukoYy---"},{"_key":"2857824","_id":"groupToStudents/2857824","_from":"groups/2857769","_to":"students/2857765","_rev":"_VMmbrUS--_"},{"_key":"2492248","_id":"groupToStudents/2492248","_from":"groups/2492239","_to":"students/2492219","_rev":"_VKuaGIO---"},{"_key":"2493274","_id":"groupToStudents/2493274","_from":"groups/2493227","_to":"students/2493219","_rev":"_VKuhhti---"},{"_key":"2494634","_id":"groupToStudents/2494634","_from":"groups/2494611","_to":"students/2494597","_rev":"_VKuqsJ----"},{"_key":"2491923","_id":"groupToStudents/2491923","_from":"groups/2491884","_to":"students/2491874","_rev":"_VKuYRAC---"},{"_key":"2492701","_id":"groupToStudents/2492701","_from":"groups/2492692","_to":"students/2492672","_rev":"_VKuciHy---"},{"_key":"2506742","_id":"groupToStudents/2506742","_from":"groups/2506703","_to":"students/2506691","_rev":"_VKwtYCC---"},{"_key":"2487296","_id":"groupToStudents/2487296","_from":"groups/2487256","_to":"students/2487246","_rev":"_VKtmnQa---"},{"_key":"2515073","_id":"groupToStudents/2515073","_from":"groups/2515024","_to":"students/2515014","_rev":"_VKyL1_W--_"},{"_key":"2493861","_id":"groupToStudents/2493861","_from":"groups/2493844","_to":"students/2493828","_rev":"_VKukoT6---"},{"_key":"2496425","_id":"groupToStudents/2496425","_from":"groups/2496416","_to":"students/2496396","_rev":"_VKu5m2C---"},{"_key":"2857808","_id":"groupToStudents/2857808","_from":"groups/2857769","_to":"students/2857761","_rev":"_VMmbrUG---"},{"_key":"2487187","_id":"groupToStudents/2487187","_from":"groups/2487156","_to":"students/2487144","_rev":"_VKtmhoG---"},{"_key":"2504225","_id":"groupToStudents/2504225","_from":"groups/2504201","_to":"students/2504187","_rev":"_VKwSrLe--A"},{"_key":"2545611","_id":"groupToStudents/2545611","_from":"groups/2545578","_to":"students/2545568","_rev":"_VK3kLOm---"},{"_key":"2493885","_id":"groupToStudents/2493885","_from":"groups/2493844","_to":"students/2493834","_rev":"_VKukoWi---"},{"_key":"2531101","_id":"groupToStudents/2531101","_from":"groups/2531084","_to":"students/2531070","_rev":"_VK1_pAG--_"},{"_key":"2494020","_id":"groupToStudents/2494020","_from":"groups/2494003","_to":"students/2493987","_rev":"_VKulsY---A"},{"_key":"2482173","_id":"groupToStudents/2482173","_from":"groups/2482118","_to":"students/2482112","_rev":"_VKs4fYK---"},{"_key":"2492139","_id":"groupToStudents/2492139","_from":"groups/2492090","_to":"students/2492082","_rev":"_VKuZknu---"},{"_key":"2482618","_id":"groupToStudents/2482618","_from":"groups/2482601","_to":"students/2482585","_rev":"_VKs7yme---"},{"_key":"2545603","_id":"groupToStudents/2545603","_from":"groups/2545578","_to":"students/2545566","_rev":"_VK3kLOi---"},{"_key":"2504210","_id":"groupToStudents/2504210","_from":"groups/2504201","_to":"students/2504183","_rev":"_VKwSrLa---"},{"_key":"2531093","_id":"groupToStudents/2531093","_from":"groups/2531084","_to":"students/2531066","_rev":"_VK1_pAC---"},{"_key":"2863541","_id":"groupToStudents/2863541","_from":"groups/2863516","_to":"students/2863504","_rev":"_VMnairm---"},{"_key":"2492723","_id":"groupToStudents/2492723","_from":"groups/2492692","_to":"students/2492680","_rev":"_VKuciKW---"},{"_key":"2496447","_id":"groupToStudents/2496447","_from":"groups/2496416","_to":"students/2496404","_rev":"_VKu5m4i---"},{"_key":"2515097","_id":"groupToStudents/2515097","_from":"groups/2515024","_to":"students/2515020","_rev":"_VKyL1_e--_"},{"_key":"2496463","_id":"groupToStudents/2496463","_from":"groups/2496416","_to":"students/2496408","_rev":"_VKu5m5y--_"},{"_key":"2487218","_id":"groupToStudents/2487218","_from":"groups/2487156","_to":"students/2487152","_rev":"_VKtmhq2---"},{"_key":"2857947","_id":"groupToStudents/2857947","_from":"groups/2857900","_to":"students/2857894","_rev":"_VMmcegG--A"},{"_key":"2494012","_id":"groupToStudents/2494012","_from":"groups/2494003","_to":"students/2493983","_rev":"_VKulsY----"},{"_key":"2493682","_id":"groupToStudents/2493682","_from":"groups/2493649","_to":"students/2493637","_rev":"_VKui3t----"},{"_key":"2487303","_id":"groupToStudents/2487303","_from":"groups/2487256","_to":"students/2487248","_rev":"_VKtmnRq---"},{"_key":"2531117","_id":"groupToStudents/2531117","_from":"groups/2531084","_to":"students/2531074","_rev":"_VK1_pAO--_"},{"_key":"2857797","_id":"groupToStudents/2857797","_from":"groups/2857769","_to":"students/2857755","_rev":"_VMmbrU----"},{"_key":"2481704","_id":"groupToStudents/2481704","_from":"groups/2481161","_to":"students/2480943","_rev":"_VKs0u3i---"},{"_key":"2531479","_id":"groupToStudents/2531479","_from":"groups/2531432","_to":"students/2531426","_rev":"_VK1CjHO---"},{"_key":"2485482","_id":"groupToStudents/2485482","_from":"groups/2485473","_to":"students/2485453","_rev":"_VKtWqVS---"},{"_key":"2487273","_id":"groupToStudents/2487273","_from":"groups/2487256","_to":"students/2487240","_rev":"_VKtmnN6---"},{"_key":"2531280","_id":"groupToStudents/2531280","_from":"groups/2531263","_to":"students/2531249","_rev":"_VK1BEqa--A"},{"_key":"2495819","_id":"groupToStudents/2495819","_from":"groups/2495780","_to":"students/2495770","_rev":"_VKu0-yO---"},{"_key":"2491893","_id":"groupToStudents/2491893","_from":"groups/2491884","_to":"students/2491864","_rev":"_VKuYQ8K---"},{"_key":"2845942","_id":"groupToStudents/2845942","_from":"groups/2845922","_to":"students/2845908","_rev":"_VMkhIMW---"},{"_key":"2857909","_id":"groupToStudents/2857909","_from":"groups/2857900","_to":"students/2857882","_rev":"_VMmcefe---"},{"_key":"2496471","_id":"groupToStudents/2496471","_from":"groups/2496416","_to":"students/2496410","_rev":"_VKu5m7---_"},{"_key":"2486912","_id":"groupToStudents/2486912","_from":"groups/2486903","_to":"students/2486883","_rev":"_VKtkyBe---"},{"_key":"2495827","_id":"groupToStudents/2495827","_from":"groups/2495780","_to":"students/2495772","_rev":"_VKu0-za--_"},{"_key":"2487203","_id":"groupToStudents/2487203","_from":"groups/2487156","_to":"students/2487148","_rev":"_VKtmhpe---"},{"_key":"2515057","_id":"groupToStudents/2515057","_from":"groups/2515024","_to":"students/2515010","_rev":"_VKyL1_S---"},{"_key":"2531320","_id":"groupToStudents/2531320","_from":"groups/2531263","_to":"students/2531259","_rev":"_VK1BEq2--A"},{"_key":"2482650","_id":"groupToStudents/2482650","_from":"groups/2482601","_to":"students/2482593","_rev":"_VKs7yqK--_"},{"_key":"2863557","_id":"groupToStudents/2863557","_from":"groups/2863516","_to":"students/2863508","_rev":"_VMnair2---"},{"_key":"2845953","_id":"groupToStudents/2845953","_from":"groups/2845922","_to":"students/2845910","_rev":"_VMkhINm---"},{"_key":"2506731","_id":"groupToStudents/2506731","_from":"groups/2506703","_to":"students/2506689","_rev":"_VKwtYB6---"},{"_key":"2482658","_id":"groupToStudents/2482658","_from":"groups/2482601","_to":"students/2482595","_rev":"_VKs7yra---"},{"_key":"2863447","_id":"groupToStudents/2863447","_from":"groups/2863406","_to":"students/2863398","_rev":"_VMnaEFG---"},{"_key":"2494036","_id":"groupToStudents/2494036","_from":"groups/2494003","_to":"students/2493991","_rev":"_VKulsay---"},{"_key":"2482181","_id":"groupToStudents/2482181","_from":"groups/2482118","_to":"students/2482114","_rev":"_VKs4fZW---"},{"_key":"2506735","_id":"groupToStudents/2506735","_from":"groups/2506703","_to":"students/2506685","_rev":"_VKwtYB6--_"},{"_key":"2531125","_id":"groupToStudents/2531125","_from":"groups/2531084","_to":"students/2531076","_rev":"_VK1_pAW--_"},{"_key":"2492155","_id":"groupToStudents/2492155","_from":"groups/2492090","_to":"students/2492086","_rev":"_VKuZkpO--_"},{"_key":"2485512","_id":"groupToStudents/2485512","_from":"groups/2485473","_to":"students/2485463","_rev":"_VKtWqZK---"},{"_key":"2492107","_id":"groupToStudents/2492107","_from":"groups/2492090","_to":"students/2492074","_rev":"_VKuZkj2--A"},{"_key":"2485520","_id":"groupToStudents/2485520","_from":"groups/2485473","_to":"students/2485465","_rev":"_VKtWqZW---"},{"_key":"2491939","_id":"groupToStudents/2491939","_from":"groups/2491884","_to":"students/2491878","_rev":"_VKuYRBe---"},{"_key":"2483069","_id":"groupToStudents/2483069","_from":"groups/2483004","_to":"students/2483000","_rev":"_VKt-kPS---"},{"_key":"2531464","_id":"groupToStudents/2531464","_from":"groups/2531432","_to":"students/2531422","_rev":"_VK1CjGy--_"},{"_key":"2495843","_id":"groupToStudents/2495843","_from":"groups/2495780","_to":"students/2495776","_rev":"_VKu0-0q--A"},{"_key":"2487195","_id":"groupToStudents/2487195","_from":"groups/2487156","_to":"students/2487146","_rev":"_VKtmhoK---"},{"_key":"2487311","_id":"groupToStudents/2487311","_from":"groups/2487256","_to":"students/2487250","_rev":"_VKtmnS6---"},{"_key":"2504240","_id":"groupToStudents/2504240","_from":"groups/2504201","_to":"students/2504193","_rev":"_VKwSrLq---"},{"_key":"2492286","_id":"groupToStudents/2492286","_from":"groups/2492239","_to":"students/2492231","_rev":"_VKuaGMW---"},{"_key":"2487292","_id":"groupToStudents/2487292","_from":"groups/2487256","_to":"students/2487244","_rev":"_VKtmnQW--_"},{"_key":"2492147","_id":"groupToStudents/2492147","_from":"groups/2492090","_to":"students/2492084","_rev":"_VKuZkp----"},{"_key":"2496479","_id":"groupToStudents/2496479","_from":"groups/2496416","_to":"students/2496412","_rev":"_VKu5m8O---"},{"_key":"2482165","_id":"groupToStudents/2482165","_from":"groups/2482118","_to":"students/2482110","_rev":"_VKs4fXG---"},{"_key":"2504248","_id":"groupToStudents/2504248","_from":"groups/2504201","_to":"students/2504195","_rev":"_VKwSrLu---"},{"_key":"2482888","_id":"groupToStudents/2482888","_from":"groups/2482841","_to":"students/2482833","_rev":"_VKs9nim---"},{"_key":"2491931","_id":"groupToStudents/2491931","_from":"groups/2491884","_to":"students/2491876","_rev":"_VKuYRAO---"},{"_key":"2493674","_id":"groupToStudents/2493674","_from":"groups/2493649","_to":"students/2493635","_rev":"_VKui3ru---"},{"_key":"2504232","_id":"groupToStudents/2504232","_from":"groups/2504201","_to":"students/2504191","_rev":"_VKwSrLi--_"},{"_key":"2482610","_id":"groupToStudents/2482610","_from":"groups/2482601","_to":"students/2482581","_rev":"_VKs7yma---"},{"_key":"2495803","_id":"groupToStudents/2495803","_from":"groups/2495780","_to":"students/2495766","_rev":"_VKu0-w6--_"},{"_key":"2857778","_id":"groupToStudents/2857778","_from":"groups/2857769","_to":"students/2857751","_rev":"_VMmbrTu---"},{"_key":"2493258","_id":"groupToStudents/2493258","_from":"groups/2493227","_to":"students/2493215","_rev":"_VKuhhsC---"},{"_key":"2486942","_id":"groupToStudents/2486942","_from":"groups/2486903","_to":"students/2486893","_rev":"_VKtkyFa---"}]