[{"_key":"1885443","_id":"projects/1885443","_rev":"_VJEIcIi--E","url":"http://luke-callahan.com/project-based-lesson-immigration/","minutes":"","topics":["ancestry","immigration","identity","geneology","rights","citizenship","rights","map","research","writing"],"standards":["CCSS.ELA-Literacy.SL.4.1","CCSS.ELA-Literacy.SL.4.2","CCSS.ELA-Literacy.SL.4.4","CCSS.ELA-Literacy.SL.4.5","CCSS.ELA-Literacy.SL.4.6","CCSS.ELA-Literacy.RI.4.1","CCSS.ELA-Literacy.RI.4.2","CCSS.ELA-Literacy.RI.4.3","CCSS.ELA-Literacy.RI.4.4","CCSS.ELA-Literacy.RI.4.7","CCSS.ELA-Literacy.RI.4.9","CCSS.ELA-Literacy.W.4","CCSS.ELA-Literacy.W.5","CCSS.ELA-Literacy.W.6"]},{"_key":"2098270","_id":"projects/2098270","_rev":"_VJgqWrS---","url":"https://www.teacherspayteachers.com/Product/Immigrant-Factory-Workers-Inside-The-Jungle-and-a-Modern-Poultry-Factory-1133419","minutes":"","topics":["The Jungle","Upton Sinclair","immigration","factory","poultry","American literature","World literature","muckraker literature","Realism"],"standards":["CCSS.ELA-Literacy.RL.9-10.1","CCSS.ELA-Literacy.RL.9-10.2","CCSS.ELA-Literacy.RI.9-10.1","CCSS.ELA-Literacy.RI.9-10.2","CCSS.ELA-Literacy.W.9-10.4","CCSS.ELA-Literacy.W.9-10.9","CCSS.ELA-Literacy.W.9-10.10"]},{"_key":"1885427","_id":"projects/1885427","_rev":"_VJEIcHS---","minutes":"450","topics":["immigration","ancestry","family"],"standards":["CCSS.ELA-Literacy.RI.4.3","CCSS.ELA-Literacy.RI.4.6","CCSS.ELA-Literacy.RI.4.9","CCSS.ELA-Literacy.RL.4.10","CCSS.ELA-Literacy.SL.4.1","CCSS.ELA-Literacy.SL.4.1.b","CCSS.ELA-Literacy.SL.4.4","CCSS.ELA-Literacy.W.4.4","CCSS.ELA-Literacy.W.4.5","CCSS.ELA-Literacy.W.4.6","CCSS.ELA-Literacy.W.4.8"],"url":"https://www.nextlesson.org/project_details/family-history-choose-your-own-adventure/850b9bbdd9b247c03e1e1467774901eeb9ed64654e9375a77464b507"},{"_key":"1885449","_id":"projects/1885449","_rev":"_VJEIcIi--H","url":"http://modelsofexcellence.eleducation.org/projects/we-are-oakland-international","minutes":"","topics":["immigration","identity","family","community","geography","writing","story","comic","book","graphic novel","publishing","wiki"],"standards":["CCSS.ELA-Literacy.W.9-10.4","CCSS.ELA-Literacy.W.9-10.5"]},{"_key":"2099144","_id":"projects/2099144","_rev":"_VJgbi1e---","url":"https://www.teacherspayteachers.com/Product/Family-Tree-Research-Project-1021560","minutes":"","topics":["immigration","ancestry","family","tree","identity","culture","Gilded Age","Second Industrial Revolution"],"standards":["CCSS.ELA-Literacy.WHST.9-10.4","CCSS.ELA-Literacy.WHST.9-10.7"]},{"_key":"1885445","_id":"projects/1885445","_rev":"_VJEIcIi--F","url":"http://modelsofexcellence.eleducation.org/projects/access-portland-resource-guide-new-immigrants-and-refugees","minutes":"1800","topics":["refugee","immigration","diversity","tourism","Portland","Maine","city","state","culture"],"standards":["CCSS.ELA-Literacy.W.6.2","CCSS.ELA-Literacy.W.7.2","CCSS.ELA-Literacy.W.7.4","CCSS.ELA-Literacy.L.6.1","CCSS.ELA-Literacy.L.6.2","CCSS.ELA-Literacy.L.6.6","CCSS.ELA-Literacy.L.7.6"]},{"_key":"1885441","_id":"projects/1885441","_rev":"_VJEIcIi--D","url":"http://pdesas.org/ContentWeb/Content/Content/13602/Lesson%20Plan","minutes":"225","topics":["dance","immigration","culture"],"standards":["CCSS.ELA-Literacy.RI.3.1","CCSS.ELA-Literacy.RI.3.2","CCSS.ELA-Literacy.RI.3.3","CCSS.ELA-Literacy.RI.3.10"]},{"_key":"1885431","_id":"projects/1885431","_rev":"_VJI8ixO---","minutes":"","topics":["immigration","ancestry","family","personal","identity","culture","community","society","social influence","cultural influence","documentary","nonfiction","story","narrative"],"standards":["CCSS.ELA-Literacy.RI.9-10.3","CCSS.ELA-Literacy.RI.9-10.4","CCSS.ELA-Literacy.W.9-10.6","CCSS.ELA-Literacy.W.9-10.7","CCSS.ELA-Literacy.SL.9-10.1","CCSS.ELA-Literacy.SL.9-10.1a","CCSS.ELA-Literacy.SL.9-10.1b","CCSS.ELA-Literacy.SL.9-10.1c","CCSS.ELA-Literacy.SL.9-10.1d"],"url":"http://static.educurious.org/docs/EducuriousELAUnitMining.pdf"},{"_key":"1885435","_id":"projects/1885435","_rev":"_VJEIcIi--A","minutes":"1800","topics":["immigration","risk","adventure","entrepreneur","ancestry","family","state","history","identity","documentary","nonfiction","story","biography","writing","persuasion","narrative"],"standards":["CCSS.ELA-Literacy.RI.4.3","CCSS.ELA-Literacy.RI.4.6","CCSS.ELA-Literacy.RI.4.9","CCSS.ELA-Literacy.RI.4.10","CCSS.ELA-Literacy.W.4.8","CCSS.ELA-Literacy.W.4.6","CCSS.ELA-Literacy.W.4.5","CCSS.ELA-Literacy.W.4.4","CCSS.ELA-Literacy.SL.4.4","CCSS.ELA-Literacy.SL.4.1","CCSS.ELA-Literacy.SL.4.1b"],"url":"http://pblu.org/projects/choose-your-own-adventure"},{"_key":"1885447","_id":"projects/1885447","_rev":"_VJEIcIi--G","url":"http://modelsofexcellence.eleducation.org/projects/more-voices-us","minutes":"","topics":["immigration","refugee","culture","writing","interview","book"],"standards":["CCSS.ELA-Literacy.W.8.3","CCSS.ELA-Literacy.W.8.5","CCSS.ELA-Literacy.L.8.1","CCSS.ELA-Literacy.L.8.2","CCSS.ELA-Literacy.L.8.3","CCSS.ELA-Literacy.L.8.6","CCSS.ELA-Literacy.WHST.6-8.5"]},{"_key":"1885433","_id":"projects/1885433","_rev":"_VJEIcIi--_","url":"http://pblu.org/projects/back-in-the-day","minutes":"900","topics":["immigration","ancestry","family","history","identity","documentary","nonfiction","story","research","primary document","oral history","secondary source","tertiary source","interview","narrative"],"standards":["CCSS.ELA-Literacy.W.11-12.2","CCSS.ELA-Literacy.W.11-12.2a","CCSS.ELA-Literacy.W.11-12.2b","CCSS.ELA-Literacy.W.11-12.2c","CCSS.ELA-Literacy.W.11-12.2d","CCSS.ELA-Literacy.W.11-12.2e","CCSS.ELA-Literacy.W.11-12.2f","CCSS.ELA-Literacy.W.11-12.3","CCSS.ELA-Literacy.W.11-12.3a","CCSS.ELA-Literacy.W.11-12.3b","CCSS.ELA-Literacy.W.11-12.3c","CCSS.ELA-Literacy.W.11-12.3d","CCSS.ELA-Literacy.W.11-12.3e","CCSS.ELA-Literacy.W.11-12.4","CCSS.ELA-Literacy.W.11-12.5","CCSS.ELA-Literacy.W.11-12.6","CCSS.ELA-Literacy.W.11-12.7","CCSS.ELA-Literacy.W.11-12.8","CCSS.ELA-Literacy.W.11-12.9"]},{"_key":"1885451","_id":"projects/1885451","_rev":"_VJEIcIi--I","url":"https://www.teacherspayteachers.com/Product/Immigration-Interview-Assignment-2531344","minutes":"","topics":["immigration","identity","family","community","interview","journalism"],"standards":["CCSS.ELA-Literacy.SL.6.4","CCSS.ELA-Literacy.SL.7.4","CCSS.ELA-Literacy.SL.8.4","CCSS.ELA-Literacy.SL.9-10.4","CCSS.ELA-Literacy.SL.11-12.4"]},{"_key":"1885437","_id":"projects/1885437","_rev":"_VJEIcIi--B","url":"http://pblu.org/projects/community-photojournalists","minutes":"900","topics":["identity","culture","sociology","anthropology","photography","audio","writing","documentary","story","journalism","community","history","interview"],"standards":["CCSS.ELA-Literacy.W.5.2","CCSS.ELA-Literacy.W.5.3","CCSS.ELA-Literacy.W.5.4","CCSS.ELA-Literacy.W.5.5","CCSS.ELA-Literacy.W.5.6","CCSS.ELA-Literacy.W.5.7","CCSS.ELA-Literacy.W.5.8","CCSS.ELA-Literacy.W.5.10","CCSS.ELA-Literacy.SL.5.1","CCSS.ELA-Literacy.SL.5.3","CCSS.ELA-Literacy.SL.5.4","CCSS.ELA-Literacy.SL.5.5","CCSS.ELA-Literacy.L.5.1","CCSS.ELA-Literacy.L.5.2","CCSS.ELA-Literacy.L.5.3"]},{"_key":"1885439","_id":"projects/1885439","_rev":"_VJEIcIi--C","url":"https://www.hightechhigh.org/htecv/project/i-am-san-diego/","minutes":"2250","topics":["identity","immigration","ethnicity","Mexican American","Filipino American","Japanese American","Kumeyaay","Spaniard","African American","culture","community","city","san diego","family","ancestry","diversity","activism","segregation","nonfiction"],"standards":["CCSS.ELA-Literacy.RI.3.1","CCSS.ELA-Literacy.RI.3.2","CCSS.ELA-Literacy.RI.3.3","CCSS.ELA-Literacy.RI.3.10"]}]