[{"_key":"2492023","_id":"students/2492023","_rev":"_VKuZVdO---","id":0,"name":"Mary","grade":" 9","focusArea":" Focus Area 1"},{"_key":"2492682","_id":"students/2492682","_rev":"_VKuciDm--C","id":4,"name":"Orla","grade":" 9","focusArea":"Meter"},{"_key":"2482827","_id":"students/2482827","_rev":"_VKs9nay--A","id":2,"name":"Mark","grade":" 8","focusArea":"Advanced Narrative Form"},{"_key":"2494595","_id":"students/2494595","_rev":"_VKuqsDW--_","id":1,"name":"John","grade":" 9","focusArea":"Abolishing Slavery"},{"_key":"2486887","_id":"students/2486887","_rev":"_VKtkx9O---","id":1,"name":"John","grade":" 8","focusArea":"Argument Writing 6"},{"_key":"2492035","_id":"students/2492035","_rev":"_VKuZVdO--D","id":5,"name":"Shiela","grade":" 9","focusArea":" Focus Area 16"},{"_key":"2493128","_id":"students/2493128","_rev":"_VKugqpe--C","id":4,"name":"Orla","grade":" 9","focusArea":" Focus Area 13"},{"_key":"2492195","_id":"students/2492195","_rev":"_VKua-SC--E","id":6,"name":"Liam","grade":" 10","focusArea":" Focus Area 3"},{"_key":"2487056","_id":"students/2487056","_rev":"_VKtmE_K--A","id":2,"name":"Mark","grade":" 8","focusArea":" Focus Area 6"},{"_key":"2495774","_id":"students/2495774","_rev":"_VKu0-rm--E","id":6,"name":"Liam","grade":"9","focusArea":"Meter"},{"_key":"2857757","_id":"students/2857757","_rev":"_VMmbrS2--A","id":2,"name":"test jane","grade":"10","focusArea":"Characterization 10"},{"_key":"2492933","_id":"students/2492933","_rev":"_VKueedK--D","id":5,"name":"Shiela","grade":" 9","focusArea":" Focus Area 16"},{"_key":"2487148","_id":"students/2487148","_rev":"_VKtmheu--D","id":5,"name":"Shiela","grade":" 6","focusArea":"Argument Writing 6"},{"_key":"2857761","_id":"students/2857761","_rev":"_VMmbrS2--C","id":4,"name":"test carl","grade":"10","focusArea":"Characterization 10"},{"_key":"2486893","_id":"students/2486893","_rev":"_VKtkx9O--B","id":4,"name":"Orla","grade":" 8","focusArea":"Argument Writing 6"},{"_key":"2845902","_id":"students/2845902","_rev":"_VMkhIDG---","id":0,"name":"Mary","grade":"9","focusArea":"Abolishing Slavery"},{"_key":"2494196","_id":"students/2494196","_rev":"_VKunbFS--D","id":5,"name":"Shiela","grade":" 9","focusArea":" Focus Area 16"},{"_key":"2495213","_id":"students/2495213","_rev":"_VKuv2TW--D","id":5,"name":"Shiela","grade":" 9","focusArea":" Focus Area 16"},{"_key":"2492983","_id":"students/2492983","_rev":"_VKuevW2--D","id":5,"name":"Shiela","grade":" 9","focusArea":" Focus Area 16"},{"_key":"2482792","_id":"students/2482792","_rev":"_VKs9hNW---","id":0,"name":"Mary","grade":"8","focusArea":" Focus Area 1"},{"_key":"2857886","_id":"students/2857886","_rev":"_VMmceey--_","id":1},{"_key":"2857896","_id":"students/2857896","_rev":"_VMmceey--E","id":6,"name":"test carly","grade":"10","focusArea":"Characterization 10"},{"_key":"2487058","_id":"students/2487058","_rev":"_VKtmE_K--B","id":3,"name":"Janet","grade":" 8","focusArea":" Focus Area 1"},{"_key":"2487136","_id":"students/2487136","_rev":"_VKtmheu---","id":0,"name":"Mary","grade":"6","focusArea":"Argument Writing 6"},{"_key":"2492084","_id":"students/2492084","_rev":"_VKuZkfe--E","id":6,"name":"Liam","grade":" 9","focusArea":"Meter"},{"_key":"2493643","_id":"students/2493643","_rev":"_VKui3mO--E","id":6,"name":"Liam","grade":" 9","focusArea":"Meter"},{"_key":"2531426","_id":"students/2531426","_rev":"_VK1CjDK--D","id":5,"focusArea":"America in the 1950s"},{"_key":"2482992","_id":"students/2482992","_rev":"_VKt-kF2--B","id":3,"name":"Janet","grade":" 8","focusArea":"ANCIENT HEBREWS: Judaism"},{"_key":"2482585","_id":"students/2482585","_rev":"_VKs7yia--_","id":1,"name":"John","grade":" 8","focusArea":"Abolishing Slavery"},{"_key":"2491733","_id":"students/2491733","_rev":"_VKuX_w6--A","id":2,"name":"Mark","grade":" 10","focusArea":" Focus Area 6"},{"_key":"2493535","_id":"students/2493535","_rev":"_VKuiObq--A","id":2,"name":"Mark","grade":" 9","focusArea":" Focus Area 6"},{"_key":"2486834","_id":"students/2486834","_rev":"_VKtkOy2--F","id":7,"name":"Elizabeth","grade":" 8","focusArea":" Focus Area 16"},{"_key":"2482114","_id":"students/2482114","_rev":"_VKs4fMy--F","id":7,"name":"Elizabeth","grade":" 8","focusArea":"ANCIENT HEBREWS: Judaism"},{"_key":"2494188","_id":"students/2494188","_rev":"_VKunbFS--_","id":1,"name":"John","grade":" 9","focusArea":" Focus Area 1"},{"_key":"2492570","_id":"students/2492570","_rev":"_VKubKqq--E","id":6,"name":"Liam","grade":" 9","focusArea":" Focus Area 3"},{"_key":"2482996","_id":"students/2482996","_rev":"_VKt-kF2--D","id":5,"name":"Shiela","grade":" 8","focusArea":"ANCIENT HEBREWS: Judaism"},{"_key":"2487250","_id":"students/2487250","_rev":"_VKtmnJi--E","id":6,"name":"Liam","grade":" 8","focusArea":"Argument Writing 6"},{"_key":"2493635","_id":"students/2493635","_rev":"_VKui3mO--A","id":2,"name":"Mark","grade":" 9","focusArea":"Meter"},{"_key":"2487236","_id":"students/2487236","_rev":"_VKtmnJi---","id":0,"name":"Mary","grade":"8","focusArea":"Argument Writing 6"},{"_key":"2491832","_id":"students/2491832","_rev":"_VKuYJFW--A","id":2,"name":"Mark","grade":" 10","focusArea":" Focus Area 6"},{"_key":"2494192","_id":"students/2494192","_rev":"_VKunbFS--B","id":3,"name":"Janet","grade":" 9","focusArea":" Focus Area 1"},{"_key":"2487529","_id":"students/2487529","_rev":"_VKtoK_m---"},{"_key":"2506685","_id":"students/2506685","_rev":"_VKwtYAG--_","id":1,"focusArea":"Conventions of English 11"},{"_key":"2863504","_id":"students/2863504","_rev":"_VMnaiqG--A","id":2,"name":"test jane","grade":"10","focusArea":"Algebraic Expressions"},{"_key":"2845910","_id":"students/2845910","_rev":"_VMkhIDG--B","id":3,"name":"Janet","grade":"9","focusArea":"Abolishing Slavery"},{"_key":"2491842","_id":"students/2491842","_rev":"_VKuYJFW--F","id":7,"name":"Elizabeth","grade":" 10","focusArea":" Focus Area 16"},{"_key":"2492080","_id":"students/2492080","_rev":"_VKuZkfe--C","id":4,"name":"Orla","grade":" 9","focusArea":"Meter"},{"_key":"2491735","_id":"students/2491735","_rev":"_VKuX_w6--B","id":3,"name":"Janet","grade":" 10","focusArea":" Focus Area 1"},{"_key":"2493836","_id":"students/2493836","_rev":"_VKukoPG--D","id":5,"name":"Shiela","grade":" 9","focusArea":"Advanced Narrative Form"},{"_key":"2493633","_id":"students/2493633","_rev":"_VKui3mO--_","id":1,"name":"John","grade":" 9","focusArea":"Meter"},{"_key":"2487064","_id":"students/2487064","_rev":"_VKtmE_K--E","id":6,"name":"Liam","grade":" 8","focusArea":" Focus Area 3"},{"_key":"2494194","_id":"students/2494194","_rev":"_VKunbFS--C","id":4,"name":"Orla","grade":" 9","focusArea":" Focus Area 13"},{"_key":"2493126","_id":"students/2493126","_rev":"_VKugqpe--B","id":3,"name":"Janet","grade":" 9","focusArea":" Focus Area 1"},{"_key":"2531418","_id":"students/2531418","_rev":"_VK1CjDK--_","id":1,"focusArea":"America in the 1950s"},{"_key":"2492189","_id":"students/2492189","_rev":"_VKua-SC--B","id":3,"name":"Janet","grade":" 10","focusArea":" Focus Area 1"},{"_key":"2493533","_id":"students/2493533","_rev":"_VKuiObq--_","id":1,"name":"John","grade":" 9","focusArea":" Focus Area 1"},{"_key":"2492568","_id":"students/2492568","_rev":"_VKubKqq--D","id":5,"name":"Shiela","grade":" 9","focusArea":" Focus Area 16"},{"_key":"2493219","_id":"students/2493219","_rev":"_VKuhhjq--D","id":5,"name":"Shiela","grade":" 9","focusArea":"Meter"},{"_key":"2491878","_id":"students/2491878","_rev":"_VKuYQ3u--E","id":6,"name":"Liam","grade":" 10","focusArea":"Meter"},{"_key":"2531428","_id":"students/2531428","_rev":"_VK1CjDK--E","id":6,"name":"test carly","grade":"10","focusArea":"America in the 1950s"},{"_key":"2863498","_id":"students/2863498","_rev":"_VMnaiqG---","id":0,"name":"test joe","grade":"10","focusArea":"Algebraic Expressions"},{"_key":"2493539","_id":"students/2493539","_rev":"_VKuiObq--C","id":4,"name":"Orla","grade":" 9","focusArea":" Focus Area 13"},{"_key":"2493995","_id":"students/2493995","_rev":"_VKulsT2--D","id":5,"name":"Shiela","grade":" 9","focusArea":"Accumulated Quantity and Average Value"},{"_key":"2545574","_id":"students/2545574","_rev":"_VK3kLMq--E","id":6,"name":"test carly","grade":"10","focusArea":"American Imperialism"},{"_key":"2492233","_id":"students/2492233","_rev":"_VKuaGDu--E","id":6,"name":"Liam","grade":" 10","focusArea":"Meter"},{"_key":"2496404","_id":"students/2496404","_rev":"_VKu5mwW--B","id":3,"name":"Janet","grade":"9","focusArea":"Significance Tests"},{"_key":"2487240","_id":"students/2487240","_rev":"_VKtmnJi--_","id":1,"name":"John","grade":" 8","focusArea":"Argument Writing 6"},{"_key":"2493217","_id":"students/2493217","_rev":"_VKuhhjq--C","id":4,"name":"Orla","grade":" 9","focusArea":"Meter"},{"_key":"2482581","_id":"students/2482581","_rev":"_VKs7yia---","id":0,"name":"Mary","grade":"8","focusArea":"Abolishing Slavery"},{"_key":"2487066","_id":"students/2487066","_rev":"_VKtmE_K--F","id":7,"name":"Elizabeth","grade":" 8","focusArea":" Focus Area 16"},{"_key":"2504197","_id":"students/2504197","_rev":"_VKwSrKG--E","id":6,"name":"test carly","grade":"10","focusArea":"Characterization 10"},{"_key":"2482804","_id":"students/2482804","_rev":"_VKs9hNW--D","id":5,"name":"Shiela","grade":" 8","focusArea":" Focus Area 16"},{"_key":"2491868","_id":"students/2491868","_rev":"_VKuYQ3u--_","id":1,"name":"John","grade":" 10","focusArea":"Meter"},{"_key":"2485430","_id":"students/2485430","_rev":"_VKtWiLy--A","id":2,"name":"Mark","grade":" 8","focusArea":" Focus Area 6"},{"_key":"2493595","_id":"students/2493595","_rev":"_VKuiig---F","id":7,"name":"Elizabeth","grade":" 9","focusArea":" Focus Area 16"},{"_key":"2493830","_id":"students/2493830","_rev":"_VKukoPG--A","id":2,"name":"Mark","grade":" 9","focusArea":"Advanced Narrative Form"},{"_key":"2504191","_id":"students/2504191","_rev":"_VKwSrKG--B","id":3},{"_key":"2492684","_id":"students/2492684","_rev":"_VKuciDm--D","id":5,"name":"Shiela","grade":" 9","focusArea":"Meter"},{"_key":"2506693","_id":"students/2506693","_rev":"_VKwtYAG--D","id":5,"focusArea":"Conventions of English 11"},{"_key":"2485438","_id":"students/2485438","_rev":"_VKtWiLy--E","id":6,"name":"Liam","grade":" 8","focusArea":" Focus Area 3"},{"_key":"2485461","_id":"students/2485461","_rev":"_VKtWqQy--B","id":3,"name":"Janet","grade":" 8","focusArea":"Abolishing Slavery"},{"_key":"2487481","_id":"students/2487481","_rev":"_VKtn5La--_","id":1,"name":"John","grade":" 8","focusArea":" Focus Area 1"},{"_key":"2495217","_id":"students/2495217","_rev":"_VKuv2TW--F","id":7,"name":"Elizabeth","grade":" 9","focusArea":" Focus Area 16"},{"_key":"2493591","_id":"students/2493591","_rev":"_VKuiig---D","id":5,"name":"Shiela","grade":" 9","focusArea":" Focus Area 16"},{"_key":"2492846","_id":"students/2492846","_rev":"_VKudtEe--A","id":3,"name":"Janet","grade":" 9","focusArea":" Focus Area 1"},{"_key":"2492937","_id":"students/2492937","_rev":"_VKueedK--F","id":7,"name":"Elizabeth","grade":" 9","focusArea":" Focus Area 16"},{"_key":"2482589","_id":"students/2482589","_rev":"_VKs7yia--B","id":3,"name":"Janet","grade":" 8","focusArea":"Abolishing Slavery"},{"_key":"2545566","_id":"students/2545566","_rev":"_VK3kLMq--A","id":2,"name":"test jane","grade":"10","focusArea":"American Imperialism"},{"_key":"2492027","_id":"students/2492027","_rev":"_VKuZVdO--_","id":1,"name":"John","grade":" 9","focusArea":" Focus Area 1"},{"_key":"2492921","_id":"students/2492921","_rev":"_VKueedK---","id":0,"name":"Mary","grade":" 9","focusArea":" Focus Area 1"},{"_key":"2493983","_id":"students/2493983","_rev":"_VKulsT2---","id":0,"name":"Mary","grade":" 9","focusArea":"Accumulated Quantity and Average Value"},{"_key":"2493221","_id":"students/2493221","_rev":"_VKuhhjq--E","id":6,"name":"Liam","grade":" 9","focusArea":"Meter"},{"_key":"2492854","_id":"students/2492854","_rev":"_VKudtEe--E","id":7,"name":"Elizabeth","grade":" 9","focusArea":" Focus Area 16"},{"_key":"2492929","_id":"students/2492929","_rev":"_VKueedK--B","id":3,"name":"Janet","grade":" 9","focusArea":" Focus Area 1"},{"_key":"2492185","_id":"students/2492185","_rev":"_VKua-SC--_","id":1,"name":"John","grade":" 10","focusArea":" Focus Area 1"},{"_key":"2487062","_id":"students/2487062","_rev":"_VKtmE_K--D","id":5,"name":"Shiela","grade":" 8","focusArea":" Focus Area 16"},{"_key":"2857763","_id":"students/2857763","_rev":"_VMmbrS2--D","id":5},{"_key":"2492235","_id":"students/2492235","_rev":"_VKuaGDu--F","id":7,"name":"Elizabeth","grade":" 10","focusArea":"Meter"},{"_key":"2493589","_id":"students/2493589","_rev":"_VKuiig---C","id":4,"name":"Orla","grade":" 9","focusArea":" Focus Area 13"},{"_key":"2480943","_id":"students/2480943","_rev":"_VLeLERy---","grade":"10","name":"Mary"},{"_key":"2487491","_id":"students/2487491","_rev":"_VKtn5La--E","id":6,"name":"Liam","grade":" 8","focusArea":" Focus Area 3"},{"_key":"2482833","_id":"students/2482833","_rev":"_VKs9nay--D","id":5,"name":"Shiela","grade":" 8","focusArea":"Advanced Narrative Form"},{"_key":"2482593","_id":"students/2482593","_rev":"_VKs7yia--D","id":5,"name":"Shiela","grade":" 8","focusArea":"Abolishing Slavery"},{"_key":"2491864","_id":"students/2491864","_rev":"_VKuYQ3u---","id":0,"name":"Mary","grade":"10","focusArea":"Meter"},{"_key":"2515020","_id":"students/2515020","_rev":"_VKyL1----C","id":8},{"_key":"2495760","_id":"students/2495760","_rev":"_VKu0-rm---","id":0,"name":"Mary","grade":"9","focusArea":"Meter"},{"_key":"2491874","_id":"students/2491874","_rev":"_VKuYQ3u--C","id":4,"name":"Orla","grade":" 10","focusArea":"Meter"},{"_key":"2486899","_id":"students/2486899","_rev":"_VKtkx9O--E","id":7,"name":"Elizabeth","grade":" 8","focusArea":"Argument Writing 6"},{"_key":"2493989","_id":"students/2493989","_rev":"_VKulsT2--A","id":2,"name":"Mark","grade":" 9","focusArea":"Accumulated Quantity and Average Value"},{"_key":"2482798","_id":"students/2482798","_rev":"_VKs9hNW--A","id":2,"name":"Mark","grade":" 8","focusArea":" Focus Area 6"},{"_key":"2495770","_id":"students/2495770","_rev":"_VKu0-rm--C","id":4,"name":"Orla","grade":"9","focusArea":"Meter"},{"_key":"2504195","_id":"students/2504195","_rev":"_VKwSrKG--D","id":5},{"_key":"2531257","_id":"students/2531257","_rev":"_VK1BEqC--D","id":5},{"_key":"2482994","_id":"students/2482994","_rev":"_VKt-kF2--C","id":4,"name":"Orla","grade":" 8","focusArea":"ANCIENT HEBREWS: Judaism"},{"_key":"2487140","_id":"students/2487140","_rev":"_VKtmheu--_","id":1,"name":"John","grade":" 6","focusArea":"Argument Writing 6"},{"_key":"2515010","_id":"students/2515010","_rev":"_VKyL096--B","id":3},{"_key":"2491834","_id":"students/2491834","_rev":"_VKuYJFW--B","id":3,"name":"Janet","grade":" 10","focusArea":" Focus Area 1"},{"_key":"2491741","_id":"students/2491741","_rev":"_VKuX_w6--E","id":6,"name":"Liam","grade":" 10","focusArea":" Focus Area 3"},{"_key":"2531414","_id":"students/2531414","_rev":"_VK1CjDK---","id":0,"name":"test joe","grade":"10","focusArea":"America in the 1950s"},{"_key":"2494200","_id":"students/2494200","_rev":"_VKunbFS--F","id":7,"name":"Elizabeth","grade":" 9","focusArea":" Focus Area 16"},{"_key":"2492935","_id":"students/2492935","_rev":"_VKueedK--E","id":6,"name":"Liam","grade":" 9","focusArea":" Focus Area 3"},{"_key":"2863400","_id":"students/2863400","_rev":"_VMnaEEG--C","id":5},{"_key":"2491836","_id":"students/2491836","_rev":"_VKuYJFW--C","id":4,"name":"Orla","grade":" 10","focusArea":" Focus Area 13"},{"_key":"2493213","_id":"students/2493213","_rev":"_VKuhhjq--A","id":2,"name":"Mark","grade":" 9","focusArea":"Meter"},{"_key":"2492572","_id":"students/2492572","_rev":"_VKubKqq--F","id":7,"name":"Elizabeth","grade":" 9","focusArea":" Focus Area 16"},{"_key":"2494591","_id":"students/2494591","_rev":"_VKuqsDW---","id":0,"name":"Mary","grade":" 9","focusArea":"Abolishing Slavery"},{"_key":"2492979","_id":"students/2492979","_rev":"_VKuevW2--B","id":3,"name":"Janet","grade":" 9","focusArea":" Focus Area 1"},{"_key":"2486895","_id":"students/2486895","_rev":"_VKtkx9O--C","id":5,"name":"Shiela","grade":" 8","focusArea":"Argument Writing 6"},{"_key":"2493991","_id":"students/2493991","_rev":"_VKulsT2--B","id":3,"name":"Janet","grade":" 9","focusArea":"Accumulated Quantity and Average Value"},{"_key":"2863510","_id":"students/2863510","_rev":"_VMnaiqG--D","id":5,"focusArea":"Algebraic Expressions"},{"_key":"2487112","_id":"students/2487112","_rev":"_VKtmTVm--C","id":6,"name":"Liam","grade":" 6","focusArea":" Focus Area 3"},{"_key":"2492852","_id":"students/2492852","_rev":"_VKudtEe--D","id":6,"name":"Liam","grade":" 9","focusArea":" Focus Area 3"},{"_key":"2506699","_id":"students/2506699","_rev":"_VKwtYAG--G","id":8,"focusArea":"Conventions of English 11"},{"_key":"2495211","_id":"students/2495211","_rev":"_VKuv2TW--C","id":4,"name":"Orla","grade":" 9","focusArea":" Focus Area 13"},{"_key":"2494597","_id":"students/2494597","_rev":"_VKuqsDW--A","id":2,"name":"Mark","grade":" 9","focusArea":"Abolishing Slavery"},{"_key":"2485469","_id":"students/2485469","_rev":"_VKtWqQy--F","id":7,"name":"Elizabeth","grade":" 8","focusArea":"Abolishing Slavery"},{"_key":"2487483","_id":"students/2487483","_rev":"_VKtn5La--A","id":2,"name":"Mark","grade":" 8","focusArea":" Focus Area 6"},{"_key":"2491019","_id":"students/2491019","_rev":"_VKuPAiu---"},{"_key":"2491838","_id":"students/2491838","_rev":"_VKuYJFW--D","id":5,"name":"Shiela","grade":" 10","focusArea":" Focus Area 16"},{"_key":"2506681","_id":"students/2506681","_rev":"_VKwtYAG---","id":0,"name":"test joe","grade":"10","focusArea":"Conventions of English 11"},{"_key":"2493124","_id":"students/2493124","_rev":"_VKugqpe--A","id":2,"name":"Mark","grade":" 9","focusArea":" Focus Area 6"},{"_key":"2493840","_id":"students/2493840","_rev":"_VKukoPG--F","id":7,"name":"Elizabeth","grade":" 9","focusArea":"Advanced Narrative Form"},{"_key":"2486883","_id":"students/2486883","_rev":"_VKtkx9K---","id":0,"name":"Mary","grade":"8","focusArea":"Argument Writing 6"},{"_key":"2496402","_id":"students/2496402","_rev":"_VKu5mwW--A","id":2,"name":"Mark","grade":"9","focusArea":"Significance Tests"},{"_key":"2545560","_id":"students/2545560","_rev":"_VK3kLMq---","id":0,"name":"test joe","grade":"10","focusArea":"American Imperialism"},{"_key":"2487144","_id":"students/2487144","_rev":"_VKtmheu--B","id":3,"name":"Janet","grade":" 6","focusArea":"Argument Writing 6"},{"_key":"2495772","_id":"students/2495772","_rev":"_VKu0-rm--D","id":5,"name":"Shiela","grade":"9","focusArea":"Meter"},{"_key":"2485463","_id":"students/2485463","_rev":"_VKtWqQy--C","id":4,"name":"Orla","grade":" 8","focusArea":"Abolishing Slavery"},{"_key":"2492560","_id":"students/2492560","_rev":"_VKubKqq--_","id":1,"name":"John","grade":" 9","focusArea":" Focus Area 1"},{"_key":"2506691","_id":"students/2506691","_rev":"_VKwtYAG--C","id":4,"name":"test carl","grade":"10","focusArea":"Conventions of English 11"},{"_key":"2493223","_id":"students/2493223","_rev":"_VKuhhjq--F","id":7,"name":"Elizabeth","grade":" 9","focusArea":"Meter"},{"_key":"2863502","_id":"students/2863502","_rev":"_VMnaiqG--_","id":1,"focusArea":"Algebraic Expressions"},{"_key":"2492191","_id":"students/2492191","_rev":"_VKua-SC--C","id":4,"name":"Orla","grade":" 10","focusArea":" Focus Area 13"},{"_key":"2495201","_id":"students/2495201","_rev":"_VKuv2TW---","id":0,"name":"Mary","grade":" 9","focusArea":" Focus Area 1"},{"_key":"2491830","_id":"students/2491830","_rev":"_VKuYJFW--_","id":1,"name":"John","grade":" 10","focusArea":" Focus Area 1"},{"_key":"2492231","_id":"students/2492231","_rev":"_VKuaGDu--D","id":5,"name":"Shiela","grade":" 10","focusArea":"Meter"},{"_key":"2728360","_id":"students/2728360","_rev":"_VLZCjg6---","name":"Jamie","grade":"9"},{"_key":"2482104","_id":"students/2482104","_rev":"_VKs4fMy--A","id":2,"name":"Mark","grade":" 8","focusArea":"ANCIENT HEBREWS: Judaism"},{"_key":"2487477","_id":"students/2487477","_rev":"_VKtn5La---","id":0,"name":"Mary","grade":"8","focusArea":" Focus Area 1"},{"_key":"2492070","_id":"students/2492070","_rev":"_VKuZkfe---","id":0,"name":"Mary","grade":" 9","focusArea":"Meter"},{"_key":"2487150","_id":"students/2487150","_rev":"_VKtmheu--E","id":6,"name":"Liam","grade":" 6","focusArea":"Argument Writing 6"},{"_key":"2493122","_id":"students/2493122","_rev":"_VKugqpe--_","id":1,"name":"John","grade":" 9","focusArea":" Focus Area 1"},{"_key":"2493587","_id":"students/2493587","_rev":"_VKuiig---B","id":3,"name":"Janet","grade":" 9","focusArea":" Focus Area 1"},{"_key":"2482825","_id":"students/2482825","_rev":"_VKs9nay--_","id":1,"name":"John","grade":" 8","focusArea":"Advanced Narrative Form"},{"_key":"2482984","_id":"students/2482984","_rev":"_VKt-kF2---","id":0,"name":"Mary","grade":"8","focusArea":"ANCIENT HEBREWS: Judaism"},{"_key":"2493641","_id":"students/2493641","_rev":"_VKui3mO--D","id":5,"name":"Shiela","grade":" 9","focusArea":"Meter"},{"_key":"2486826","_id":"students/2486826","_rev":"_VKtkOy2--B","id":3,"name":"Janet","grade":" 8","focusArea":" Focus Area 1"},{"_key":"2496400","_id":"students/2496400","_rev":"_VKu5mwW--_","id":1,"name":"John","grade":"9","focusArea":"Significance Tests"},{"_key":"2515012","_id":"students/2515012","_rev":"_VKyL1-----","id":4,"name":"test carl","grade":"10","focusArea":"Characterization 10"},{"_key":"2493997","_id":"students/2493997","_rev":"_VKulsT2--E","id":6,"name":"Liam","grade":" 9","focusArea":"Accumulated Quantity and Average Value"},{"_key":"2482098","_id":"students/2482098","_rev":"_VKs4fMy---","id":0,"name":"Mary","grade":"8","focusArea":"ANCIENT HEBREWS: Judaism"},{"_key":"2486824","_id":"students/2486824","_rev":"_VKtkOy2--A","id":2,"name":"Mark","grade":" 8","focusArea":" Focus Area 6"},{"_key":"2491743","_id":"students/2491743","_rev":"_VKuX_w6--F","id":7,"name":"Elizabeth","grade":" 10","focusArea":" Focus Area 16"},{"_key":"2494601","_id":"students/2494601","_rev":"_VKuqsDW--C","id":4,"name":"Orla","grade":" 9","focusArea":"Abolishing Slavery"},{"_key":"2491739","_id":"students/2491739","_rev":"_VKuX_w6--D","id":5,"name":"Shiela","grade":" 10","focusArea":" Focus Area 16"},{"_key":"2496410","_id":"students/2496410","_rev":"_VKu5mwW--E","id":6,"name":"Liam","grade":"9","focusArea":"Significance Tests"},{"_key":"2493645","_id":"students/2493645","_rev":"_VKui3mO--F","id":7,"name":"Elizabeth","grade":" 9","focusArea":"Meter"},{"_key":"2495766","_id":"students/2495766","_rev":"_VKu0-rm--A","id":2,"name":"Mark","grade":"9","focusArea":"Meter"},{"_key":"2491870","_id":"students/2491870","_rev":"_VKuYQ3u--A","id":2,"name":"Mark","grade":" 10","focusArea":"Meter"},{"_key":"2485465","_id":"students/2485465","_rev":"_VKtWqQy--D","id":5,"name":"Shiela","grade":" 8","focusArea":"Abolishing Slavery"},{"_key":"2845914","_id":"students/2845914","_rev":"_VMkhIE2---","id":5,"name":"Shiela","grade":"9","focusArea":"Abolishing Slavery"},{"_key":"2487487","_id":"students/2487487","_rev":"_VKtn5La--C","id":4,"name":"Orla","grade":" 8","focusArea":" Focus Area 13"},{"_key":"2487050","_id":"students/2487050","_rev":"_VKtmE_K---","id":0,"name":"Mary","grade":"8","focusArea":" Focus Area 1"},{"_key":"2493207","_id":"students/2493207","_rev":"_VKuhhjq---","id":0,"name":"Mary","grade":" 9","focusArea":"Meter"},{"_key":"2487098","_id":"students/2487098","_rev":"_VKtmTVi---","id":0,"name":"Mary","grade":"6","focusArea":" Focus Area 1"},{"_key":"2506689","_id":"students/2506689","_rev":"_VKwtYAG--B","id":3,"focusArea":"Conventions of English 11"},{"_key":"2515006","_id":"students/2515006","_rev":"_VKyL096--_","id":1},{"_key":"2492848","_id":"students/2492848","_rev":"_VKudtEe--B","id":4,"name":"Orla","grade":" 9","focusArea":" Focus Area 13"},{"_key":"2486889","_id":"students/2486889","_rev":"_VKtkx9O--_","id":2,"name":"Mark","grade":" 8","focusArea":"Argument Writing 6"},{"_key":"2482298","_id":"students/2482298","_rev":"_VKs6MTm---"},{"_key":"2515018","_id":"students/2515018","_rev":"_VKyL1----B","id":7},{"_key":"2863396","_id":"students/2863396","_rev":"_VMnaEEG--A","id":3},{"_key":"2491880","_id":"students/2491880","_rev":"_VKuYQ3u--F","id":7,"name":"Elizabeth","grade":" 10","focusArea":"Meter"},{"_key":"2496412","_id":"students/2496412","_rev":"_VKu5mwW--F","id":7,"name":"Elizabeth","grade":"9","focusArea":"Significance Tests"},{"_key":"2531255","_id":"students/2531255","_rev":"_VK1BEqC--C","id":4,"name":"test carl","grade":"10","focusArea":"Characterization 10"},{"_key":"2493987","_id":"students/2493987","_rev":"_VKulsT2--_","id":1,"name":"John","grade":" 9","focusArea":"Accumulated Quantity and Average Value"},{"_key":"2545570","_id":"students/2545570","_rev":"_VK3kLMq--C","id":4,"name":"test carl","grade":"10","focusArea":"American Imperialism"},{"_key":"2857892","_id":"students/2857892","_rev":"_VMmceey--C","id":4,"name":"test carl","grade":"10","focusArea":"Characterization 10"},{"_key":"2492686","_id":"students/2492686","_rev":"_VKuciDm--E","id":6,"name":"Liam","grade":" 9","focusArea":"Meter"},{"_key":"2504189","_id":"students/2504189","_rev":"_VKwSrKG--A","id":2,"name":"test jane","grade":"10","focusArea":"Characterization 10"},{"_key":"2493838","_id":"students/2493838","_rev":"_VKukoPG--E","id":6,"name":"Liam","grade":" 9","focusArea":"Advanced Narrative Form"},{"_key":"2492987","_id":"students/2492987","_rev":"_VKuevW2--F","id":7,"name":"Elizabeth","grade":" 9","focusArea":" Focus Area 16"},{"_key":"2485434","_id":"students/2485434","_rev":"_VKtWiLy--C","id":4,"name":"Orla","grade":" 8","focusArea":" Focus Area 13"},{"_key":"2545568","_id":"students/2545568","_rev":"_VK3kLMq--B","id":3,"focusArea":"American Imperialism"},{"_key":"2493541","_id":"students/2493541","_rev":"_VKuiObq--D","id":5,"name":"Shiela","grade":" 9","focusArea":" Focus Area 16"},{"_key":"2480915","_id":"students/2480915","_rev":"_VKswlm6---","grade":"9","name":"John"},{"_key":"2482597","_id":"students/2482597","_rev":"_VKs7yia--F","id":7,"name":"Elizabeth","grade":" 8","focusArea":"Abolishing Slavery"},{"_key":"2491731","_id":"students/2491731","_rev":"_VKuX_w6--_","id":1,"name":"John","grade":" 10","focusArea":" Focus Area 1"},{"_key":"2493529","_id":"students/2493529","_rev":"_VKuiObq---","id":0,"name":"Mary","grade":" 9","focusArea":" Focus Area 1"},{"_key":"2492187","_id":"students/2492187","_rev":"_VKua-SC--A","id":2,"name":"Mark","grade":" 10","focusArea":" Focus Area 6"},{"_key":"2487142","_id":"students/2487142","_rev":"_VKtmheu--A","id":2,"name":"Mark","grade":" 6","focusArea":"Argument Writing 6"},{"_key":"2487489","_id":"students/2487489","_rev":"_VKtn5La--D","id":5,"name":"Shiela","grade":" 8","focusArea":" Focus Area 16"},{"_key":"2492039","_id":"students/2492039","_rev":"_VKuZVdO--F","id":7,"name":"Elizabeth","grade":" 9","focusArea":" Focus Area 16"},{"_key":"2492223","_id":"students/2492223","_rev":"_VKuaGDu--_","id":1,"name":"John","grade":" 10","focusArea":"Meter"},{"_key":"2504187","_id":"students/2504187","_rev":"_VKwSrKG--_","id":1},{"_key":"2486891","_id":"students/2486891","_rev":"_VKtkx9O--A","id":3,"name":"Janet","grade":" 8","focusArea":"Argument Writing 6"},{"_key":"2483000","_id":"students/2483000","_rev":"_VKt-kF2--F","id":7,"name":"Elizabeth","grade":" 8","focusArea":"ANCIENT HEBREWS: Judaism"},{"_key":"2487108","_id":"students/2487108","_rev":"_VKtmTVm--A","id":4,"name":"Orla","grade":" 6","focusArea":" Focus Area 13"},{"_key":"2492031","_id":"students/2492031","_rev":"_VKuZVdO--B","id":3,"name":"Janet","grade":" 9","focusArea":" Focus Area 1"},{"_key":"2531422","_id":"students/2531422","_rev":"_VK1CjDK--B","id":3,"focusArea":"America in the 1950s"},{"_key":"2531253","_id":"students/2531253","_rev":"_VK1BEqC--B","id":3},{"_key":"2482837","_id":"students/2482837","_rev":"_VKs9nay--F","id":7,"name":"Elizabeth","grade":" 8","focusArea":"Advanced Narrative Form"},{"_key":"2486818","_id":"students/2486818","_rev":"_VKtkOy2---","id":0,"name":"Mary","grade":"8","focusArea":" Focus Area 1"},{"_key":"2491876","_id":"students/2491876","_rev":"_VKuYQ3u--D","id":5,"name":"Shiela","grade":" 10","focusArea":"Meter"},{"_key":"2482802","_id":"students/2482802","_rev":"_VKs9hNW--C","id":4,"name":"Orla","grade":" 8","focusArea":" Focus Area 13"},{"_key":"2492562","_id":"students/2492562","_rev":"_VKubKqq--A","id":2,"name":"Mark","grade":" 9","focusArea":" Focus Area 6"},{"_key":"2492680","_id":"students/2492680","_rev":"_VKuciDm--B","id":3,"name":"Janet","grade":" 9","focusArea":"Meter"},{"_key":"2845908","_id":"students/2845908","_rev":"_VMkhIDG--A","id":2,"name":"Mark","grade":"9","focusArea":"Abolishing Slavery"},{"_key":"2504183","_id":"students/2504183","_rev":"_VKwSrKG---","id":0,"name":"test joe","grade":"10","focusArea":"Characterization 10"},{"_key":"2863394","_id":"students/2863394","_rev":"_VMnaEEG--_","id":2,"name":"test jane","grade":"10","focusArea":"Characterization 10"},{"_key":"2863508","_id":"students/2863508","_rev":"_VMnaiqG--C","id":4,"name":"test carl","grade":"10","focusArea":"Algebraic Expressions"},{"_key":"2492076","_id":"students/2492076","_rev":"_VKuZkfe--A","id":2,"name":"Mark","grade":" 9","focusArea":"Meter"},{"_key":"2857882","_id":"students/2857882","_rev":"_VMmceey---","id":0,"name":"test joe","grade":"10","focusArea":"Characterization 10"},{"_key":"2845916","_id":"students/2845916","_rev":"_VMkhIE2--_","id":6,"name":"Liam","grade":"9","focusArea":"Abolishing Slavery"},{"_key":"2845918","_id":"students/2845918","_rev":"_VMkhIE2--A","id":7,"name":"Elizabeth","grade":"9","focusArea":"Abolishing Slavery"},{"_key":"2495215","_id":"students/2495215","_rev":"_VKuv2TW--E","id":6,"name":"Liam","grade":" 9","focusArea":" Focus Area 3"},{"_key":"2493999","_id":"students/2493999","_rev":"_VKulsT2--F","id":7,"name":"Elizabeth","grade":" 9","focusArea":"Accumulated Quantity and Average Value"},{"_key":"2515016","_id":"students/2515016","_rev":"_VKyL1----A","id":6,"name":"test carly","grade":"10","focusArea":"Characterization 10"},{"_key":"2545564","_id":"students/2545564","_rev":"_VK3kLMq--_","id":1,"focusArea":"American Imperialism"},{"_key":"2515014","_id":"students/2515014","_rev":"_VKyL1----_","id":5},{"_key":"2482821","_id":"students/2482821","_rev":"_VKs9nay---","id":0,"name":"Mary","grade":"8","focusArea":"Advanced Narrative Form"},{"_key":"2486822","_id":"students/2486822","_rev":"_VKtkOy2--_","id":1,"name":"John","grade":" 8","focusArea":" Focus Area 1"},{"_key":"2531251","_id":"students/2531251","_rev":"_VK1BEqC--A","id":2,"name":"test jane","grade":"10","focusArea":"Characterization 10"},{"_key":"2493134","_id":"students/2493134","_rev":"_VKugqpe--F","id":7,"name":"Elizabeth","grade":" 9","focusArea":" Focus Area 16"},{"_key":"2496396","_id":"students/2496396","_rev":"_VKu5mwW---","id":0,"name":"Mary","grade":"9","focusArea":"Significance Tests"},{"_key":"2863512","_id":"students/2863512","_rev":"_VMnaiqG--E","id":6,"name":"test carly","grade":"10","focusArea":"Algebraic Expressions"},{"_key":"2487493","_id":"students/2487493","_rev":"_VKtn5La--F","id":7,"name":"Elizabeth","grade":" 8","focusArea":" Focus Area 16"},{"_key":"2485432","_id":"students/2485432","_rev":"_VKtWiLy--B","id":3,"name":"Janet","grade":" 8","focusArea":" Focus Area 1"},{"_key":"2531078","_id":"students/2531078","_rev":"_VK1_p_K--D","id":5,"focusArea":"ANCIENT HEBREWS: Judaism"},{"_key":"2487246","_id":"students/2487246","_rev":"_VKtmnJi--C","id":4,"name":"Orla","grade":" 8","focusArea":"Argument Writing 6"},{"_key":"2492985","_id":"students/2492985","_rev":"_VKuevW2--E","id":6,"name":"Liam","grade":" 9","focusArea":" Focus Area 3"},{"_key":"2482110","_id":"students/2482110","_rev":"_VKs4fMy--D","id":5,"name":"Shiela","grade":" 8","focusArea":"ANCIENT HEBREWS: Judaism"},{"_key":"2506695","_id":"students/2506695","_rev":"_VKwtYAG--E","id":6,"name":"test carly","grade":"10","focusArea":"Conventions of English 11"},{"_key":"2492074","_id":"students/2492074","_rev":"_VKuZkfe--_","id":1,"name":"John","grade":" 9","focusArea":"Meter"},{"_key":"2493637","_id":"students/2493637","_rev":"_VKui3mO--B","id":3,"name":"Janet","grade":" 9","focusArea":"Meter"},{"_key":"2493118","_id":"students/2493118","_rev":"_VKugqpe---","id":0,"name":"Mary","grade":" 9","focusArea":" Focus Area 1"},{"_key":"2487248","_id":"students/2487248","_rev":"_VKtmnJi--D","id":5,"name":"Shiela","grade":" 8","focusArea":"Argument Writing 6"},{"_key":"2482829","_id":"students/2482829","_rev":"_VKs9nay--B","id":3,"name":"Janet","grade":" 8","focusArea":"Advanced Narrative Form"},{"_key":"2491840","_id":"students/2491840","_rev":"_VKuYJFW--E","id":6,"name":"Liam","grade":" 10","focusArea":" Focus Area 3"},{"_key":"2487485","_id":"students/2487485","_rev":"_VKtn5La--B","id":3,"name":"Janet","grade":" 8","focusArea":" Focus Area 1"},{"_key":"2487244","_id":"students/2487244","_rev":"_VKtmnJi--B","id":3,"name":"Janet","grade":" 8","focusArea":"Argument Writing 6"},{"_key":"2857759","_id":"students/2857759","_rev":"_VMmbrS2--B","id":3},{"_key":"2485440","_id":"students/2485440","_rev":"_VKtWiLy--F","id":7,"name":"Elizabeth","grade":" 8","focusArea":" Focus Area 16"},{"_key":"2491737","_id":"students/2491737","_rev":"_VKuX_w6--C","id":4,"name":"Orla","grade":" 10","focusArea":" Focus Area 13"},{"_key":"2857888","_id":"students/2857888","_rev":"_VMmceey--A","id":2,"name":"test jane","grade":"10","focusArea":"Characterization 10"},{"_key":"2515002","_id":"students/2515002","_rev":"_VKyL096---","id":0,"name":"test joe","grade":"10","focusArea":"Characterization 10"},{"_key":"2863392","_id":"students/2863392","_rev":"_VMnaEEG---","id":1},{"_key":"2492197","_id":"students/2492197","_rev":"_VKua-SG---","id":7,"name":"Elizabeth","grade":" 10","focusArea":" Focus Area 16"},{"_key":"2487060","_id":"students/2487060","_rev":"_VKtmE_K--C","id":4,"name":"Orla","grade":" 8","focusArea":" Focus Area 13"},{"_key":"2492219","_id":"students/2492219","_rev":"_VKuaGDu---","id":0,"name":"Mary","grade":"10","focusArea":"Meter"},{"_key":"2485428","_id":"students/2485428","_rev":"_VKtWiLy--_","id":1,"name":"John","grade":" 8","focusArea":" Focus Area 1"},{"_key":"2506697","_id":"students/2506697","_rev":"_VKwtYAG--F","id":7,"focusArea":"Conventions of English 11"},{"_key":"2493537","_id":"students/2493537","_rev":"_VKuiObq--B","id":3,"name":"Janet","grade":" 9","focusArea":" Focus Area 1"},{"_key":"2496406","_id":"students/2496406","_rev":"_VKu5mwW--C","id":4,"name":"Orla","grade":"9","focusArea":"Significance Tests"},{"_key":"2493639","_id":"students/2493639","_rev":"_VKui3mO--C","id":4,"name":"Orla","grade":" 9","focusArea":"Meter"},{"_key":"2492844","_id":"students/2492844","_rev":"_VKudtEe--_","id":2,"name":"Mark","grade":" 9","focusArea":" Focus Area 6"},{"_key":"2485459","_id":"students/2485459","_rev":"_VKtWqQy--A","id":2,"name":"Mark","grade":" 8","focusArea":"Abolishing Slavery"},{"_key":"2531076","_id":"students/2531076","_rev":"_VK1_p_K--C","id":4,"name":"test carl","grade":"10","focusArea":"ANCIENT HEBREWS: Judaism"},{"_key":"2493629","_id":"students/2493629","_rev":"_VKui3mO---","id":0,"name":"Mary","grade":" 9","focusArea":"Meter"},{"_key":"2482587","_id":"students/2482587","_rev":"_VKs7yia--A","id":2,"name":"Mark","grade":" 8","focusArea":"Abolishing Slavery"},{"_key":"2531074","_id":"students/2531074","_rev":"_VK1_p_K--B","id":3,"focusArea":"ANCIENT HEBREWS: Judaism"},{"_key":"2493832","_id":"students/2493832","_rev":"_VKukoPG--B","id":3,"name":"Janet","grade":" 9","focusArea":"Advanced Narrative Form"},{"_key":"2492225","_id":"students/2492225","_rev":"_VKuaGDu--A","id":2,"name":"Mark","grade":" 10","focusArea":"Meter"},{"_key":"2482808","_id":"students/2482808","_rev":"_VKs9hNW--F","id":7,"name":"Elizabeth","grade":" 8","focusArea":" Focus Area 16"},{"_key":"2493215","_id":"students/2493215","_rev":"_VKuhhjq--B","id":3,"name":"Janet","grade":" 9","focusArea":"Meter"},{"_key":"2493130","_id":"students/2493130","_rev":"_VKugqpe--D","id":5,"name":"Shiela","grade":" 9","focusArea":" Focus Area 16"},{"_key":"2863388","_id":"students/2863388","_rev":"_VMnaEEC---","id":0,"name":"test joe","grade":"10","focusArea":"Characterization 10"},{"_key":"2531072","_id":"students/2531072","_rev":"_VK1_p_K--A","id":2,"name":"test jane","grade":"10","focusArea":"ANCIENT HEBREWS: Judaism"},{"_key":"2492678","_id":"students/2492678","_rev":"_VKuciDm--A","id":2,"name":"Mark","grade":" 9","focusArea":"Meter"},{"_key":"2492850","_id":"students/2492850","_rev":"_VKudtEe--C","id":5,"name":"Shiela","grade":" 9","focusArea":" Focus Area 16"},{"_key":"2492975","_id":"students/2492975","_rev":"_VKuevW2--_","id":1,"name":"John","grade":" 9","focusArea":" Focus Area 1"},{"_key":"2493132","_id":"students/2493132","_rev":"_VKugqpe--E","id":6,"name":"Liam","grade":" 9","focusArea":" Focus Area 3"},{"_key":"2482112","_id":"students/2482112","_rev":"_VKs4fMy--E","id":6,"name":"Liam","grade":" 8","focusArea":"ANCIENT HEBREWS: Judaism"},{"_key":"2492688","_id":"students/2492688","_rev":"_VKuciDm--F","id":7,"name":"Elizabeth","grade":" 9","focusArea":"Meter"},{"_key":"2495205","_id":"students/2495205","_rev":"_VKuv2TW--_","id":1,"name":"John","grade":" 9","focusArea":" Focus Area 1"},{"_key":"2493211","_id":"students/2493211","_rev":"_VKuhhjq--_","id":1,"name":"John","grade":" 9","focusArea":"Meter"},{"_key":"2487252","_id":"students/2487252","_rev":"_VKtmnJi--F","id":7,"name":"Elizabeth","grade":" 8","focusArea":"Argument Writing 6"},{"_key":"2487146","_id":"students/2487146","_rev":"_VKtmheu--C","id":4,"name":"Orla","grade":" 6","focusArea":"Argument Writing 6"},{"_key":"2863402","_id":"students/2863402","_rev":"_VMnaEEG--D","id":6,"name":"test carly","grade":"10","focusArea":"Characterization 10"},{"_key":"2486897","_id":"students/2486897","_rev":"_VKtkx9O--D","id":6,"name":"Liam","grade":" 8","focusArea":"Argument Writing 6"},{"_key":"2487104","_id":"students/2487104","_rev":"_VKtmTVm---","id":2,"name":"Mark","grade":" 6","focusArea":" Focus Area 6"},{"_key":"2487242","_id":"students/2487242","_rev":"_VKtmnJi--A","id":2,"name":"Mark","grade":" 8","focusArea":"Argument Writing 6"},{"_key":"2863398","_id":"students/2863398","_rev":"_VMnaEEG--B","id":4,"name":"test carl","grade":"10","focusArea":"Characterization 10"},{"_key":"2492927","_id":"students/2492927","_rev":"_VKueedK--A","id":2,"name":"Mark","grade":" 9","focusArea":" Focus Area 6"},{"_key":"2495776","_id":"students/2495776","_rev":"_VKu0-rm--F","id":7,"name":"Elizabeth","grade":"9","focusArea":"Meter"},{"_key":"2487152","_id":"students/2487152","_rev":"_VKtmheu--F","id":7,"name":"Elizabeth","grade":" 6","focusArea":"Argument Writing 6"},{"_key":"2492086","_id":"students/2492086","_rev":"_VKuZkfe--F","id":7,"name":"Elizabeth","grade":" 9","focusArea":"Meter"},{"_key":"2491872","_id":"students/2491872","_rev":"_VKuYQ3u--B","id":3,"name":"Janet","grade":" 10","focusArea":"Meter"},{"_key":"2492029","_id":"students/2492029","_rev":"_VKuZVdO--A","id":2,"name":"Mark","grade":" 9","focusArea":" Focus Area 6"},{"_key":"2531066","_id":"students/2531066","_rev":"_VK1_p_K---","id":0,"name":"test joe","grade":"10","focusArea":"ANCIENT HEBREWS: Judaism"},{"_key":"2857751","_id":"students/2857751","_rev":"_VMmbrS2---","id":0,"name":"test joe","grade":"10","focusArea":"Characterization 10"},{"_key":"2482988","_id":"students/2482988","_rev":"_VKt-kF2--_","id":1,"name":"John","grade":" 8","focusArea":"ANCIENT HEBREWS: Judaism"},{"_key":"2493993","_id":"students/2493993","_rev":"_VKulsT2--C","id":4,"name":"Orla","grade":" 9","focusArea":"Accumulated Quantity and Average Value"},{"_key":"2492971","_id":"students/2492971","_rev":"_VKuevW2---","id":0,"name":"Mary","grade":" 9","focusArea":" Focus Area 1"},{"_key":"2863506","_id":"students/2863506","_rev":"_VMnaiqG--B","id":3,"focusArea":"Algebraic Expressions"},{"_key":"2482998","_id":"students/2482998","_rev":"_VKt-kF2--E","id":6,"name":"Liam","grade":" 8","focusArea":"ANCIENT HEBREWS: Judaism"},{"_key":"2493543","_id":"students/2493543","_rev":"_VKuiObq--E","id":6,"name":"Liam","grade":" 9","focusArea":" Focus Area 3"},{"_key":"2531080","_id":"students/2531080","_rev":"_VK1_p_K--E","id":6,"name":"test carly","grade":"10","focusArea":"ANCIENT HEBREWS: Judaism"},{"_key":"2486832","_id":"students/2486832","_rev":"_VKtkOy2--E","id":6,"name":"Liam","grade":" 8","focusArea":" Focus Area 3"},{"_key":"2492564","_id":"students/2492564","_rev":"_VKubKqq--B","id":3,"name":"Janet","grade":" 9","focusArea":" Focus Area 1"},{"_key":"2531245","_id":"students/2531245","_rev":"_VK1BEqC---","id":0,"name":"test joe","grade":"10","focusArea":"Characterization 10"},{"_key":"2531249","_id":"students/2531249","_rev":"_VK1BEqC--_","id":1},{"_key":"2492082","_id":"students/2492082","_rev":"_VKuZkfe--D","id":5,"name":"Shiela","grade":" 9","focusArea":"Meter"},{"_key":"2494603","_id":"students/2494603","_rev":"_VKuqsDW--D","id":5,"name":"Shiela","grade":" 9","focusArea":"Abolishing Slavery"},{"_key":"2492925","_id":"students/2492925","_rev":"_VKueedK--_","id":1,"name":"John","grade":" 9","focusArea":" Focus Area 1"},{"_key":"2857755","_id":"students/2857755","_rev":"_VMmbrS2--_","id":1},{"_key":"2492227","_id":"students/2492227","_rev":"_VKuaGDu--B","id":3,"name":"Janet","grade":" 10","focusArea":"Meter"},{"_key":"2845906","_id":"students/2845906","_rev":"_VMkhIDG--_","id":1,"name":"John","grade":"9","focusArea":"Abolishing Slavery"},{"_key":"2492676","_id":"students/2492676","_rev":"_VKuciDm--_","id":1,"name":"John","grade":" 9","focusArea":"Meter"},{"_key":"2494607","_id":"students/2494607","_rev":"_VKuqsDW--F","id":7,"name":"Elizabeth","grade":" 9","focusArea":"Abolishing Slavery"},{"_key":"2493579","_id":"students/2493579","_rev":"_VKuiig----","id":0,"name":"Mary","grade":" 9","focusArea":" Focus Area 1"},{"_key":"2494599","_id":"students/2494599","_rev":"_VKuqsDW--B","id":3,"name":"Janet","grade":" 9","focusArea":"Abolishing Slavery"},{"_key":"2545572","_id":"students/2545572","_rev":"_VK3kLMq--D","id":5,"focusArea":"American Imperialism"},{"_key":"2492556","_id":"students/2492556","_rev":"_VKubKqq---","id":0,"name":"Mary","grade":" 9","focusArea":" Focus Area 1"},{"_key":"2485467","_id":"students/2485467","_rev":"_VKtWqQy--E","id":6,"name":"Liam","grade":" 8","focusArea":"Abolishing Slavery"},{"_key":"2492931","_id":"students/2492931","_rev":"_VKueedK--C","id":4,"name":"Orla","grade":" 9","focusArea":" Focus Area 13"},{"_key":"2531424","_id":"students/2531424","_rev":"_VK1CjDK--C","id":4,"name":"test carl","grade":"10","focusArea":"America in the 1950s"},{"_key":"2482102","_id":"students/2482102","_rev":"_VKs4fMy--_","id":1,"name":"John","grade":" 8","focusArea":"ANCIENT HEBREWS: Judaism"},{"_key":"2485424","_id":"students/2485424","_rev":"_VKtWiLy---","id":0,"name":"Mary","grade":"8","focusArea":" Focus Area 1"},{"_key":"2487110","_id":"students/2487110","_rev":"_VKtmTVm--B","id":5,"name":"Shiela","grade":" 6","focusArea":" Focus Area 16"},{"_key":"2495209","_id":"students/2495209","_rev":"_VKuv2TW--B","id":3,"name":"Janet","grade":" 9","focusArea":" Focus Area 1"},{"_key":"2492981","_id":"students/2492981","_rev":"_VKuevW2--C","id":4,"name":"Orla","grade":" 9","focusArea":" Focus Area 13"},{"_key":"2493824","_id":"students/2493824","_rev":"_VKukoPG---","id":0,"name":"Mary","grade":" 9","focusArea":"Advanced Narrative Form"},{"_key":"2494198","_id":"students/2494198","_rev":"_VKunbFS--E","id":6,"name":"Liam","grade":" 9","focusArea":" Focus Area 3"},{"_key":"2482835","_id":"students/2482835","_rev":"_VKs9nay--E","id":6,"name":"Liam","grade":" 8","focusArea":"Advanced Narrative Form"},{"_key":"2482990","_id":"students/2482990","_rev":"_VKt-kF2--A","id":2,"name":"Mark","grade":" 8","focusArea":"ANCIENT HEBREWS: Judaism"},{"_key":"2491826","_id":"students/2491826","_rev":"_VKuYJFW---","id":0,"name":"Mary","grade":"10","focusArea":" Focus Area 1"},{"_key":"2486828","_id":"students/2486828","_rev":"_VKtkOy2--C","id":4,"name":"Orla","grade":" 8","focusArea":" Focus Area 13"},{"_key":"2487054","_id":"students/2487054","_rev":"_VKtmE_K--_","id":1,"name":"John","grade":" 8","focusArea":" Focus Area 1"},{"_key":"2482796","_id":"students/2482796","_rev":"_VKs9hNW--_","id":1,"name":"John","grade":" 8","focusArea":" Focus Area 1"},{"_key":"2857894","_id":"students/2857894","_rev":"_VMmceey--D","id":5},{"_key":"2493828","_id":"students/2493828","_rev":"_VKukoPG--_","id":1,"name":"John","grade":" 9","focusArea":"Advanced Narrative Form"},{"_key":"2531070","_id":"students/2531070","_rev":"_VK1_p_K--_","id":1,"focusArea":"ANCIENT HEBREWS: Judaism"},{"_key":"2485453","_id":"students/2485453","_rev":"_VKtWqQy---","id":0,"name":"Mary","grade":"8","focusArea":"Abolishing Slavery"},{"_key":"2492838","_id":"students/2492838","_rev":"_VKudtEa---","id":0,"name":"Mary","grade":" 9","focusArea":" Focus Area 1"},{"_key":"2494190","_id":"students/2494190","_rev":"_VKunbFS--A","id":2,"name":"Mark","grade":" 9","focusArea":" Focus Area 6"},{"_key":"2492033","_id":"students/2492033","_rev":"_VKuZVdO--C","id":4,"name":"Orla","grade":" 9","focusArea":" Focus Area 13"},{"_key":"2495768","_id":"students/2495768","_rev":"_VKu0-rm--B","id":3,"name":"Janet","grade":"9","focusArea":"Meter"},{"_key":"2482831","_id":"students/2482831","_rev":"_VKs9nay--C","id":4,"name":"Orla","grade":" 8","focusArea":"Advanced Narrative Form"},{"_key":"2491727","_id":"students/2491727","_rev":"_VKuX_w6---","id":0,"name":"Mary","grade":"10","focusArea":" Focus Area 1"},{"_key":"2482800","_id":"students/2482800","_rev":"_VKs9hNW--B","id":3,"name":"Janet","grade":" 8","focusArea":" Focus Area 1"},{"_key":"2495764","_id":"students/2495764","_rev":"_VKu0-rm--_","id":1,"name":"John","grade":"9","focusArea":"Meter"},{"_key":"2492193","_id":"students/2492193","_rev":"_VKua-SC--D","id":5,"name":"Shiela","grade":" 10","focusArea":" Focus Area 16"},{"_key":"2531259","_id":"students/2531259","_rev":"_VK1BEqC--E","id":6,"name":"test carly","grade":"10","focusArea":"Characterization 10"},{"_key":"2492566","_id":"students/2492566","_rev":"_VKubKqq--C","id":4,"name":"Orla","grade":" 9","focusArea":" Focus Area 13"},{"_key":"2492181","_id":"students/2492181","_rev":"_VKua-SC---","id":0,"name":"Mary","grade":"10","focusArea":" Focus Area 1"},{"_key":"2492037","_id":"students/2492037","_rev":"_VKuZVdO--E","id":6,"name":"Liam","grade":" 9","focusArea":" Focus Area 3"},{"_key":"2487102","_id":"students/2487102","_rev":"_VKtmTVi--_","id":1,"name":"John","grade":" 6","focusArea":" Focus Area 1"},{"_key":"2504193","_id":"students/2504193","_rev":"_VKwSrKG--C","id":4,"name":"test carl","grade":"10","focusArea":"Characterization 10"},{"_key":"2492842","_id":"students/2492842","_rev":"_VKudtEe---","id":1,"name":"John","grade":" 9","focusArea":" Focus Area 1"},{"_key":"2857890","_id":"students/2857890","_rev":"_VMmceey--B","id":3},{"_key":"2492672","_id":"students/2492672","_rev":"_VKuciDm---","id":0,"name":"Mary","grade":" 9","focusArea":"Meter"},{"_key":"2482108","_id":"students/2482108","_rev":"_VKs4fMy--C","id":4,"name":"Orla","grade":" 8","focusArea":"ANCIENT HEBREWS: Judaism"},{"_key":"2493593","_id":"students/2493593","_rev":"_VKuiig---E","id":6,"name":"Liam","grade":" 9","focusArea":" Focus Area 3"},{"_key":"2496408","_id":"students/2496408","_rev":"_VKu5mwW--D","id":5,"name":"Shiela","grade":"9","focusArea":"Significance Tests"},{"_key":"2493066","_id":"students/2493066","_rev":"_VKuf3yi---"},{"_key":"2492977","_id":"students/2492977","_rev":"_VKuevW2--A","id":2,"name":"Mark","grade":" 9","focusArea":" Focus Area 6"},{"_key":"2485457","_id":"students/2485457","_rev":"_VKtWqQy--_","id":1,"name":"John","grade":" 8","focusArea":"Abolishing Slavery"},{"_key":"2493583","_id":"students/2493583","_rev":"_VKuiig---_","id":1,"name":"John","grade":" 9","focusArea":" Focus Area 1"},{"_key":"2494605","_id":"students/2494605","_rev":"_VKuqsDW--E","id":6,"name":"Liam","grade":" 9","focusArea":"Abolishing Slavery"},{"_key":"2482806","_id":"students/2482806","_rev":"_VKs9hNW--E","id":6,"name":"Liam","grade":" 8","focusArea":" Focus Area 3"},{"_key":"2857765","_id":"students/2857765","_rev":"_VMmbrS2--E","id":6,"name":"test carly","grade":"10","focusArea":"Characterization 10"},{"_key":"2493585","_id":"students/2493585","_rev":"_VKuiig---A","id":2,"name":"Mark","grade":" 9","focusArea":" Focus Area 6"},{"_key":"2486830","_id":"students/2486830","_rev":"_VKtkOy2--D","id":5,"name":"Shiela","grade":" 8","focusArea":" Focus Area 16"},{"_key":"2494184","_id":"students/2494184","_rev":"_VKunbFS---","id":0,"name":"Mary","grade":" 9","focusArea":" Focus Area 1"},{"_key":"2487114","_id":"students/2487114","_rev":"_VKtmTVm--D","id":7,"name":"Elizabeth","grade":" 6","focusArea":" Focus Area 16"},{"_key":"2493834","_id":"students/2493834","_rev":"_VKukoPG--C","id":4,"name":"Orla","grade":" 9","focusArea":"Advanced Narrative Form"},{"_key":"2485436","_id":"students/2485436","_rev":"_VKtWiLy--D","id":5,"name":"Shiela","grade":" 8","focusArea":" Focus Area 16"},{"_key":"2487106","_id":"students/2487106","_rev":"_VKtmTVm--_","id":3,"name":"Janet","grade":" 6","focusArea":" Focus Area 1"},{"_key":"2845912","_id":"students/2845912","_rev":"_VMkhIDG--C","id":4,"name":"Orla","grade":"9","focusArea":"Abolishing Slavery"},{"_key":"2493545","_id":"students/2493545","_rev":"_VKuiObq--F","id":7,"name":"Elizabeth","grade":" 9","focusArea":" Focus Area 16"},{"_key":"2482595","_id":"students/2482595","_rev":"_VKs7yia--E","id":6,"name":"Liam","grade":" 8","focusArea":"Abolishing Slavery"},{"_key":"2515008","_id":"students/2515008","_rev":"_VKyL096--A","id":2,"name":"test jane","grade":"10","focusArea":"Characterization 10"},{"_key":"2531420","_id":"students/2531420","_rev":"_VK1CjDK--A","id":2,"name":"test jane","grade":"10","focusArea":"America in the 1950s"},{"_key":"2495207","_id":"students/2495207","_rev":"_VKuv2TW--A","id":2,"name":"Mark","grade":" 9","focusArea":" Focus Area 6"},{"_key":"2506687","_id":"students/2506687","_rev":"_VKwtYAG--A","id":2,"name":"test jane","grade":"10","focusArea":"Conventions of English 11"},{"_key":"2482591","_id":"students/2482591","_rev":"_VKs7yia--C","id":4,"name":"Orla","grade":" 8","focusArea":"Abolishing Slavery"},{"_key":"2482106","_id":"students/2482106","_rev":"_VKs4fMy--B","id":3,"name":"Janet","grade":" 8","focusArea":"ANCIENT HEBREWS: Judaism"},{"_key":"2492229","_id":"students/2492229","_rev":"_VKuaGDu--C","id":4,"name":"Orla","grade":" 10","focusArea":"Meter"},{"_key":"2492078","_id":"students/2492078","_rev":"_VKuZkfe--B","id":3,"name":"Janet","grade":" 9","focusArea":"Meter"}]