[{"_key":"2492759","_id":"studentToCurrentFA/2492759","_from":"students/2492688","_to":"focusAreas/1337121","_rev":"_VKuciOS---"},{"_key":"2863561","_id":"studentToCurrentFA/2863561","_from":"students/2863508","_to":"focusAreas/1337799","_rev":"_VMnair2--_"},{"_key":"2531113","_id":"studentToCurrentFA/2531113","_from":"students/2531072","_to":"focusAreas/1337325","_rev":"_VK1_pAO---"},{"_key":"2515045","_id":"studentToCurrentFA/2515045","_from":"students/2515006","_to":"focusAreas/1337169","_rev":"_VKyL1_----"},{"_key":"2496483","_id":"studentToCurrentFA/2496483","_from":"students/2496412","_to":"focusAreas/1338157","_rev":"_VKu5m8O--_"},{"_key":"2531145","_id":"studentToCurrentFA/2531145","_from":"students/2531080","_to":"focusAreas/1337325","_rev":"_VK1_pAi---"},{"_key":"2494056","_id":"studentToCurrentFA/2494056","_from":"students/2493995","_to":"focusAreas/1338113","_rev":"_VKulscO---"},{"_key":"2545591","_id":"studentToCurrentFA/2545591","_from":"students/2545560","_to":"focusAreas/1337561","_rev":"_VK3kLOa--_"},{"_key":"2482145","_id":"studentToCurrentFA/2482145","_from":"students/2482104","_to":"focusAreas/1337325","_rev":"_VKs4fVm---"},{"_key":"2845981","_id":"studentToCurrentFA/2845981","_from":"students/2845916","_to":"focusAreas/1337379","_rev":"_VMkhIQC--_"},{"_key":"2493865","_id":"studentToCurrentFA/2493865","_from":"students/2493828","_to":"focusAreas/1337217","_rev":"_VKukoVG---"},{"_key":"2492712","_id":"studentToCurrentFA/2492712","_from":"students/2492676","_to":"focusAreas/1337121","_rev":"_VKuciJG---"},{"_key":"2487176","_id":"studentToCurrentFA/2487176","_from":"students/2487140","_to":"focusAreas/1337053","_rev":"_VKtmhm2---"},{"_key":"2482177","_id":"studentToCurrentFA/2482177","_from":"students/2482112","_to":"focusAreas/1337325","_rev":"_VKs4fYW---"},{"_key":"2545599","_id":"studentToCurrentFA/2545599","_from":"students/2545564","_to":"focusAreas/1337561","_rev":"_VK3kLOe--_"},{"_key":"2492143","_id":"studentToCurrentFA/2492143","_from":"students/2492082","_to":"focusAreas/1337121","_rev":"_VKuZkn2---"},{"_key":"2482861","_id":"studentToCurrentFA/2482861","_from":"students/2482825","_to":"focusAreas/1337217","_rev":"_VKs9ng----"},{"_key":"2857959","_id":"studentToCurrentFA/2857959","_from":"students/2857896","_to":"focusAreas/1337169","_rev":"_VMmcegK--A"},{"_key":"2492743","_id":"studentToCurrentFA/2492743","_from":"students/2492684","_to":"focusAreas/1337121","_rev":"_VKuciM----"},{"_key":"2494638","_id":"studentToCurrentFA/2494638","_from":"students/2494597","_to":"focusAreas/1337379","_rev":"_VKuqsJC---"},{"_key":"2857828","_id":"studentToCurrentFA/2857828","_from":"students/2857765","_to":"focusAreas/1337169","_rev":"_VMmbrUa---"},{"_key":"2863569","_id":"studentToCurrentFA/2863569","_from":"students/2863510","_to":"focusAreas/1337799","_rev":"_VMnair6--_"},{"_key":"2496451","_id":"studentToCurrentFA/2496451","_from":"students/2496404","_to":"focusAreas/1338157","_rev":"_VKu5m4m---"},{"_key":"2495796","_id":"studentToCurrentFA/2495796","_from":"students/2495760","_to":"focusAreas/1337121","_rev":"_VKu0-vu--_"},{"_key":"2493702","_id":"studentToCurrentFA/2493702","_from":"students/2493641","_to":"focusAreas/1337121","_rev":"_VKui3ue---"},{"_key":"2483025","_id":"studentToCurrentFA/2483025","_from":"students/2482988","_to":"focusAreas/1337325","_rev":"_VKt-kLS---"},{"_key":"2506778","_id":"studentToCurrentFA/2506778","_from":"students/2506699","_to":"focusAreas/1337211","_rev":"_VKwtYCm---"},{"_key":"2487269","_id":"studentToCurrentFA/2487269","_from":"students/2487236","_to":"focusAreas/1337053","_rev":"_VKtmnN2--_"},{"_key":"2487307","_id":"studentToCurrentFA/2487307","_from":"students/2487248","_to":"focusAreas/1337053","_rev":"_VKtmnRq--_"},{"_key":"2496443","_id":"studentToCurrentFA/2496443","_from":"students/2496402","_to":"focusAreas/1338157","_rev":"_VKu5m4e---"},{"_key":"2545623","_id":"studentToCurrentFA/2545623","_from":"students/2545570","_to":"focusAreas/1337561","_rev":"_VK3kLOy--_"},{"_key":"2487199","_id":"studentToCurrentFA/2487199","_from":"students/2487146","_to":"focusAreas/1337053","_rev":"_VKtmhpa---"},{"_key":"2485516","_id":"studentToCurrentFA/2485516","_from":"students/2485463","_to":"focusAreas/1337379","_rev":"_VKtWqZO---"},{"_key":"2492274","_id":"studentToCurrentFA/2492274","_from":"students/2492227","_to":"focusAreas/1337121","_rev":"_VKuaGKu---"},{"_key":"2487277","_id":"studentToCurrentFA/2487277","_from":"students/2487240","_to":"focusAreas/1337053","_rev":"_VKtmnPG---"},{"_key":"2494072","_id":"studentToCurrentFA/2494072","_from":"students/2493999","_to":"focusAreas/1338113","_rev":"_VKulseu---"},{"_key":"2495823","_id":"studentToCurrentFA/2495823","_from":"students/2495770","_to":"focusAreas/1337121","_rev":"_VKu0-za---"},{"_key":"2492127","_id":"studentToCurrentFA/2492127","_from":"students/2492078","_to":"focusAreas/1337121","_rev":"_VKuZkma---"},{"_key":"2494016","_id":"studentToCurrentFA/2494016","_from":"students/2493983","_to":"focusAreas/1338113","_rev":"_VKulsY---_"},{"_key":"2494646","_id":"studentToCurrentFA/2494646","_from":"students/2494599","_to":"focusAreas/1337379","_rev":"_VKuqsKO---"},{"_key":"2486938","_id":"studentToCurrentFA/2486938","_from":"students/2486891","_to":"focusAreas/1337053","_rev":"_VKtkyEa---"},{"_key":"2863435","_id":"studentToCurrentFA/2863435","_from":"students/2863394","_to":"focusAreas/1337169","_rev":"_VMnaEE2---"},{"_key":"2486954","_id":"studentToCurrentFA/2486954","_from":"students/2486895","_to":"focusAreas/1337053","_rev":"_VKtkyGm---"},{"_key":"2863537","_id":"studentToCurrentFA/2863537","_from":"students/2863502","_to":"focusAreas/1337799","_rev":"_VMnairi---"},{"_key":"2531308","_id":"studentToCurrentFA/2531308","_from":"students/2531255","_to":"focusAreas/1337169","_rev":"_VK1BEqy--_"},{"_key":"2515101","_id":"studentToCurrentFA/2515101","_from":"students/2515020","_to":"focusAreas/1337169","_rev":"_VKyL1_m---"},{"_key":"2491911","_id":"studentToCurrentFA/2491911","_from":"students/2491870","_to":"focusAreas/1337121","_rev":"_VKuYR-u---"},{"_key":"2492103","_id":"studentToCurrentFA/2492103","_from":"students/2492070","_to":"focusAreas/1337121","_rev":"_VKuZkj2--_"},{"_key":"2506727","_id":"studentToCurrentFA/2506727","_from":"students/2506687","_to":"focusAreas/1337211","_rev":"_VKwtYBy---"},{"_key":"2485500","_id":"studentToCurrentFA/2485500","_from":"students/2485459","_to":"focusAreas/1337379","_rev":"_VKtWqX6---"},{"_key":"2857820","_id":"studentToCurrentFA/2857820","_from":"students/2857763","_to":"focusAreas/1337169","_rev":"_VMmbrUS---"},{"_key":"2482638","_id":"studentToCurrentFA/2482638","_from":"students/2482589","_to":"focusAreas/1337379","_rev":"_VKs7yo6--_"},{"_key":"2863467","_id":"studentToCurrentFA/2863467","_from":"students/2863402","_to":"focusAreas/1337169","_rev":"_VMnaEFW---"},{"_key":"2491927","_id":"studentToCurrentFA/2491927","_from":"students/2491874","_to":"focusAreas/1337121","_rev":"_VKuYRAG---"},{"_key":"2494670","_id":"studentToCurrentFA/2494670","_from":"students/2494605","_to":"focusAreas/1337379","_rev":"_VKuqsMu---"},{"_key":"2504218","_id":"studentToCurrentFA/2504218","_from":"students/2504187","_to":"focusAreas/1337169","_rev":"_VKwSrLe---"},{"_key":"2482892","_id":"studentToCurrentFA/2482892","_from":"students/2482833","_to":"focusAreas/1337217","_rev":"_VKs9niq---"},{"_key":"2493913","_id":"studentToCurrentFA/2493913","_from":"students/2493840","_to":"focusAreas/1337217","_rev":"_VKukoaK---"},{"_key":"2495831","_id":"studentToCurrentFA/2495831","_from":"students/2495772","_to":"focusAreas/1337121","_rev":"_VKu0-ze---"},{"_key":"2495815","_id":"studentToCurrentFA/2495815","_from":"students/2495768","_to":"focusAreas/1337121","_rev":"_VKu0-yK---"},{"_key":"2486930","_id":"studentToCurrentFA/2486930","_from":"students/2486889","_to":"focusAreas/1337053","_rev":"_VKtkyEO---"},{"_key":"2504236","_id":"studentToCurrentFA/2504236","_from":"students/2504191","_to":"focusAreas/1337169","_rev":"_VKwSrLm---"},{"_key":"2494040","_id":"studentToCurrentFA/2494040","_from":"students/2493991","_to":"focusAreas/1338113","_rev":"_VKulsa6---"},{"_key":"2863577","_id":"studentToCurrentFA/2863577","_from":"students/2863512","_to":"focusAreas/1337799","_rev":"_VMnaisC--_"},{"_key":"2482622","_id":"studentToCurrentFA/2482622","_from":"students/2482585","_to":"focusAreas/1337379","_rev":"_VKs7ynq---"},{"_key":"2482884","_id":"studentToCurrentFA/2482884","_from":"students/2482831","_to":"focusAreas/1337217","_rev":"_VKs9nii---"},{"_key":"2491901","_id":"studentToCurrentFA/2491901","_from":"students/2491868","_to":"focusAreas/1337121","_rev":"_VKuYQ9e---"},{"_key":"2492135","_id":"studentToCurrentFA/2492135","_from":"students/2492080","_to":"focusAreas/1337121","_rev":"_VKuZknq---"},{"_key":"2845949","_id":"studentToCurrentFA/2845949","_from":"students/2845908","_to":"focusAreas/1337379","_rev":"_VMkhINi---"},{"_key":"2857951","_id":"studentToCurrentFA/2857951","_from":"students/2857894","_to":"focusAreas/1337169","_rev":"_VMmcegK---"},{"_key":"2506720","_id":"studentToCurrentFA/2506720","_from":"students/2506685","_to":"focusAreas/1337211","_rev":"_VKwtYBq---"},{"_key":"2531276","_id":"studentToCurrentFA/2531276","_from":"students/2531245","_to":"focusAreas/1337169","_rev":"_VK1BEqa--_"},{"_key":"2531121","_id":"studentToCurrentFA/2531121","_from":"students/2531074","_to":"focusAreas/1337325","_rev":"_VK1_pAW---"},{"_key":"2492252","_id":"studentToCurrentFA/2492252","_from":"students/2492219","_to":"focusAreas/1337121","_rev":"_VKuaGIO--_"},{"_key":"2487315","_id":"studentToCurrentFA/2487315","_from":"students/2487250","_to":"focusAreas/1337053","_rev":"_VKtmnTK---"},{"_key":"2506754","_id":"studentToCurrentFA/2506754","_from":"students/2506693","_to":"focusAreas/1337211","_rev":"_VKwtYCK---"},{"_key":"2491935","_id":"studentToCurrentFA/2491935","_from":"students/2491876","_to":"focusAreas/1337121","_rev":"_VKuYRBS---"},{"_key":"2495807","_id":"studentToCurrentFA/2495807","_from":"students/2495766","_to":"focusAreas/1337121","_rev":"_VKu0-xC---"},{"_key":"2845935","_id":"studentToCurrentFA/2845935","_from":"students/2845902","_to":"focusAreas/1337379","_rev":"_VMkhIL---_"},{"_key":"2491943","_id":"studentToCurrentFA/2491943","_from":"students/2491878","_to":"focusAreas/1337121","_rev":"_VKuYRBm---"},{"_key":"2492282","_id":"studentToCurrentFA/2492282","_from":"students/2492229","_to":"focusAreas/1337121","_rev":"_VKuaGMG---"},{"_key":"2487299","_id":"studentToCurrentFA/2487299","_from":"students/2487246","_to":"focusAreas/1337053","_rev":"_VKtmnRi---"},{"_key":"2845989","_id":"studentToCurrentFA/2845989","_from":"students/2845918","_to":"focusAreas/1337379","_rev":"_VMkhIRO--_"},{"_key":"2482670","_id":"studentToCurrentFA/2482670","_from":"students/2482597","_to":"focusAreas/1337379","_rev":"_VKs7ysu---"},{"_key":"2531129","_id":"studentToCurrentFA/2531129","_from":"students/2531076","_to":"focusAreas/1337325","_rev":"_VK1_pAa---"},{"_key":"2485508","_id":"studentToCurrentFA/2485508","_from":"students/2485461","_to":"focusAreas/1337379","_rev":"_VKtWqYG---"},{"_key":"2857812","_id":"studentToCurrentFA/2857812","_from":"students/2857761","_to":"focusAreas/1337169","_rev":"_VMmbrUK---"},{"_key":"2482857","_id":"studentToCurrentFA/2482857","_from":"students/2482821","_to":"focusAreas/1337217","_rev":"_VKs9ne2--_"},{"_key":"2493718","_id":"studentToCurrentFA/2493718","_from":"students/2493645","_to":"focusAreas/1337121","_rev":"_VKui3wu---"},{"_key":"2483065","_id":"studentToCurrentFA/2483065","_from":"students/2482998","_to":"focusAreas/1337325","_rev":"_VKt-kPK--_"},{"_key":"2482662","_id":"studentToCurrentFA/2482662","_from":"students/2482595","_to":"focusAreas/1337379","_rev":"_VKs7yri---"},{"_key":"2492267","_id":"studentToCurrentFA/2492267","_from":"students/2492225","_to":"focusAreas/1337121","_rev":"_VKuaGJe--A"},{"_key":"2857917","_id":"studentToCurrentFA/2857917","_from":"students/2857886","_to":"focusAreas/1337169","_rev":"_VMmcefi---"},{"_key":"2857786","_id":"studentToCurrentFA/2857786","_from":"students/2857755","_to":"focusAreas/1337169","_rev":"_VMmbrTu--A"},{"_key":"2857943","_id":"studentToCurrentFA/2857943","_from":"students/2857892","_to":"focusAreas/1337169","_rev":"_VMmcegG--_"},{"_key":"2493240","_id":"studentToCurrentFA/2493240","_from":"students/2493207","_to":"focusAreas/1337121","_rev":"_VKuhhpW--_"},{"_key":"2515077","_id":"studentToCurrentFA/2515077","_from":"students/2515014","_to":"focusAreas/1337169","_rev":"_VKyL1_W--A"},{"_key":"2492727","_id":"studentToCurrentFA/2492727","_from":"students/2492680","_to":"focusAreas/1337121","_rev":"_VKuciKe---"},{"_key":"2492735","_id":"studentToCurrentFA/2492735","_from":"students/2492682","_to":"focusAreas/1337121","_rev":"_VKuciLm---"},{"_key":"2493662","_id":"studentToCurrentFA/2493662","_from":"students/2493629","_to":"focusAreas/1337121","_rev":"_VKui3qa--_"},{"_key":"2495800","_id":"studentToCurrentFA/2495800","_from":"students/2495764","_to":"focusAreas/1337121","_rev":"_VKu0-w6---"},{"_key":"2857793","_id":"studentToCurrentFA/2857793","_from":"students/2857757","_to":"focusAreas/1337169","_rev":"_VMmbrT6---"},{"_key":"2494032","_id":"studentToCurrentFA/2494032","_from":"students/2493989","_to":"focusAreas/1338113","_rev":"_VKulsZm--A"},{"_key":"2545631","_id":"studentToCurrentFA/2545631","_from":"students/2545572","_to":"focusAreas/1337561","_rev":"_VK3kLPK---"},{"_key":"2491919","_id":"studentToCurrentFA/2491919","_from":"students/2491872","_to":"focusAreas/1337121","_rev":"_VKuYR-6--_"},{"_key":"2494024","_id":"studentToCurrentFA/2494024","_from":"students/2493987","_to":"focusAreas/1338113","_rev":"_VKulsZm---"},{"_key":"2545639","_id":"studentToCurrentFA/2545639","_from":"students/2545574","_to":"focusAreas/1337561","_rev":"_VK3kLPO--_"},{"_key":"2483041","_id":"studentToCurrentFA/2483041","_from":"students/2482992","_to":"focusAreas/1337325","_rev":"_VKt-kMm--_"},{"_key":"2845965","_id":"studentToCurrentFA/2845965","_from":"students/2845912","_to":"focusAreas/1337379","_rev":"_VMkhIOy---"},{"_key":"2531324","_id":"studentToCurrentFA/2531324","_from":"students/2531259","_to":"focusAreas/1337169","_rev":"_VK1BEq6---"},{"_key":"2531456","_id":"studentToCurrentFA/2531456","_from":"students/2531420","_to":"focusAreas/1337517","_rev":"_VK1CjGu---"},{"_key":"2482900","_id":"studentToCurrentFA/2482900","_from":"students/2482835","_to":"focusAreas/1337217","_rev":"_VKs9nj2---"},{"_key":"2483017","_id":"studentToCurrentFA/2483017","_from":"students/2482984","_to":"focusAreas/1337325","_rev":"_VKt-kKC--_"},{"_key":"2504252","_id":"studentToCurrentFA/2504252","_from":"students/2504195","_to":"focusAreas/1337169","_rev":"_VKwSrLy---"},{"_key":"2504244","_id":"studentToCurrentFA/2504244","_from":"students/2504193","_to":"focusAreas/1337169","_rev":"_VKwSrLq--_"},{"_key":"2483057","_id":"studentToCurrentFA/2483057","_from":"students/2482996","_to":"focusAreas/1337325","_rev":"_VKt-kOC---"},{"_key":"2863443","_id":"studentToCurrentFA/2863443","_from":"students/2863396","_to":"focusAreas/1337169","_rev":"_VMnaEFC---"},{"_key":"2493294","_id":"studentToCurrentFA/2493294","_from":"students/2493223","_to":"focusAreas/1337121","_rev":"_VKuhhvy---"},{"_key":"2857804","_id":"studentToCurrentFA/2857804","_from":"students/2857759","_to":"focusAreas/1337169","_rev":"_VMmbrUC---"},{"_key":"2493262","_id":"studentToCurrentFA/2493262","_from":"students/2493215","_to":"focusAreas/1337121","_rev":"_VKuhhsG---"},{"_key":"2487172","_id":"studentToCurrentFA/2487172","_from":"students/2487136","_to":"focusAreas/1337053","_rev":"_VKtmhlm--A"},{"_key":"2493889","_id":"studentToCurrentFA/2493889","_from":"students/2493834","_to":"focusAreas/1337217","_rev":"_VKukoXi---"},{"_key":"2491951","_id":"studentToCurrentFA/2491951","_from":"students/2491880","_to":"focusAreas/1337121","_rev":"_VKuYRCy---"},{"_key":"2494678","_id":"studentToCurrentFA/2494678","_from":"students/2494607","_to":"focusAreas/1337379","_rev":"_VKuqsN6---"},{"_key":"2482646","_id":"studentToCurrentFA/2482646","_from":"students/2482591","_to":"focusAreas/1337379","_rev":"_VKs7yqK---"},{"_key":"2493278","_id":"studentToCurrentFA/2493278","_from":"students/2493219","_to":"focusAreas/1337121","_rev":"_VKuhhue---"},{"_key":"2487183","_id":"studentToCurrentFA/2487183","_from":"students/2487142","_to":"focusAreas/1337053","_rev":"_VKtmhn----"},{"_key":"2515093","_id":"studentToCurrentFA/2515093","_from":"students/2515018","_to":"focusAreas/1337169","_rev":"_VKyL1_e---"},{"_key":"2863451","_id":"studentToCurrentFA/2863451","_from":"students/2863398","_to":"focusAreas/1337169","_rev":"_VMnaEFK---"},{"_key":"2515037","_id":"studentToCurrentFA/2515037","_from":"students/2515002","_to":"focusAreas/1337169","_rev":"_VKyL1-2--_"},{"_key":"2857782","_id":"studentToCurrentFA/2857782","_from":"students/2857751","_to":"focusAreas/1337169","_rev":"_VMmbrTu--_"},{"_key":"2494662","_id":"studentToCurrentFA/2494662","_from":"students/2494603","_to":"focusAreas/1337379","_rev":"_VKuqsLa--_"},{"_key":"2506716","_id":"studentToCurrentFA/2506716","_from":"students/2506681","_to":"focusAreas/1337211","_rev":"_VKwtYBi--_"},{"_key":"2492290","_id":"studentToCurrentFA/2492290","_from":"students/2492231","_to":"focusAreas/1337121","_rev":"_VKuaGMW--_"},{"_key":"2482876","_id":"studentToCurrentFA/2482876","_from":"students/2482829","_to":"focusAreas/1337217","_rev":"_VKs9nhS---"},{"_key":"2485486","_id":"studentToCurrentFA/2485486","_from":"students/2485453","_to":"focusAreas/1337379","_rev":"_VKtWqVS--_"},{"_key":"2504214","_id":"studentToCurrentFA/2504214","_from":"students/2504183","_to":"focusAreas/1337169","_rev":"_VKwSrLa--_"},{"_key":"2482131","_id":"studentToCurrentFA/2482131","_from":"students/2482098","_to":"focusAreas/1337325","_rev":"_VKs4fTG---"},{"_key":"2515085","_id":"studentToCurrentFA/2515085","_from":"students/2515016","_to":"focusAreas/1337169","_rev":"_VKyL1_a--_"},{"_key":"2496433","_id":"studentToCurrentFA/2496433","_from":"students/2496400","_to":"focusAreas/1338157","_rev":"_VKu5m3S---"},{"_key":"2493873","_id":"studentToCurrentFA/2493873","_from":"students/2493830","_to":"focusAreas/1337217","_rev":"_VKukoVS---"},{"_key":"2506738","_id":"studentToCurrentFA/2506738","_from":"students/2506689","_to":"focusAreas/1337211","_rev":"_VKwtYC----"},{"_key":"2545615","_id":"studentToCurrentFA/2545615","_from":"students/2545568","_to":"focusAreas/1337561","_rev":"_VK3kLOq---"},{"_key":"2863419","_id":"studentToCurrentFA/2863419","_from":"students/2863388","_to":"focusAreas/1337169","_rev":"_VMnaEEm--_"},{"_key":"2494654","_id":"studentToCurrentFA/2494654","_from":"students/2494601","_to":"focusAreas/1337379","_rev":"_VKuqsLW---"},{"_key":"2494631","_id":"studentToCurrentFA/2494631","_from":"students/2494595","_to":"focusAreas/1337379","_rev":"_VKuqsI6---"},{"_key":"2531300","_id":"studentToCurrentFA/2531300","_from":"students/2531253","_to":"focusAreas/1337169","_rev":"_VK1BEqu--_"},{"_key":"2486962","_id":"studentToCurrentFA/2486962","_from":"students/2486897","_to":"focusAreas/1337053","_rev":"_VKtkyGy--_"},{"_key":"2493270","_id":"studentToCurrentFA/2493270","_from":"students/2493217","_to":"focusAreas/1337121","_rev":"_VKuhhta---"},{"_key":"2482654","_id":"studentToCurrentFA/2482654","_from":"students/2482593","_to":"focusAreas/1337379","_rev":"_VKs7yqK--A"},{"_key":"2492298","_id":"studentToCurrentFA/2492298","_from":"students/2492233","_to":"focusAreas/1337121","_rev":"_VKuaGNm---"},{"_key":"2493254","_id":"studentToCurrentFA/2493254","_from":"students/2493213","_to":"focusAreas/1337121","_rev":"_VKuhhs----"},{"_key":"2531449","_id":"studentToCurrentFA/2531449","_from":"students/2531418","_to":"focusAreas/1337517","_rev":"_VK1CjGi---"},{"_key":"2495839","_id":"studentToCurrentFA/2495839","_from":"students/2495774","_to":"focusAreas/1337121","_rev":"_VKu0-0q--_"},{"_key":"2494627","_id":"studentToCurrentFA/2494627","_from":"students/2494591","_to":"focusAreas/1337379","_rev":"_VKuqsHq---"},{"_key":"2486920","_id":"studentToCurrentFA/2486920","_from":"students/2486887","_to":"focusAreas/1337053","_rev":"_VKtkyCy---"},{"_key":"2487207","_id":"studentToCurrentFA/2487207","_from":"students/2487148","_to":"focusAreas/1337053","_rev":"_VKtmhpi---"},{"_key":"2481888","_id":"studentToCurrentFA/2481888","_from":"students/2480943","_to":"focusAreas/1337167","_rev":"_VKs1Ynq---"},{"_key":"2482169","_id":"studentToCurrentFA/2482169","_from":"students/2482110","_to":"focusAreas/1337325","_rev":"_VKs4fYG---"},{"_key":"2492306","_id":"studentToCurrentFA/2492306","_from":"students/2492235","_to":"focusAreas/1337121","_rev":"_VKuaGOe---"},{"_key":"2481902","_id":"studentToCurrentFA/2481902","_from":"students/2480915","_to":"focusAreas/1337121","_rev":"_VKs1h1S---"},{"_key":"2496459","_id":"studentToCurrentFA/2496459","_from":"students/2496406","_to":"focusAreas/1338157","_rev":"_VKu5m5y---"},{"_key":"2483033","_id":"studentToCurrentFA/2483033","_from":"students/2482990","_to":"focusAreas/1337325","_rev":"_VKt-kLW---"},{"_key":"2482868","_id":"studentToCurrentFA/2482868","_from":"students/2482827","_to":"focusAreas/1337217","_rev":"_VKs9ngG--_"},{"_key":"2482908","_id":"studentToCurrentFA/2482908","_from":"students/2482837","_to":"focusAreas/1337217","_rev":"_VKs9nl----"},{"_key":"2515053","_id":"studentToCurrentFA/2515053","_from":"students/2515008","_to":"focusAreas/1337169","_rev":"_VKyL1_O---"},{"_key":"2531475","_id":"studentToCurrentFA/2531475","_from":"students/2531424","_to":"focusAreas/1337517","_rev":"_VK1CjHC---"},{"_key":"2495847","_id":"studentToCurrentFA/2495847","_from":"students/2495776","_to":"focusAreas/1337121","_rev":"_VKu0-12---"},{"_key":"2857913","_id":"studentToCurrentFA/2857913","_from":"students/2857882","_to":"focusAreas/1337169","_rev":"_VMmcefe--_"},{"_key":"2485540","_id":"studentToCurrentFA/2485540","_from":"students/2485469","_to":"focusAreas/1337379","_rev":"_VKtWqby---"},{"_key":"2506746","_id":"studentToCurrentFA/2506746","_from":"students/2506691","_to":"focusAreas/1337211","_rev":"_VKwtYCG---"},{"_key":"2482630","_id":"studentToCurrentFA/2482630","_from":"students/2482587","_to":"focusAreas/1337379","_rev":"_VKs7ynu---"},{"_key":"2493286","_id":"studentToCurrentFA/2493286","_from":"students/2493221","_to":"focusAreas/1337121","_rev":"_VKuhhuu---"},{"_key":"2486916","_id":"studentToCurrentFA/2486916","_from":"students/2486883","_to":"focusAreas/1337053","_rev":"_VKtkyBi---"},{"_key":"2492751","_id":"studentToCurrentFA/2492751","_from":"students/2492686","_to":"focusAreas/1337121","_rev":"_VKuciM2--_"},{"_key":"2487289","_id":"studentToCurrentFA/2487289","_from":"students/2487244","_to":"focusAreas/1337053","_rev":"_VKtmnQW---"},{"_key":"2493881","_id":"studentToCurrentFA/2493881","_from":"students/2493832","_to":"focusAreas/1337217","_rev":"_VKukoWa---"},{"_key":"2531316","_id":"studentToCurrentFA/2531316","_from":"students/2531257","_to":"focusAreas/1337169","_rev":"_VK1BEq2--_"},{"_key":"2531097","_id":"studentToCurrentFA/2531097","_from":"students/2531066","_to":"focusAreas/1337325","_rev":"_VK1_pAG---"},{"_key":"2496467","_id":"studentToCurrentFA/2496467","_from":"students/2496408","_to":"focusAreas/1338157","_rev":"_VKu5m7----"},{"_key":"2483049","_id":"studentToCurrentFA/2483049","_from":"students/2482994","_to":"focusAreas/1337325","_rev":"_VKt-kN6---"},{"_key":"2845939","_id":"studentToCurrentFA/2845939","_from":"students/2845906","_to":"focusAreas/1337379","_rev":"_VMkhIMS---"},{"_key":"2487211","_id":"studentToCurrentFA/2487211","_from":"students/2487150","_to":"focusAreas/1337053","_rev":"_VKtmhqu---"},{"_key":"2545607","_id":"studentToCurrentFA/2545607","_from":"students/2545566","_to":"focusAreas/1337561","_rev":"_VK3kLOi--_"},{"_key":"2506770","_id":"studentToCurrentFA/2506770","_from":"students/2506697","_to":"focusAreas/1337211","_rev":"_VKwtYCa---"},{"_key":"2487285","_id":"studentToCurrentFA/2487285","_from":"students/2487242","_to":"focusAreas/1337053","_rev":"_VKtmnPK---"},{"_key":"2486946","_id":"studentToCurrentFA/2486946","_from":"students/2486893","_to":"focusAreas/1337053","_rev":"_VKtkyFi---"},{"_key":"2504228","_id":"studentToCurrentFA/2504228","_from":"students/2504189","_to":"focusAreas/1337169","_rev":"_VKwSrLi---"},{"_key":"2863529","_id":"studentToCurrentFA/2863529","_from":"students/2863498","_to":"focusAreas/1337799","_rev":"_VMnaira--_"},{"_key":"2506762","_id":"studentToCurrentFA/2506762","_from":"students/2506695","_to":"focusAreas/1337211","_rev":"_VKwtYCO--_"},{"_key":"2857924","_id":"studentToCurrentFA/2857924","_from":"students/2857888","_to":"focusAreas/1337169","_rev":"_VMmcefy---"},{"_key":"2863459","_id":"studentToCurrentFA/2863459","_from":"students/2863400","_to":"focusAreas/1337169","_rev":"_VMnaEFO---"},{"_key":"2493670","_id":"studentToCurrentFA/2493670","_from":"students/2493633","_to":"focusAreas/1337121","_rev":"_VKui3rq---"},{"_key":"2482135","_id":"studentToCurrentFA/2482135","_from":"students/2482102","_to":"focusAreas/1337325","_rev":"_VKs4fUS---"},{"_key":"2493897","_id":"studentToCurrentFA/2493897","_from":"students/2493836","_to":"focusAreas/1337217","_rev":"_VKukoXu---"},{"_key":"2531467","_id":"studentToCurrentFA/2531467","_from":"students/2531422","_to":"focusAreas/1337517","_rev":"_VK1CjG2---"},{"_key":"2494048","_id":"studentToCurrentFA/2494048","_from":"students/2493993","_to":"focusAreas/1338113","_rev":"_VKulscG---"},{"_key":"2492708","_id":"studentToCurrentFA/2492708","_from":"students/2492672","_to":"focusAreas/1337121","_rev":"_VKuciH2--_"},{"_key":"2531483","_id":"studentToCurrentFA/2531483","_from":"students/2531426","_to":"focusAreas/1337517","_rev":"_VK1CjHS---"},{"_key":"2487191","_id":"studentToCurrentFA/2487191","_from":"students/2487144","_to":"focusAreas/1337053","_rev":"_VKtmhoG--_"},{"_key":"2863545","_id":"studentToCurrentFA/2863545","_from":"students/2863504","_to":"focusAreas/1337799","_rev":"_VMnairq---"},{"_key":"2482185","_id":"studentToCurrentFA/2482185","_from":"students/2482114","_to":"focusAreas/1337325","_rev":"_VKs4fZa---"},{"_key":"2857935","_id":"studentToCurrentFA/2857935","_from":"students/2857890","_to":"focusAreas/1337169","_rev":"_VMmcef6--_"},{"_key":"2494064","_id":"studentToCurrentFA/2494064","_from":"students/2493997","_to":"focusAreas/1338113","_rev":"_VKulsda---"},{"_key":"2496429","_id":"studentToCurrentFA/2496429","_from":"students/2496396","_to":"focusAreas/1338157","_rev":"_VKu5m2C--_"},{"_key":"2491897","_id":"studentToCurrentFA/2491897","_from":"students/2491864","_to":"focusAreas/1337121","_rev":"_VKuYQ8O---"},{"_key":"2492159","_id":"studentToCurrentFA/2492159","_from":"students/2492086","_to":"focusAreas/1337121","_rev":"_VKuZkqO---"},{"_key":"2531105","_id":"studentToCurrentFA/2531105","_from":"students/2531070","_to":"focusAreas/1337325","_rev":"_VK1_pAG--A"},{"_key":"2492119","_id":"studentToCurrentFA/2492119","_from":"students/2492076","_to":"focusAreas/1337121","_rev":"_VKuZklW---"},{"_key":"2492263","_id":"studentToCurrentFA/2492263","_from":"students/2492223","_to":"focusAreas/1337121","_rev":"_VKuaGJe--_"},{"_key":"2493678","_id":"studentToCurrentFA/2493678","_from":"students/2493635","_to":"focusAreas/1337121","_rev":"_VKui3r2---"},{"_key":"2492151","_id":"studentToCurrentFA/2492151","_from":"students/2492084","_to":"focusAreas/1337121","_rev":"_VKuZkpO---"},{"_key":"2493694","_id":"studentToCurrentFA/2493694","_from":"students/2493639","_to":"focusAreas/1337121","_rev":"_VKui3uS---"},{"_key":"2515069","_id":"studentToCurrentFA/2515069","_from":"students/2515012","_to":"focusAreas/1337169","_rev":"_VKyL1_W---"},{"_key":"2493857","_id":"studentToCurrentFA/2493857","_from":"students/2493824","_to":"focusAreas/1337217","_rev":"_VKukoT2--_"},{"_key":"2845973","_id":"studentToCurrentFA/2845973","_from":"students/2845914","_to":"focusAreas/1337379","_rev":"_VMkhIQ----"},{"_key":"2482614","_id":"studentToCurrentFA/2482614","_from":"students/2482581","_to":"focusAreas/1337379","_rev":"_VKs7yma--_"},{"_key":"2531137","_id":"studentToCurrentFA/2531137","_from":"students/2531078","_to":"focusAreas/1337325","_rev":"_VK1_pAe---"},{"_key":"2487323","_id":"studentToCurrentFA/2487323","_from":"students/2487252","_to":"focusAreas/1337053","_rev":"_VKtmnUG---"},{"_key":"2492111","_id":"studentToCurrentFA/2492111","_from":"students/2492074","_to":"focusAreas/1337121","_rev":"_VKuZklG---"},{"_key":"2493244","_id":"studentToCurrentFA/2493244","_from":"students/2493211","_to":"focusAreas/1337121","_rev":"_VKuhhqi---"},{"_key":"2487221","_id":"studentToCurrentFA/2487221","_from":"students/2487152","_to":"focusAreas/1337053","_rev":"_VKtmhs----"},{"_key":"2493686","_id":"studentToCurrentFA/2493686","_from":"students/2493637","_to":"focusAreas/1337121","_rev":"_VKui3tC---"},{"_key":"2493905","_id":"studentToCurrentFA/2493905","_from":"students/2493838","_to":"focusAreas/1337217","_rev":"_VKukoY6---"},{"_key":"2485524","_id":"studentToCurrentFA/2485524","_from":"students/2485465","_to":"focusAreas/1337379","_rev":"_VKtWqaa---"},{"_key":"2485532","_id":"studentToCurrentFA/2485532","_from":"students/2485467","_to":"focusAreas/1337379","_rev":"_VKtWqau---"},{"_key":"2504260","_id":"studentToCurrentFA/2504260","_from":"students/2504197","_to":"focusAreas/1337169","_rev":"_VKwSrLy--A"},{"_key":"2531284","_id":"studentToCurrentFA/2531284","_from":"students/2531249","_to":"focusAreas/1337169","_rev":"_VK1BEqe---"},{"_key":"2531292","_id":"studentToCurrentFA/2531292","_from":"students/2531251","_to":"focusAreas/1337169","_rev":"_VK1BEqe--A"},{"_key":"2483073","_id":"studentToCurrentFA/2483073","_from":"students/2483000","_to":"focusAreas/1337325","_rev":"_VKt-kQW---"},{"_key":"2485490","_id":"studentToCurrentFA/2485490","_from":"students/2485457","_to":"focusAreas/1337379","_rev":"_VKtWqWi---"},{"_key":"2845957","_id":"studentToCurrentFA/2845957","_from":"students/2845910","_to":"focusAreas/1337379","_rev":"_VMkhINq---"},{"_key":"2531491","_id":"studentToCurrentFA/2531491","_from":"students/2531428","_to":"focusAreas/1337517","_rev":"_VK1CjHW--_"},{"_key":"2496475","_id":"studentToCurrentFA/2496475","_from":"students/2496410","_to":"focusAreas/1338157","_rev":"_VKu5m7---A"},{"_key":"2863427","_id":"studentToCurrentFA/2863427","_from":"students/2863392","_to":"focusAreas/1337169","_rev":"_VMnaEEu---"},{"_key":"2486970","_id":"studentToCurrentFA/2486970","_from":"students/2486899","_to":"focusAreas/1337053","_rev":"_VKtkyI----"},{"_key":"2493710","_id":"studentToCurrentFA/2493710","_from":"students/2493643","_to":"focusAreas/1337121","_rev":"_VKui3vi---"},{"_key":"2863553","_id":"studentToCurrentFA/2863553","_from":"students/2863506","_to":"focusAreas/1337799","_rev":"_VMnairy---"},{"_key":"2482153","_id":"studentToCurrentFA/2482153","_from":"students/2482106","_to":"focusAreas/1337325","_rev":"_VKs4fVy---"},{"_key":"2482161","_id":"studentToCurrentFA/2482161","_from":"students/2482108","_to":"focusAreas/1337325","_rev":"_VKs4fXC---"},{"_key":"2531445","_id":"studentToCurrentFA/2531445","_from":"students/2531414","_to":"focusAreas/1337517","_rev":"_VK1CjGe--_"},{"_key":"2515061","_id":"studentToCurrentFA/2515061","_from":"students/2515010","_to":"focusAreas/1337169","_rev":"_VKyL1_S--_"},{"_key":"2492719","_id":"studentToCurrentFA/2492719","_from":"students/2492678","_to":"focusAreas/1337121","_rev":"_VKuciJa---"}]