[{"_key":"2531436","_id":"teacherToGroups/2531436","_from":"teachers/2479769","_to":"groups/2531432","_rev":"_VK1CjFe---"},{"_key":"2531089","_id":"teacherToGroups/2531089","_from":"teachers/2479769","_to":"groups/2531084","_rev":"_VK1_p_6---"},{"_key":"2515029","_id":"teacherToGroups/2515029","_from":"teachers/2479769","_to":"groups/2515024","_rev":"_VKyL1-u---"},{"_key":"2845926","_id":"teacherToGroups/2845926","_from":"teachers/2479769","_to":"groups/2845922","_rev":"_VMkhIIK---"},{"_key":"2863521","_id":"teacherToGroups/2863521","_from":"teachers/2479769","_to":"groups/2863516","_rev":"_VMnairO---"},{"_key":"2504205","_id":"teacherToGroups/2504205","_from":"teachers/2479769","_to":"groups/2504201","_rev":"_VKwSrL----"},{"_key":"2481484","_id":"teacherToGroups/2481484","_from":"teachers/2479769","_to":"groups/2481175","_rev":"_VKs0ILq---"},{"_key":"2545583","_id":"teacherToGroups/2545583","_from":"teachers/2479769","_to":"groups/2545578","_rev":"_VK3kLO----"},{"_key":"2857773","_id":"teacherToGroups/2857773","_from":"teachers/2479769","_to":"groups/2857769","_rev":"_VMmbrTO---"},{"_key":"2863411","_id":"teacherToGroups/2863411","_from":"teachers/2479769","_to":"groups/2863406","_rev":"_VMnaEEa---"},{"_key":"2506707","_id":"teacherToGroups/2506707","_from":"teachers/2479769","_to":"groups/2506703","_rev":"_VKwtYB----"},{"_key":"2481470","_id":"teacherToGroups/2481470","_from":"teachers/2479769","_to":"groups/2481161","_rev":"_VKsz9em---"},{"_key":"2496420","_id":"teacherToGroups/2496420","_from":"teachers/2479769","_to":"groups/2496416","_rev":"_VKu5mzO---"},{"_key":"2857904","_id":"teacherToGroups/2857904","_from":"teachers/2479769","_to":"groups/2857900","_rev":"_VMmcefG---"},{"_key":"2531268","_id":"teacherToGroups/2531268","_from":"teachers/2479769","_to":"groups/2531263","_rev":"_VK1BEqS---"},{"_key":"2495784","_id":"teacherToGroups/2495784","_from":"teachers/2479769","_to":"groups/2495780","_rev":"_VKu0-uS---"}]