[{"_key":"1647103","_id":"thenFocusOn/1647103","_from":"focusAreas/1337255","_to":"focusAreas/1337257","_rev":"_VIenR3a--_","orderType":"course"},{"_key":"1647249","_id":"thenFocusOn/1647249","_from":"focusAreas/1337679","_to":"focusAreas/1337709","_rev":"_VIeoH4O--_","orderType":"grade"},{"_key":"1646319","_id":"thenFocusOn/1646319","_from":"focusAreas/1338159","_to":"focusAreas/1338161","_rev":"_VIenRv----","orderType":"course"},{"_key":"1646155","_id":"thenFocusOn/1646155","_from":"focusAreas/1337733","_to":"focusAreas/1337735","_rev":"_VIenRta--_","orderType":"course"},{"_key":"1646925","_id":"thenFocusOn/1646925","_from":"focusAreas/1337907","_to":"focusAreas/1337909","_rev":"_VIenR1u--_","orderType":"course"},{"_key":"1646837","_id":"thenFocusOn/1646837","_from":"focusAreas/1337407","_to":"focusAreas/1337409","_rev":"_VIenR06--_","orderType":"course"},{"_key":"1646415","_id":"thenFocusOn/1646415","_from":"focusAreas/1337777","_to":"focusAreas/1337779","_rev":"_VIenRv2--_","orderType":"course"},{"_key":"1646731","_id":"thenFocusOn/1646731","_from":"focusAreas/1337905","_to":"focusAreas/1337907","_rev":"_VIenRz6--_","orderType":"course"},{"_key":"1646949","_id":"thenFocusOn/1646949","_from":"focusAreas/1337211","_to":"focusAreas/1337213","_rev":"_VIenR2----","orderType":"course"},{"_key":"1647269","_id":"thenFocusOn/1647269","_from":"focusAreas/1337867","_to":"focusAreas/1337869","_rev":"_VIeoH4S---","orderType":"grade"},{"_key":"1646769","_id":"thenFocusOn/1646769","_from":"focusAreas/1337583","_to":"focusAreas/1337585","_rev":"_VIenR0S--_","orderType":"course"},{"_key":"1646623","_id":"thenFocusOn/1646623","_from":"focusAreas/1337427","_to":"focusAreas/1337429","_rev":"_VIenRxy--_","orderType":"course"},{"_key":"1647097","_id":"thenFocusOn/1647097","_from":"focusAreas/1337295","_to":"focusAreas/1337297","_rev":"_VIenR3W--A","orderType":"course"},{"_key":"1646239","_id":"thenFocusOn/1646239","_from":"focusAreas/1337383","_to":"focusAreas/1337385","_rev":"_VIenRuO---","orderType":"course"},{"_key":"1647129","_id":"thenFocusOn/1647129","_from":"focusAreas/1337233","_to":"focusAreas/1337235","_rev":"_VIenR3q---","orderType":"course"},{"_key":"1647293","_id":"thenFocusOn/1647293","_from":"focusAreas/1337361","_to":"focusAreas/1337363","_rev":"_VIeoH4S--K","orderType":"grade"},{"_key":"1646865","_id":"thenFocusOn/1646865","_from":"focusAreas/1337793","_to":"focusAreas/1337795","_rev":"_VIenR1K--_","orderType":"course"},{"_key":"1646655","_id":"thenFocusOn/1646655","_from":"focusAreas/1337293","_to":"focusAreas/1337295","_rev":"_VIenRyG--A","orderType":"course"},{"_key":"1646225","_id":"thenFocusOn/1646225","_from":"focusAreas/1337379","_to":"focusAreas/1337381","_rev":"_VIenRuC--A","orderType":"course"},{"_key":"1646559","_id":"thenFocusOn/1646559","_from":"focusAreas/1337849","_to":"focusAreas/1337851","_rev":"_VIenRxK--A","orderType":"course"},{"_key":"1646893","_id":"thenFocusOn/1646893","_from":"focusAreas/1337161","_to":"focusAreas/1337163","_rev":"_VIenR1a--A","orderType":"course"},{"_key":"1646851","_id":"thenFocusOn/1646851","_from":"focusAreas/1337039","_to":"focusAreas/1337041","_rev":"_VIenR1C--_","orderType":"course"},{"_key":"1646275","_id":"thenFocusOn/1646275","_from":"focusAreas/1337559","_to":"focusAreas/1337561","_rev":"_VIenRui--_","orderType":"course"},{"_key":"1646305","_id":"thenFocusOn/1646305","_from":"focusAreas/1337495","_to":"focusAreas/1337497","_rev":"_VIenRuy--A","orderType":"course"},{"_key":"1646701","_id":"thenFocusOn/1646701","_from":"focusAreas/1337705","_to":"focusAreas/1337707","_rev":"_VIenRzq---","orderType":"course"},{"_key":"1646385","_id":"thenFocusOn/1646385","_from":"focusAreas/1337033","_to":"focusAreas/1337037","_rev":"_VIenRvi--B","orderType":"course"},{"_key":"1646161","_id":"thenFocusOn/1646161","_from":"focusAreas/1337111","_to":"focusAreas/1337113","_rev":"_VIenRte--_","orderType":"course"},{"_key":"1646165","_id":"thenFocusOn/1646165","_from":"focusAreas/1337965","_to":"focusAreas/1337967","_rev":"_VIenRte--B","orderType":"course"},{"_key":"1646489","_id":"thenFocusOn/1646489","_from":"focusAreas/1337363","_to":"focusAreas/1337365","_rev":"_VIenRwi---","orderType":"course"},{"_key":"1646795","_id":"thenFocusOn/1646795","_from":"focusAreas/1337743","_to":"focusAreas/1337745","_rev":"_VIenR0i---","orderType":"course"},{"_key":"1646431","_id":"thenFocusOn/1646431","_from":"focusAreas/1337465","_to":"focusAreas/1337467","_rev":"_VIenRw---A","orderType":"course"},{"_key":"1646891","_id":"thenFocusOn/1646891","_from":"focusAreas/1337703","_to":"focusAreas/1337705","_rev":"_VIenR1a--_","orderType":"course"},{"_key":"1646579","_id":"thenFocusOn/1646579","_from":"focusAreas/1337813","_to":"focusAreas/1337815","_rev":"_VIenRxW--A","orderType":"course"},{"_key":"1646887","_id":"thenFocusOn/1646887","_from":"focusAreas/1337975","_to":"focusAreas/1337977","_rev":"_VIenR1W--A","orderType":"course"},{"_key":"1646803","_id":"thenFocusOn/1646803","_from":"focusAreas/1337651","_to":"focusAreas/1337653","_rev":"_VIenR0m--_","orderType":"course"},{"_key":"1646577","_id":"thenFocusOn/1646577","_from":"focusAreas/1337515","_to":"focusAreas/1337517","_rev":"_VIenRxW--_","orderType":"course"},{"_key":"1646345","_id":"thenFocusOn/1646345","_from":"focusAreas/1337725","_to":"focusAreas/1337727","_rev":"_VIenRvK--B","orderType":"course"},{"_key":"1646293","_id":"thenFocusOn/1646293","_from":"focusAreas/1337631","_to":"focusAreas/1337633","_rev":"_VIenRuu---","orderType":"course"},{"_key":"1646681","_id":"thenFocusOn/1646681","_from":"focusAreas/1337037","_to":"focusAreas/1337039","_rev":"_VIenRza--B","orderType":"course"},{"_key":"1646845","_id":"thenFocusOn/1646845","_from":"focusAreas/1337973","_to":"focusAreas/1337975","_rev":"_VIenR1---A","orderType":"course"},{"_key":"1647245","_id":"thenFocusOn/1647245","_from":"focusAreas/1337567","_to":"focusAreas/1337569","_rev":"_VIeoH4O---","orderType":"grade"},{"_key":"1646937","_id":"thenFocusOn/1646937","_from":"focusAreas/1337771","_to":"focusAreas/1337773","_rev":"_VIenR12--_","orderType":"course"},{"_key":"1646379","_id":"thenFocusOn/1646379","_from":"focusAreas/1337877","_to":"focusAreas/1337879","_rev":"_VIenRvi---","orderType":"course"},{"_key":"1647109","_id":"thenFocusOn/1647109","_from":"focusAreas/1337527","_to":"focusAreas/1337529","_rev":"_VIenR3e--_","orderType":"course"},{"_key":"1646331","_id":"thenFocusOn/1646331","_from":"focusAreas/1337075","_to":"focusAreas/1337077","_rev":"_VIenRvG---","orderType":"course"},{"_key":"1647049","_id":"thenFocusOn/1647049","_from":"focusAreas/1338129","_to":"focusAreas/1338131","_rev":"_VIenR26--_","orderType":"course"},{"_key":"1646733","_id":"thenFocusOn/1646733","_from":"focusAreas/1337477","_to":"focusAreas/1337479","_rev":"_VIenR0----","orderType":"course"},{"_key":"1646685","_id":"thenFocusOn/1646685","_from":"focusAreas/1337201","_to":"focusAreas/1337203","_rev":"_VIenRze--_","orderType":"course"},{"_key":"1646827","_id":"thenFocusOn/1646827","_from":"focusAreas/1337475","_to":"focusAreas/1337477","_rev":"_VIenR02---","orderType":"course"},{"_key":"1646879","_id":"thenFocusOn/1646879","_from":"focusAreas/1337519","_to":"focusAreas/1337521","_rev":"_VIenR1S--A","orderType":"course"},{"_key":"1646993","_id":"thenFocusOn/1646993","_from":"focusAreas/1337881","_to":"focusAreas/1337883","_rev":"_VIenR2W--_","orderType":"course"},{"_key":"1647259","_id":"thenFocusOn/1647259","_from":"focusAreas/1337647","_to":"focusAreas/1337649","_rev":"_VIeoH4O--E","orderType":"grade"},{"_key":"1646187","_id":"thenFocusOn/1646187","_from":"focusAreas/1337701","_to":"focusAreas/1337703","_rev":"_VIenRtu---","orderType":"course"},{"_key":"1646505","_id":"thenFocusOn/1646505","_from":"focusAreas/1337817","_to":"focusAreas/1337819","_rev":"_VIenRwq--B","orderType":"course"},{"_key":"1647105","_id":"thenFocusOn/1647105","_from":"focusAreas/1337079","_to":"focusAreas/1337081","_rev":"_VIenR3a--A","orderType":"course"},{"_key":"1646477","_id":"thenFocusOn/1646477","_from":"focusAreas/1337981","_to":"focusAreas/1337983","_rev":"_VIenRwa--_","orderType":"course"},{"_key":"1646203","_id":"thenFocusOn/1646203","_from":"focusAreas/1337767","_to":"focusAreas/1337769","_rev":"_VIenRt2--A","orderType":"course"},{"_key":"1647159","_id":"thenFocusOn/1647159","_from":"focusAreas/1337747","_to":"focusAreas/1337749","_rev":"_VIenR36--A","orderType":"course"},{"_key":"1646963","_id":"thenFocusOn/1646963","_from":"focusAreas/1337287","_to":"focusAreas/1337289","_rev":"_VIenR2G---","orderType":"course"},{"_key":"1647147","_id":"thenFocusOn/1647147","_from":"focusAreas/1337417","_to":"focusAreas/1337419","_rev":"_VIenR3y--A","orderType":"course"},{"_key":"1646677","_id":"thenFocusOn/1646677","_from":"focusAreas/1337897","_to":"focusAreas/1337899","_rev":"_VIenRza--_","orderType":"course"},{"_key":"1647287","_id":"thenFocusOn/1647287","_from":"focusAreas/1337065","_to":"focusAreas/1337067","_rev":"_VIeoH4S--H","orderType":"grade"},{"_key":"1646483","_id":"thenFocusOn/1646483","_from":"focusAreas/1337413","_to":"focusAreas/1337415","_rev":"_VIenRwe---","orderType":"course"},{"_key":"1646983","_id":"thenFocusOn/1646983","_from":"focusAreas/1337979","_to":"focusAreas/1337981","_rev":"_VIenR2O--B","orderType":"course"},{"_key":"1646615","_id":"thenFocusOn/1646615","_from":"focusAreas/1337945","_to":"focusAreas/1337947","_rev":"_VIenRxu---","orderType":"course"},{"_key":"1647185","_id":"thenFocusOn/1647185","_from":"focusAreas/1337753","_to":"focusAreas/1337755","_rev":"_VIenR4K--B","orderType":"course"},{"_key":"1646397","_id":"thenFocusOn/1646397","_from":"focusAreas/1337963","_to":"focusAreas/1337965","_rev":"_VIenRvq--A","orderType":"course"},{"_key":"1646117","_id":"thenFocusOn/1646117","_from":"focusAreas/1337121","_to":"focusAreas/1337123","_rev":"_VIenRt----","orderType":"course"},{"_key":"1646399","_id":"thenFocusOn/1646399","_from":"focusAreas/1337083","_to":"focusAreas/1337085","_rev":"_VIenRvu---","orderType":"course"},{"_key":"1647037","_id":"thenFocusOn/1647037","_from":"focusAreas/1337269","_to":"focusAreas/1337271","_rev":"_VIenR2y--_","orderType":"course"},{"_key":"1646745","_id":"thenFocusOn/1646745","_from":"focusAreas/1337663","_to":"focusAreas/1337665","_rev":"_VIenR0C--A","orderType":"course"},{"_key":"1646223","_id":"thenFocusOn/1646223","_from":"focusAreas/1337425","_to":"focusAreas/1337427","_rev":"_VIenRuC--_","orderType":"course"},{"_key":"1646437","_id":"thenFocusOn/1646437","_from":"focusAreas/1338031","_to":"focusAreas/1338033","_rev":"_VIenRwC--A","orderType":"course"},{"_key":"1647023","_id":"thenFocusOn/1647023","_from":"focusAreas/1337091","_to":"focusAreas/1337093","_rev":"_VIenR2q--_","orderType":"course"},{"_key":"1646389","_id":"thenFocusOn/1646389","_from":"focusAreas/1337479","_to":"focusAreas/1337481","_rev":"_VIenRvm--_","orderType":"course"},{"_key":"1646295","_id":"thenFocusOn/1646295","_from":"focusAreas/1337635","_to":"focusAreas/1337637","_rev":"_VIenRuu--_","orderType":"course"},{"_key":"1647093","_id":"thenFocusOn/1647093","_from":"focusAreas/1337229","_to":"focusAreas/1337231","_rev":"_VIenR3W---","orderType":"course"},{"_key":"1646611","_id":"thenFocusOn/1646611","_from":"focusAreas/1338163","_to":"focusAreas/1338165","_rev":"_VIenRxq--A","orderType":"course"},{"_key":"1647117","_id":"thenFocusOn/1647117","_from":"focusAreas/1337639","_to":"focusAreas/1337641","_rev":"_VIenR3i--_","orderType":"course"},{"_key":"1646217","_id":"thenFocusOn/1646217","_from":"focusAreas/1337603","_to":"focusAreas/1337605","_rev":"_VIenRu---A","orderType":"course"},{"_key":"1646301","_id":"thenFocusOn/1646301","_from":"focusAreas/1338077","_to":"focusAreas/1338079","_rev":"_VIenRuy---","orderType":"course"},{"_key":"1646749","_id":"thenFocusOn/1646749","_from":"focusAreas/1337105","_to":"focusAreas/1337107","_rev":"_VIenR0G---","orderType":"course"},{"_key":"1646929","_id":"thenFocusOn/1646929","_from":"focusAreas/1337641","_to":"focusAreas/1337643","_rev":"_VIenR1y---","orderType":"course"},{"_key":"1647285","_id":"thenFocusOn/1647285","_from":"focusAreas/1337117","_to":"focusAreas/1337119","_rev":"_VIeoH4S--G","orderType":"grade"},{"_key":"1646269","_id":"thenFocusOn/1646269","_from":"focusAreas/1337089","_to":"focusAreas/1337091","_rev":"_VIenRue--A","orderType":"course"},{"_key":"1646251","_id":"thenFocusOn/1646251","_from":"focusAreas/1337183","_to":"focusAreas/1337185","_rev":"_VIenRuS--B","orderType":"course"},{"_key":"1647183","_id":"thenFocusOn/1647183","_from":"focusAreas/1337795","_to":"focusAreas/1337797","_rev":"_VIenR4K--A","orderType":"course"},{"_key":"1646619","_id":"thenFocusOn/1646619","_from":"focusAreas/1337343","_to":"focusAreas/1337345","_rev":"_VIenRxu--A","orderType":"course"},{"_key":"1646697","_id":"thenFocusOn/1646697","_from":"focusAreas/1337085","_to":"focusAreas/1337087","_rev":"_VIenRzm--_","orderType":"course"},{"_key":"1646179","_id":"thenFocusOn/1646179","_from":"focusAreas/1337669","_to":"focusAreas/1337671","_rev":"_VIenRtm--B","orderType":"course"},{"_key":"1646173","_id":"thenFocusOn/1646173","_from":"focusAreas/1338067","_to":"focusAreas/1338069","_rev":"_VIenRtm---","orderType":"course"},{"_key":"1646871","_id":"thenFocusOn/1646871","_from":"focusAreas/1338137","_to":"focusAreas/1338139","_rev":"_VIenR1O--_","orderType":"course"},{"_key":"1647257","_id":"thenFocusOn/1647257","_from":"focusAreas/1337619","_to":"focusAreas/1337621","_rev":"_VIeoH4O--D","orderType":"grade"},{"_key":"1646267","_id":"thenFocusOn/1646267","_from":"focusAreas/1337773","_to":"focusAreas/1337775","_rev":"_VIenRue--_","orderType":"course"},{"_key":"1646469","_id":"thenFocusOn/1646469","_from":"focusAreas/1337071","_to":"focusAreas/1337073","_rev":"_VIenRwW---","orderType":"course"},{"_key":"1646939","_id":"thenFocusOn/1646939","_from":"focusAreas/1337169","_to":"focusAreas/1337171","_rev":"_VIenR12--A","orderType":"course"},{"_key":"1646721","_id":"thenFocusOn/1646721","_from":"focusAreas/1337159","_to":"focusAreas/1337161","_rev":"_VIenRzy--B","orderType":"course"},{"_key":"1646289","_id":"thenFocusOn/1646289","_from":"focusAreas/1337193","_to":"focusAreas/1337195","_rev":"_VIenRuq--_","orderType":"course"},{"_key":"1647111","_id":"thenFocusOn/1647111","_from":"focusAreas/1337681","_to":"focusAreas/1337683","_rev":"_VIenR3e--A","orderType":"course"},{"_key":"1646533","_id":"thenFocusOn/1646533","_from":"focusAreas/1337249","_to":"focusAreas/1337251","_rev":"_VIenRx----","orderType":"course"},{"_key":"1646653","_id":"thenFocusOn/1646653","_from":"focusAreas/1337685","_to":"focusAreas/1337687","_rev":"_VIenRyG--_","orderType":"course"},{"_key":"1646587","_id":"thenFocusOn/1646587","_from":"focusAreas/1338027","_to":"focusAreas/1338029","_rev":"_VIenRxa--A","orderType":"course"},{"_key":"1646765","_id":"thenFocusOn/1646765","_from":"focusAreas/1337757","_to":"focusAreas/1337759","_rev":"_VIenR0O--A","orderType":"course"},{"_key":"1646229","_id":"thenFocusOn/1646229","_from":"focusAreas/1338009","_to":"focusAreas/1338011","_rev":"_VIenRuG---","orderType":"course"},{"_key":"1646121","_id":"thenFocusOn/1646121","_from":"focusAreas/1337309","_to":"focusAreas/1337311","_rev":"_VIenRt---A","orderType":"course"},{"_key":"1646807","_id":"thenFocusOn/1646807","_from":"focusAreas/1337823","_to":"focusAreas/1337825","_rev":"_VIenR0m--B","orderType":"course"},{"_key":"1646735","_id":"thenFocusOn/1646735","_from":"focusAreas/1337843","_to":"focusAreas/1337845","_rev":"_VIenR0---_","orderType":"course"},{"_key":"1646923","_id":"thenFocusOn/1646923","_from":"focusAreas/1338069","_to":"focusAreas/1338071","_rev":"_VIenR1u---","orderType":"course"},{"_key":"1646903","_id":"thenFocusOn/1646903","_from":"focusAreas/1337053","_to":"focusAreas/1337055","_rev":"_VIenR1i---","orderType":"course"},{"_key":"1646341","_id":"thenFocusOn/1646341","_from":"focusAreas/1338021","_to":"focusAreas/1338023","_rev":"_VIenRvK--_","orderType":"course"},{"_key":"1646193","_id":"thenFocusOn/1646193","_from":"focusAreas/1337273","_to":"focusAreas/1337275","_rev":"_VIenRtu--B","orderType":"course"},{"_key":"1646449","_id":"thenFocusOn/1646449","_from":"focusAreas/1337525","_to":"focusAreas/1337527","_rev":"_VIenRwK--_","orderType":"course"},{"_key":"1646819","_id":"thenFocusOn/1646819","_from":"focusAreas/1337145","_to":"focusAreas/1337147","_rev":"_VIenR0u--A","orderType":"course"},{"_key":"1646747","_id":"thenFocusOn/1646747","_from":"focusAreas/1337215","_to":"focusAreas/1337217","_rev":"_VIenR0C--B","orderType":"course"},{"_key":"1646237","_id":"thenFocusOn/1646237","_from":"focusAreas/1337869","_to":"focusAreas/1337871","_rev":"_VIenRuK--A","orderType":"course"},{"_key":"1646429","_id":"thenFocusOn/1646429","_from":"focusAreas/1337901","_to":"focusAreas/1337903","_rev":"_VIenRw---_","orderType":"course"},{"_key":"1646481","_id":"thenFocusOn/1646481","_from":"focusAreas/1338063","_to":"focusAreas/1338065","_rev":"_VIenRwa--B","orderType":"course"},{"_key":"1646517","_id":"thenFocusOn/1646517","_from":"focusAreas/1338115","_to":"focusAreas/1338117","_rev":"_VIenRwy--A","orderType":"course"},{"_key":"1646441","_id":"thenFocusOn/1646441","_from":"focusAreas/1337327","_to":"focusAreas/1337329","_rev":"_VIenRwG---","orderType":"course"},{"_key":"1646935","_id":"thenFocusOn/1646935","_from":"focusAreas/1337737","_to":"focusAreas/1337739","_rev":"_VIenR12---","orderType":"course"},{"_key":"1646419","_id":"thenFocusOn/1646419","_from":"focusAreas/1338111","_to":"focusAreas/1338113","_rev":"_VIenRv6---","orderType":"course"},{"_key":"1646695","_id":"thenFocusOn/1646695","_from":"focusAreas/1337775","_to":"focusAreas/1337777","_rev":"_VIenRzm---","orderType":"course"},{"_key":"1646641","_id":"thenFocusOn/1646641","_from":"focusAreas/1337435","_to":"focusAreas/1337437","_rev":"_VIenRy----","orderType":"course"},{"_key":"1646177","_id":"thenFocusOn/1646177","_from":"focusAreas/1337597","_to":"focusAreas/1337599","_rev":"_VIenRtm--A","orderType":"course"},{"_key":"1646703","_id":"thenFocusOn/1646703","_from":"focusAreas/1337349","_to":"focusAreas/1337351","_rev":"_VIenRzq--_","orderType":"course"},{"_key":"1646913","_id":"thenFocusOn/1646913","_from":"focusAreas/1337411","_to":"focusAreas/1337413","_rev":"_VIenR1m--_","orderType":"course"},{"_key":"1646979","_id":"thenFocusOn/1646979","_from":"focusAreas/1337069","_to":"focusAreas/1337071","_rev":"_VIenR2O--_","orderType":"course"},{"_key":"1646407","_id":"thenFocusOn/1646407","_from":"focusAreas/1337265","_to":"focusAreas/1337267","_rev":"_VIenRvy---","orderType":"course"},{"_key":"1646423","_id":"thenFocusOn/1646423","_from":"focusAreas/1337735","_to":"focusAreas/1337737","_rev":"_VIenRv6--A","orderType":"course"},{"_key":"1646643","_id":"thenFocusOn/1646643","_from":"focusAreas/1337213","_to":"focusAreas/1337215","_rev":"_VIenRy---_","orderType":"course"},{"_key":"1647005","_id":"thenFocusOn/1647005","_from":"focusAreas/1337855","_to":"focusAreas/1337857","_rev":"_VIenR2e--_","orderType":"course"},{"_key":"1647115","_id":"thenFocusOn/1647115","_from":"focusAreas/1337957","_to":"focusAreas/1337959","_rev":"_VIenR3i---","orderType":"course"},{"_key":"1646661","_id":"thenFocusOn/1646661","_from":"focusAreas/1337615","_to":"focusAreas/1337617","_rev":"_VIenRyK--_","orderType":"course"},{"_key":"1647149","_id":"thenFocusOn/1647149","_from":"focusAreas/1337501","_to":"focusAreas/1337503","_rev":"_VIenR32---","orderType":"course"},{"_key":"1646507","_id":"thenFocusOn/1646507","_from":"focusAreas/1338091","_to":"focusAreas/1338093","_rev":"_VIenRwu---","orderType":"course"},{"_key":"1647101","_id":"thenFocusOn/1647101","_from":"focusAreas/1337199","_to":"focusAreas/1337201","_rev":"_VIenR3a---","orderType":"course"},{"_key":"1646317","_id":"thenFocusOn/1646317","_from":"focusAreas/1337443","_to":"focusAreas/1337445","_rev":"_VIenRu6--A","orderType":"course"},{"_key":"1647083","_id":"thenFocusOn/1647083","_from":"focusAreas/1337377","_to":"focusAreas/1337379","_rev":"_VIenR3O--_","orderType":"course"},{"_key":"1646547","_id":"thenFocusOn/1646547","_from":"focusAreas/1337191","_to":"focusAreas/1337193","_rev":"_VIenRxG---","orderType":"course"},{"_key":"1647087","_id":"thenFocusOn/1647087","_from":"focusAreas/1337789","_to":"focusAreas/1337791","_rev":"_VIenR3S--_","orderType":"course"},{"_key":"1647071","_id":"thenFocusOn/1647071","_from":"focusAreas/1337081","_to":"focusAreas/1337083","_rev":"_VIenR3G--B","orderType":"course"},{"_key":"1646665","_id":"thenFocusOn/1646665","_from":"focusAreas/1338047","_to":"focusAreas/1338049","_rev":"_VIenRyO---","orderType":"course"},{"_key":"1646713","_id":"thenFocusOn/1646713","_from":"focusAreas/1337401","_to":"focusAreas/1337403","_rev":"_VIenRzu--A","orderType":"course"},{"_key":"1646841","_id":"thenFocusOn/1646841","_from":"focusAreas/1337997","_to":"focusAreas/1337999","_rev":"_VIenR1----","orderType":"course"},{"_key":"1646545","_id":"thenFocusOn/1646545","_from":"focusAreas/1338041","_to":"focusAreas/1338043","_rev":"_VIenRxC--A","orderType":"course"},{"_key":"1647067","_id":"thenFocusOn/1647067","_from":"focusAreas/1337419","_to":"focusAreas/1337421","_rev":"_VIenR3G--_","orderType":"course"},{"_key":"1646147","_id":"thenFocusOn/1646147","_from":"focusAreas/1338073","_to":"focusAreas/1338075","_rev":"_VIenRtW---","orderType":"course"},{"_key":"1647133","_id":"thenFocusOn/1647133","_from":"focusAreas/1337337","_to":"focusAreas/1337339","_rev":"_VIenR3q--A","orderType":"course"},{"_key":"1646435","_id":"thenFocusOn/1646435","_from":"focusAreas/1337579","_to":"focusAreas/1337581","_rev":"_VIenRwC--_","orderType":"course"},{"_key":"1646539","_id":"thenFocusOn/1646539","_from":"focusAreas/1337633","_to":"focusAreas/1337635","_rev":"_VIenRx---B","orderType":"course"},{"_key":"1647035","_id":"thenFocusOn/1647035","_from":"focusAreas/1337433","_to":"focusAreas/1337435","_rev":"_VIenR2y---","orderType":"course"},{"_key":"1646883","_id":"thenFocusOn/1646883","_from":"focusAreas/1337365","_to":"focusAreas/1337367","_rev":"_VIenR1W---","orderType":"course"},{"_key":"1646273","_id":"thenFocusOn/1646273","_from":"focusAreas/1338065","_to":"focusAreas/1338067","_rev":"_VIenRui---","orderType":"course"},{"_key":"1646635","_id":"thenFocusOn/1646635","_from":"focusAreas/1337605","_to":"focusAreas/1337607","_rev":"_VIenRx6---","orderType":"course"},{"_key":"1646261","_id":"thenFocusOn/1646261","_from":"focusAreas/1337913","_to":"focusAreas/1337915","_rev":"_VIenRua--_","orderType":"course"},{"_key":"1647153","_id":"thenFocusOn/1647153","_from":"focusAreas/1337275","_to":"focusAreas/1337277","_rev":"_VIenR32--A","orderType":"course"},{"_key":"1646309","_id":"thenFocusOn/1646309","_from":"focusAreas/1338035","_to":"focusAreas/1338037","_rev":"_VIenRu2--_","orderType":"course"},{"_key":"1646195","_id":"thenFocusOn/1646195","_from":"focusAreas/1337217","_to":"focusAreas/1337219","_rev":"_VIenRty---","orderType":"course"},{"_key":"1646917","_id":"thenFocusOn/1646917","_from":"focusAreas/1337803","_to":"focusAreas/1337805","_rev":"_VIenR1q---","orderType":"course"},{"_key":"1646945","_id":"thenFocusOn/1646945","_from":"focusAreas/1337779","_to":"focusAreas/1337781","_rev":"_VIenR16--_","orderType":"course"},{"_key":"1646221","_id":"thenFocusOn/1646221","_from":"focusAreas/1338103","_to":"focusAreas/1338105","_rev":"_VIenRuC---","orderType":"course"},{"_key":"1646457","_id":"thenFocusOn/1646457","_from":"focusAreas/1338023","_to":"focusAreas/1338025","_rev":"_VIenRwO--_","orderType":"course"},{"_key":"1647113","_id":"thenFocusOn/1647113","_from":"focusAreas/1337833","_to":"focusAreas/1337835","_rev":"_VIenR3e--B","orderType":"course"},{"_key":"1647059","_id":"thenFocusOn/1647059","_from":"focusAreas/1337577","_to":"focusAreas/1337579","_rev":"_VIenR3C---","orderType":"course"},{"_key":"1646461","_id":"thenFocusOn/1646461","_from":"focusAreas/1337063","_to":"focusAreas/1337065","_rev":"_VIenRwS---","orderType":"course"},{"_key":"1646531","_id":"thenFocusOn/1646531","_from":"focusAreas/1337481","_to":"focusAreas/1337483","_rev":"_VIenRw6--A","orderType":"course"},{"_key":"1647009","_id":"thenFocusOn/1647009","_from":"focusAreas/1337387","_to":"focusAreas/1337389","_rev":"_VIenR2i---","orderType":"course"},{"_key":"1647173","_id":"thenFocusOn/1647173","_from":"focusAreas/1337915","_to":"focusAreas/1337917","_rev":"_VIenR4G---","orderType":"course"},{"_key":"1646411","_id":"thenFocusOn/1646411","_from":"focusAreas/1337113","_to":"focusAreas/1337115","_rev":"_VIenRvy--A","orderType":"course"},{"_key":"1647061","_id":"thenFocusOn/1647061","_from":"focusAreas/1337509","_to":"focusAreas/1337511","_rev":"_VIenR3C--_","orderType":"course"},{"_key":"1646141","_id":"thenFocusOn/1646141","_from":"focusAreas/1337291","_to":"focusAreas/1337293","_rev":"_VIenRtS---","orderType":"course"},{"_key":"1646585","_id":"thenFocusOn/1646585","_from":"focusAreas/1337147","_to":"focusAreas/1337149","_rev":"_VIenRxa--_","orderType":"course"},{"_key":"1646633","_id":"thenFocusOn/1646633","_from":"focusAreas/1338081","_to":"focusAreas/1338083","_rev":"_VIenRx2--A","orderType":"course"},{"_key":"1647095","_id":"thenFocusOn/1647095","_from":"focusAreas/1337659","_to":"focusAreas/1337661","_rev":"_VIenR3W--_","orderType":"course"},{"_key":"1646793","_id":"thenFocusOn/1646793","_from":"focusAreas/1337225","_to":"focusAreas/1337227","_rev":"_VIenR0e--B","orderType":"course"},{"_key":"1646911","_id":"thenFocusOn/1646911","_from":"focusAreas/1337123","_to":"focusAreas/1337125","_rev":"_VIenR1m---","orderType":"course"},{"_key":"1647081","_id":"thenFocusOn/1647081","_from":"focusAreas/1337317","_to":"focusAreas/1337319","_rev":"_VIenR3O---","orderType":"course"},{"_key":"1646405","_id":"thenFocusOn/1646405","_from":"focusAreas/1337235","_to":"focusAreas/1337237","_rev":"_VIenRvu--B","orderType":"course"},{"_key":"1647015","_id":"thenFocusOn/1647015","_from":"focusAreas/1338141","_to":"focusAreas/1338143","_rev":"_VIenR2m---","orderType":"course"},{"_key":"1646445","_id":"thenFocusOn/1646445","_from":"focusAreas/1337921","_to":"focusAreas/1337923","_rev":"_VIenRwG--A","orderType":"course"},{"_key":"1646191","_id":"thenFocusOn/1646191","_from":"focusAreas/1338123","_to":"focusAreas/1338125","_rev":"_VIenRtu--A","orderType":"course"},{"_key":"1646259","_id":"thenFocusOn/1646259","_from":"focusAreas/1337313","_to":"focusAreas/1337315","_rev":"_VIenRua---","orderType":"course"},{"_key":"1647119","_id":"thenFocusOn/1647119","_from":"focusAreas/1337097","_to":"focusAreas/1337099","_rev":"_VIenR3i--A","orderType":"course"},{"_key":"1647167","_id":"thenFocusOn/1647167","_from":"focusAreas/1338099","_to":"focusAreas/1338101","_rev":"_VIenR4C--_","orderType":"course"},{"_key":"1646843","_id":"thenFocusOn/1646843","_from":"focusAreas/1337137","_to":"focusAreas/1337139","_rev":"_VIenR1---_","orderType":"course"},{"_key":"1646447","_id":"thenFocusOn/1646447","_from":"focusAreas/1338037","_to":"focusAreas/1338039","_rev":"_VIenRwK---","orderType":"course"},{"_key":"1646125","_id":"thenFocusOn/1646125","_from":"focusAreas/1337653","_to":"focusAreas/1337655","_rev":"_VIenRtG---","orderType":"course"},{"_key":"1646529","_id":"thenFocusOn/1646529","_from":"focusAreas/1337845","_to":"focusAreas/1337847","_rev":"_VIenRw6--_","orderType":"course"},{"_key":"1646753","_id":"thenFocusOn/1646753","_from":"focusAreas/1337667","_to":"focusAreas/1337669","_rev":"_VIenR0K---","orderType":"course"},{"_key":"1646909","_id":"thenFocusOn/1646909","_from":"focusAreas/1337441","_to":"focusAreas/1337443","_rev":"_VIenR1i--B","orderType":"course"},{"_key":"1646727","_id":"thenFocusOn/1646727","_from":"focusAreas/1337237","_to":"focusAreas/1337239","_rev":"_VIenRz2--A","orderType":"course"},{"_key":"1646503","_id":"thenFocusOn/1646503","_from":"focusAreas/1337455","_to":"focusAreas/1337457","_rev":"_VIenRwq--A","orderType":"course"},{"_key":"1646265","_id":"thenFocusOn/1646265","_from":"focusAreas/1337041","_to":"focusAreas/1337043","_rev":"_VIenRue---","orderType":"course"},{"_key":"1647011","_id":"thenFocusOn/1647011","_from":"focusAreas/1337573","_to":"focusAreas/1337575","_rev":"_VIenR2i--_","orderType":"course"},{"_key":"1646755","_id":"thenFocusOn/1646755","_from":"focusAreas/1337919","_to":"focusAreas/1337921","_rev":"_VIenR0K--_","orderType":"course"},{"_key":"1646563","_id":"thenFocusOn/1646563","_from":"focusAreas/1337891","_to":"focusAreas/1337893","_rev":"_VIenRxO---","orderType":"course"},{"_key":"1646215","_id":"thenFocusOn/1646215","_from":"focusAreas/1337331","_to":"focusAreas/1337333","_rev":"_VIenRu---_","orderType":"course"},{"_key":"1646947","_id":"thenFocusOn/1646947","_from":"focusAreas/1337457","_to":"focusAreas/1337459","_rev":"_VIenR16--A","orderType":"course"},{"_key":"1647079","_id":"thenFocusOn/1647079","_from":"focusAreas/1337241","_to":"focusAreas/1337243","_rev":"_VIenR3K--B","orderType":"course"},{"_key":"1646645","_id":"thenFocusOn/1646645","_from":"focusAreas/1337861","_to":"focusAreas/1337863","_rev":"_VIenRyC---","orderType":"course"},{"_key":"1646249","_id":"thenFocusOn/1646249","_from":"focusAreas/1337297","_to":"focusAreas/1337299","_rev":"_VIenRuS--A","orderType":"course"},{"_key":"1646493","_id":"thenFocusOn/1646493","_from":"focusAreas/1337271","_to":"focusAreas/1337273","_rev":"_VIenRwi--A","orderType":"course"},{"_key":"1646791","_id":"thenFocusOn/1646791","_from":"focusAreas/1337683","_to":"focusAreas/1337685","_rev":"_VIenR0e--A","orderType":"course"},{"_key":"1646951","_id":"thenFocusOn/1646951","_from":"focusAreas/1337315","_to":"focusAreas/1337317","_rev":"_VIenR2---_","orderType":"course"},{"_key":"1647289","_id":"thenFocusOn/1647289","_from":"focusAreas/1337493","_to":"focusAreas/1337495","_rev":"_VIeoH4S--I","orderType":"grade"},{"_key":"1646395","_id":"thenFocusOn/1646395","_from":"focusAreas/1338015","_to":"focusAreas/1338017","_rev":"_VIenRvq--_","orderType":"course"},{"_key":"1646137","_id":"thenFocusOn/1646137","_from":"focusAreas/1337259","_to":"focusAreas/1337261","_rev":"_VIenRtO--_","orderType":"course"},{"_key":"1646857","_id":"thenFocusOn/1646857","_from":"focusAreas/1338029","_to":"focusAreas/1338031","_rev":"_VIenR1G---","orderType":"course"},{"_key":"1646921","_id":"thenFocusOn/1646921","_from":"focusAreas/1337719","_to":"focusAreas/1337721","_rev":"_VIenR1q--A","orderType":"course"},{"_key":"1646565","_id":"thenFocusOn/1646565","_from":"focusAreas/1337473","_to":"focusAreas/1337475","_rev":"_VIenRxO--_","orderType":"course"},{"_key":"1646475","_id":"thenFocusOn/1646475","_from":"focusAreas/1338157","_to":"focusAreas/1338159","_rev":"_VIenRwa---","orderType":"course"},{"_key":"1646897","_id":"thenFocusOn/1646897","_from":"focusAreas/1337077","_to":"focusAreas/1337079","_rev":"_VIenR1e---","orderType":"course"},{"_key":"1646473","_id":"thenFocusOn/1646473","_from":"focusAreas/1337335","_to":"focusAreas/1337337","_rev":"_VIenRwW--A","orderType":"course"},{"_key":"1646707","_id":"thenFocusOn/1646707","_from":"focusAreas/1337951","_to":"focusAreas/1337953","_rev":"_VIenRzq--B","orderType":"course"},{"_key":"1646197","_id":"thenFocusOn/1646197","_from":"focusAreas/1337529","_to":"focusAreas/1337531","_rev":"_VIenRty--_","orderType":"course"},{"_key":"1646391","_id":"thenFocusOn/1646391","_from":"focusAreas/1338121","_to":"focusAreas/1338123","_rev":"_VIenRvm--A","orderType":"course"},{"_key":"1646981","_id":"thenFocusOn/1646981","_from":"focusAreas/1337839","_to":"focusAreas/1337841","_rev":"_VIenR2O--A","orderType":"course"},{"_key":"1646339","_id":"thenFocusOn/1646339","_from":"focusAreas/1337353","_to":"focusAreas/1337355","_rev":"_VIenRvK---","orderType":"course"},{"_key":"1646669","_id":"thenFocusOn/1646669","_from":"focusAreas/1337729","_to":"focusAreas/1337731","_rev":"_VIenRzW---","orderType":"course"},{"_key":"1646671","_id":"thenFocusOn/1646671","_from":"focusAreas/1337485","_to":"focusAreas/1337487","_rev":"_VIenRzW--_","orderType":"course"},{"_key":"1646139","_id":"thenFocusOn/1646139","_from":"focusAreas/1338155","_to":"focusAreas/1338157","_rev":"_VIenRtO--A","orderType":"course"},{"_key":"1647295","_id":"thenFocusOn/1647295","_from":"focusAreas/1337173","_to":"focusAreas/1337175","_rev":"_VIeoH4S--L","orderType":"grade"},{"_key":"1646283","_id":"thenFocusOn/1646283","_from":"focusAreas/1337661","_to":"focusAreas/1337663","_rev":"_VIenRum--A","orderType":"course"},{"_key":"1646583","_id":"thenFocusOn/1646583","_from":"focusAreas/1337325","_to":"focusAreas/1337327","_rev":"_VIenRxa---","orderType":"course"},{"_key":"1647073","_id":"thenFocusOn/1647073","_from":"focusAreas/1338135","_to":"focusAreas/1338137","_rev":"_VIenR3K---","orderType":"course"},{"_key":"1646357","_id":"thenFocusOn/1646357","_from":"focusAreas/1337575","_to":"focusAreas/1337577","_rev":"_VIenRvS--A","orderType":"course"},{"_key":"1646811","_id":"thenFocusOn/1646811","_from":"focusAreas/1337359","_to":"focusAreas/1337361","_rev":"_VIenR0q--_","orderType":"course"},{"_key":"1646651","_id":"thenFocusOn/1646651","_from":"focusAreas/1337541","_to":"focusAreas/1337543","_rev":"_VIenRyG---","orderType":"course"},{"_key":"1646815","_id":"thenFocusOn/1646815","_from":"focusAreas/1337809","_to":"focusAreas/1337811","_rev":"_VIenR0u---","orderType":"course"},{"_key":"1647077","_id":"thenFocusOn/1647077","_from":"focusAreas/1337885","_to":"focusAreas/1337887","_rev":"_VIenR3K--A","orderType":"course"},{"_key":"1646595","_id":"thenFocusOn/1646595","_from":"focusAreas/1337859","_to":"focusAreas/1337861","_rev":"_VIenRxi--_","orderType":"course"},{"_key":"1646257","_id":"thenFocusOn/1646257","_from":"focusAreas/1337739","_to":"focusAreas/1337741","_rev":"_VIenRuW--A","orderType":"course"},{"_key":"1646789","_id":"thenFocusOn/1646789","_from":"focusAreas/1337103","_to":"focusAreas/1337105","_rev":"_VIenR0e--_","orderType":"course"},{"_key":"1646895","_id":"thenFocusOn/1646895","_from":"focusAreas/1337947","_to":"focusAreas/1337949","_rev":"_VIenR1a--B","orderType":"course"},{"_key":"1646207","_id":"thenFocusOn/1646207","_from":"focusAreas/1337827","_to":"focusAreas/1337829","_rev":"_VIenRt6---","orderType":"course"},{"_key":"1646741","_id":"thenFocusOn/1646741","_from":"focusAreas/1337949","_to":"focusAreas/1337951","_rev":"_VIenR0C---","orderType":"course"},{"_key":"1646693","_id":"thenFocusOn/1646693","_from":"focusAreas/1337463","_to":"focusAreas/1337465","_rev":"_VIenRzi--A","orderType":"course"},{"_key":"1646679","_id":"thenFocusOn/1646679","_from":"focusAreas/1337943","_to":"focusAreas/1337945","_rev":"_VIenRza--A","orderType":"course"},{"_key":"1647137","_id":"thenFocusOn/1647137","_from":"focusAreas/1337437","_to":"focusAreas/1337439","_rev":"_VIenR3u--_","orderType":"course"},{"_key":"1646359","_id":"thenFocusOn/1646359","_from":"focusAreas/1337049","_to":"focusAreas/1337051","_rev":"_VIenRvS--B","orderType":"course"},{"_key":"1647033","_id":"thenFocusOn/1647033","_from":"focusAreas/1337697","_to":"focusAreas/1337699","_rev":"_VIenR2u--B","orderType":"course"},{"_key":"1647041","_id":"thenFocusOn/1647041","_from":"focusAreas/1337239","_to":"focusAreas/1337241","_rev":"_VIenR22---","orderType":"course"},{"_key":"1646131","_id":"thenFocusOn/1646131","_from":"focusAreas/1338005","_to":"focusAreas/1338007","_rev":"_VIenRtK---","orderType":"course"},{"_key":"1646439","_id":"thenFocusOn/1646439","_from":"focusAreas/1337569","_to":"focusAreas/1337571","_rev":"_VIenRwC--B","orderType":"course"},{"_key":"1646383","_id":"thenFocusOn/1646383","_from":"focusAreas/1338071","_to":"focusAreas/1338073","_rev":"_VIenRvi--A","orderType":"course"},{"_key":"1646663","_id":"thenFocusOn/1646663","_from":"focusAreas/1337967","_to":"focusAreas/1337969","_rev":"_VIenRyK--A","orderType":"course"},{"_key":"1646209","_id":"thenFocusOn/1646209","_from":"focusAreas/1337461","_to":"focusAreas/1337463","_rev":"_VIenRt6--_","orderType":"course"},{"_key":"1647139","_id":"thenFocusOn/1647139","_from":"focusAreas/1337059","_to":"focusAreas/1337061","_rev":"_VIenR3u--A","orderType":"course"},{"_key":"1646213","_id":"thenFocusOn/1646213","_from":"focusAreas/1337087","_to":"focusAreas/1337089","_rev":"_VIenRu----","orderType":"course"},{"_key":"1646825","_id":"thenFocusOn/1646825","_from":"focusAreas/1338049","_to":"focusAreas/1338051","_rev":"_VIenR0y--A","orderType":"course"},{"_key":"1647063","_id":"thenFocusOn/1647063","_from":"focusAreas/1337801","_to":"focusAreas/1337803","_rev":"_VIenR3C--A","orderType":"course"},{"_key":"1647263","_id":"thenFocusOn/1647263","_from":"focusAreas/1337811","_to":"focusAreas/1337813","_rev":"_VIeoH4O--G","orderType":"grade"},{"_key":"1647099","_id":"thenFocusOn/1647099","_from":"focusAreas/1337727","_to":"focusAreas/1337729","_rev":"_VIenR3W--B","orderType":"course"},{"_key":"1647251","_id":"thenFocusOn/1647251","_from":"focusAreas/1337679","_to":"focusAreas/1337743","_rev":"_VIeoH4O--A","orderType":"grade"},{"_key":"1646315","_id":"thenFocusOn/1646315","_from":"focusAreas/1337099","_to":"focusAreas/1337101","_rev":"_VIenRu6--_","orderType":"course"},{"_key":"1646377","_id":"thenFocusOn/1646377","_from":"focusAreas/1337555","_to":"focusAreas/1337557","_rev":"_VIenRve--A","orderType":"course"},{"_key":"1646263","_id":"thenFocusOn/1646263","_from":"focusAreas/1337393","_to":"focusAreas/1337395","_rev":"_VIenRua--A","orderType":"course"},{"_key":"1646971","_id":"thenFocusOn/1646971","_from":"focusAreas/1337655","_to":"focusAreas/1337657","_rev":"_VIenR2K---","orderType":"course"},{"_key":"1646119","_id":"thenFocusOn/1646119","_from":"focusAreas/1337223","_to":"focusAreas/1337225","_rev":"_VIenRt---_","orderType":"course"},{"_key":"1646657","_id":"thenFocusOn/1646657","_from":"focusAreas/1337665","_to":"focusAreas/1337667","_rev":"_VIenRyG--B","orderType":"course"},{"_key":"2474939","_id":"thenFocusOn/2474939","_from":"focusAreas/1338089","_to":"focusAreas/1338091","_rev":"_VKsKqjS---","orderType":"course"},{"_key":"1646241","_id":"thenFocusOn/1646241","_from":"focusAreas/1338057","_to":"focusAreas/1338059","_rev":"_VIenRuO--_","orderType":"course"},{"_key":"1647175","_id":"thenFocusOn/1647175","_from":"focusAreas/1338045","_to":"focusAreas/1338047","_rev":"_VIenR4G--_","orderType":"course"},{"_key":"1647021","_id":"thenFocusOn/1647021","_from":"focusAreas/1337887","_to":"focusAreas/1337889","_rev":"_VIenR2q---","orderType":"course"},{"_key":"1646335","_id":"thenFocusOn/1646335","_from":"focusAreas/1337903","_to":"focusAreas/1337905","_rev":"_VIenRvG--A","orderType":"course"},{"_key":"1646659","_id":"thenFocusOn/1646659","_from":"focusAreas/1337745","_to":"focusAreas/1337747","_rev":"_VIenRyK---","orderType":"course"},{"_key":"1646321","_id":"thenFocusOn/1646321","_from":"focusAreas/1338093","_to":"focusAreas/1338095","_rev":"_VIenRv---_","orderType":"course"},{"_key":"1646375","_id":"thenFocusOn/1646375","_from":"focusAreas/1337203","_to":"focusAreas/1337205","_rev":"_VIenRve--_","orderType":"course"},{"_key":"1646629","_id":"thenFocusOn/1646629","_from":"focusAreas/1337153","_to":"focusAreas/1337155","_rev":"_VIenRx2---","orderType":"course"},{"_key":"1646157","_id":"thenFocusOn/1646157","_from":"focusAreas/1337995","_to":"focusAreas/1337997","_rev":"_VIenRta--A","orderType":"course"},{"_key":"1646609","_id":"thenFocusOn/1646609","_from":"focusAreas/1337955","_to":"focusAreas/1337957","_rev":"_VIenRxq--_","orderType":"course"},{"_key":"1646553","_id":"thenFocusOn/1646553","_from":"focusAreas/1337799","_to":"focusAreas/1337801","_rev":"_VIenRxG--B","orderType":"course"},{"_key":"1646987","_id":"thenFocusOn/1646987","_from":"focusAreas/1337989","_to":"focusAreas/1337991","_rev":"_VIenR2S--_","orderType":"course"},{"_key":"1646919","_id":"thenFocusOn/1646919","_from":"focusAreas/1337489","_to":"focusAreas/1337491","_rev":"_VIenR1q--_","orderType":"course"},{"_key":"1646847","_id":"thenFocusOn/1646847","_from":"focusAreas/1338151","_to":"focusAreas/1338153","_rev":"_VIenR1---B","orderType":"course"},{"_key":"2474717","_id":"thenFocusOn/2474717","_from":"focusAreas/1338089","_to":"focusAreas/1338129","_rev":"_VKsKXHu---","orderType":"course"},{"_key":"1646787","_id":"thenFocusOn/1646787","_from":"focusAreas/1337459","_to":"focusAreas/1337461","_rev":"_VIenR0e---","orderType":"course"},{"_key":"1646541","_id":"thenFocusOn/1646541","_from":"focusAreas/1337751","_to":"focusAreas/1337753","_rev":"_VIenRxC---","orderType":"course"},{"_key":"1646513","_id":"thenFocusOn/1646513","_from":"focusAreas/1338105","_to":"focusAreas/1338107","_rev":"_VIenRwy---","orderType":"course"},{"_key":"1646243","_id":"thenFocusOn/1646243","_from":"focusAreas/1338061","_to":"focusAreas/1338063","_rev":"_VIenRuO--A","orderType":"course"},{"_key":"1646569","_id":"thenFocusOn/1646569","_from":"focusAreas/1337471","_to":"focusAreas/1337473","_rev":"_VIenRxS---","orderType":"course"},{"_key":"1646189","_id":"thenFocusOn/1646189","_from":"focusAreas/1338059","_to":"focusAreas/1338061","_rev":"_VIenRtu--_","orderType":"course"},{"_key":"1646247","_id":"thenFocusOn/1646247","_from":"focusAreas/1338043","_to":"focusAreas/1338045","_rev":"_VIenRuS--_","orderType":"course"},{"_key":"1646567","_id":"thenFocusOn/1646567","_from":"focusAreas/1338117","_to":"focusAreas/1338119","_rev":"_VIenRxO--A","orderType":"course"},{"_key":"1646353","_id":"thenFocusOn/1646353","_from":"focusAreas/1337863","_to":"focusAreas/1337865","_rev":"_VIenRvS---","orderType":"course"},{"_key":"1646829","_id":"thenFocusOn/1646829","_from":"focusAreas/1337643","_to":"focusAreas/1337645","_rev":"_VIenR02--_","orderType":"course"},{"_key":"1646111","_id":"thenFocusOn/1646111","_from":"focusAreas/1337709","_to":"focusAreas/1337711","_rev":"_VIenRs6---","orderType":"course"},{"_key":"1646371","_id":"thenFocusOn/1646371","_from":"focusAreas/1337043","_to":"focusAreas/1337045","_rev":"_VIenRva--A","orderType":"course"},{"_key":"1646859","_id":"thenFocusOn/1646859","_from":"focusAreas/1337467","_to":"focusAreas/1337469","_rev":"_VIenR1G--_","orderType":"course"},{"_key":"1646785","_id":"thenFocusOn/1646785","_from":"focusAreas/1337385","_to":"focusAreas/1337387","_rev":"_VIenR0a--A","orderType":"course"},{"_key":"1646955","_id":"thenFocusOn/1646955","_from":"focusAreas/1337611","_to":"focusAreas/1337613","_rev":"_VIenR2---B","orderType":"course"},{"_key":"1646799","_id":"thenFocusOn/1646799","_from":"focusAreas/1337625","_to":"focusAreas/1337627","_rev":"_VIenR0i--A","orderType":"course"},{"_key":"1646943","_id":"thenFocusOn/1646943","_from":"focusAreas/1338007","_to":"focusAreas/1338009","_rev":"_VIenR16---","orderType":"course"},{"_key":"1647265","_id":"thenFocusOn/1647265","_from":"focusAreas/1337389","_to":"focusAreas/1337391","_rev":"_VIeoH4O--H","orderType":"grade"},{"_key":"1646965","_id":"thenFocusOn/1646965","_from":"focusAreas/1337829","_to":"focusAreas/1337831","_rev":"_VIenR2G--_","orderType":"course"},{"_key":"1646291","_id":"thenFocusOn/1646291","_from":"focusAreas/1337613","_to":"focusAreas/1337615","_rev":"_VIenRuq--A","orderType":"course"},{"_key":"1647047","_id":"thenFocusOn/1647047","_from":"focusAreas/1337831","_to":"focusAreas/1337833","_rev":"_VIenR26---","orderType":"course"},{"_key":"1646743","_id":"thenFocusOn/1646743","_from":"focusAreas/1337115","_to":"focusAreas/1337117","_rev":"_VIenR0C--_","orderType":"course"},{"_key":"1646969","_id":"thenFocusOn/1646969","_from":"focusAreas/1337935","_to":"focusAreas/1337937","_rev":"_VIenR2G--B","orderType":"course"},{"_key":"1646219","_id":"thenFocusOn/1646219","_from":"focusAreas/1337355","_to":"focusAreas/1337357","_rev":"_VIenRu---B","orderType":"course"},{"_key":"1647125","_id":"thenFocusOn/1647125","_from":"focusAreas/1337589","_to":"focusAreas/1337591","_rev":"_VIenR3m--A","orderType":"course"},{"_key":"1646915","_id":"thenFocusOn/1646915","_from":"focusAreas/1337149","_to":"focusAreas/1337151","_rev":"_VIenR1m--A","orderType":"course"},{"_key":"1646805","_id":"thenFocusOn/1646805","_from":"focusAreas/1337985","_to":"focusAreas/1337987","_rev":"_VIenR0m--A","orderType":"course"},{"_key":"1646279","_id":"thenFocusOn/1646279","_from":"focusAreas/1337429","_to":"focusAreas/1337431","_rev":"_VIenRum---","orderType":"course"},{"_key":"1646227","_id":"thenFocusOn/1646227","_from":"focusAreas/1337373","_to":"focusAreas/1337375","_rev":"_VIenRuC--B","orderType":"course"},{"_key":"1647019","_id":"thenFocusOn/1647019","_from":"focusAreas/1337171","_to":"focusAreas/1337173","_rev":"_VIenR2m--A","orderType":"course"},{"_key":"1646527","_id":"thenFocusOn/1646527","_from":"focusAreas/1337521","_to":"focusAreas/1337523","_rev":"_VIenRw6---","orderType":"course"},{"_key":"1646303","_id":"thenFocusOn/1646303","_from":"focusAreas/1337911","_to":"focusAreas/1337913","_rev":"_VIenRuy--_","orderType":"course"},{"_key":"1646719","_id":"thenFocusOn/1646719","_from":"focusAreas/1337851","_to":"focusAreas/1337853","_rev":"_VIenRzy--A","orderType":"course"},{"_key":"1646723","_id":"thenFocusOn/1646723","_from":"focusAreas/1337783","_to":"focusAreas/1337785","_rev":"_VIenRz2---","orderType":"course"},{"_key":"1646463","_id":"thenFocusOn/1646463","_from":"focusAreas/1337543","_to":"focusAreas/1337545","_rev":"_VIenRwS--_","orderType":"course"},{"_key":"1646931","_id":"thenFocusOn/1646931","_from":"focusAreas/1337181","_to":"focusAreas/1337183","_rev":"_VIenR1y--_","orderType":"course"},{"_key":"1647069","_id":"thenFocusOn/1647069","_from":"focusAreas/1337497","_to":"focusAreas/1337499","_rev":"_VIenR3G--A","orderType":"course"},{"_key":"1646773","_id":"thenFocusOn/1646773","_from":"focusAreas/1337595","_to":"focusAreas/1337597","_rev":"_VIenR0S--B","orderType":"course"},{"_key":"1646593","_id":"thenFocusOn/1646593","_from":"focusAreas/1337157","_to":"focusAreas/1337159","_rev":"_VIenRxi---","orderType":"course"},{"_key":"1646115","_id":"thenFocusOn/1646115","_from":"focusAreas/1337847","_to":"focusAreas/1337849","_rev":"_VIenRs6--_","orderType":"course"},{"_key":"1646427","_id":"thenFocusOn/1646427","_from":"focusAreas/1337285","_to":"focusAreas/1337287","_rev":"_VIenRw----","orderType":"course"},{"_key":"1646479","_id":"thenFocusOn/1646479","_from":"focusAreas/1338025","_to":"focusAreas/1338027","_rev":"_VIenRwa--A","orderType":"course"},{"_key":"1647283","_id":"thenFocusOn/1647283","_from":"focusAreas/1337835","_to":"focusAreas/1337837","_rev":"_VIeoH4S--F","orderType":"grade"},{"_key":"1646343","_id":"thenFocusOn/1646343","_from":"focusAreas/1337645","_to":"focusAreas/1337647","_rev":"_VIenRvK--A","orderType":"course"},{"_key":"1646159","_id":"thenFocusOn/1646159","_from":"focusAreas/1337057","_to":"focusAreas/1337059","_rev":"_VIenRte---","orderType":"course"},{"_key":"1646813","_id":"thenFocusOn/1646813","_from":"focusAreas/1337323","_to":"focusAreas/1337325","_rev":"_VIenR0q--A","orderType":"course"},{"_key":"1646689","_id":"thenFocusOn/1646689","_from":"focusAreas/1337119","_to":"focusAreas/1337121","_rev":"_VIenRzi---","orderType":"course"},{"_key":"1646831","_id":"thenFocusOn/1646831","_from":"focusAreas/1337341","_to":"focusAreas/1337343","_rev":"_VIenR02--A","orderType":"course"},{"_key":"1646991","_id":"thenFocusOn/1646991","_from":"focusAreas/1337565","_to":"focusAreas/1337567","_rev":"_VIenR2W---","orderType":"course"},{"_key":"1647057","_id":"thenFocusOn/1647057","_from":"focusAreas/1337819","_to":"focusAreas/1337821","_rev":"_VIenR3---A","orderType":"course"},{"_key":"1647121","_id":"thenFocusOn/1647121","_from":"focusAreas/1337073","_to":"focusAreas/1337075","_rev":"_VIenR3m---","orderType":"course"},{"_key":"1646953","_id":"thenFocusOn/1646953","_from":"focusAreas/1337307","_to":"focusAreas/1337309","_rev":"_VIenR2---A","orderType":"course"},{"_key":"1647712","_id":"thenFocusOn/1647712","_from":"focusAreas/1337899","_to":"focusAreas/1337901","_rev":"_VIet6wa---","orderType":"course"},{"_key":"1646557","_id":"thenFocusOn/1646557","_from":"focusAreas/1337763","_to":"focusAreas/1337765","_rev":"_VIenRxK--_","orderType":"course"},{"_key":"1646299","_id":"thenFocusOn/1646299","_from":"focusAreas/1337695","_to":"focusAreas/1337697","_rev":"_VIenRuu--B","orderType":"course"},{"_key":"1646667","_id":"thenFocusOn/1646667","_from":"focusAreas/1338085","_to":"focusAreas/1338087","_rev":"_VIenRzS---","orderType":"course"},{"_key":"1646285","_id":"thenFocusOn/1646285","_from":"focusAreas/1337687","_to":"focusAreas/1337689","_rev":"_VIenRum--B","orderType":"course"},{"_key":"1646649","_id":"thenFocusOn/1646649","_from":"focusAreas/1337503","_to":"focusAreas/1337505","_rev":"_VIenRyC--A","orderType":"course"},{"_key":"1646163","_id":"thenFocusOn/1646163","_from":"focusAreas/1337929","_to":"focusAreas/1337931","_rev":"_VIenRte--A","orderType":"course"},{"_key":"1646715","_id":"thenFocusOn/1646715","_from":"focusAreas/1337537","_to":"focusAreas/1337539","_rev":"_VIenRzy---","orderType":"course"},{"_key":"1647161","_id":"thenFocusOn/1647161","_from":"focusAreas/1337253","_to":"focusAreas/1337255","_rev":"_VIenR4----","orderType":"course"},{"_key":"1646325","_id":"thenFocusOn/1646325","_from":"focusAreas/1337107","_to":"focusAreas/1337109","_rev":"_VIenRvC---","orderType":"course"},{"_key":"1646495","_id":"thenFocusOn/1646495","_from":"focusAreas/1337397","_to":"focusAreas/1337399","_rev":"_VIenRwm---","orderType":"course"},{"_key":"1646297","_id":"thenFocusOn/1646297","_from":"focusAreas/1337675","_to":"focusAreas/1337677","_rev":"_VIenRuu--A","orderType":"course"},{"_key":"1646941","_id":"thenFocusOn/1646941","_from":"focusAreas/1337263","_to":"focusAreas/1337265","_rev":"_VIenR12--B","orderType":"course"},{"_key":"1646751","_id":"thenFocusOn/1646751","_from":"focusAreas/1337129","_to":"focusAreas/1337131","_rev":"_VIenR0G--_","orderType":"course"},{"_key":"1646907","_id":"thenFocusOn/1646907","_from":"focusAreas/1337841","_to":"focusAreas/1337843","_rev":"_VIenR1i--A","orderType":"course"},{"_key":"1646637","_id":"thenFocusOn/1646637","_from":"focusAreas/1337131","_to":"focusAreas/1337133","_rev":"_VIenRx6--_","orderType":"course"},{"_key":"1646199","_id":"thenFocusOn/1646199","_from":"focusAreas/1337179","_to":"focusAreas/1337181","_rev":"_VIenRt2---","orderType":"course"},{"_key":"1646571","_id":"thenFocusOn/1646571","_from":"focusAreas/1337593","_to":"focusAreas/1337595","_rev":"_VIenRxS--_","orderType":"course"},{"_key":"1647001","_id":"thenFocusOn/1647001","_from":"focusAreas/1338143","_to":"focusAreas/1338145","_rev":"_VIenR2a--A","orderType":"course"},{"_key":"1647145","_id":"thenFocusOn/1647145","_from":"focusAreas/1337143","_to":"focusAreas/1337145","_rev":"_VIenR3y--_","orderType":"course"},{"_key":"1646337","_id":"thenFocusOn/1646337","_from":"focusAreas/1338153","_to":"focusAreas/1338155","_rev":"_VIenRvG--B","orderType":"course"},{"_key":"1646235","_id":"thenFocusOn/1646235","_from":"focusAreas/1337207","_to":"focusAreas/1337209","_rev":"_VIenRuK--_","orderType":"course"},{"_key":"1646863","_id":"thenFocusOn/1646863","_from":"focusAreas/1338133","_to":"focusAreas/1338135","_rev":"_VIenR1K---","orderType":"course"},{"_key":"1646589","_id":"thenFocusOn/1646589","_from":"focusAreas/1337909","_to":"focusAreas/1337911","_rev":"_VIenRxe---","orderType":"course"},{"_key":"1646699","_id":"thenFocusOn/1646699","_from":"focusAreas/1337837","_to":"focusAreas/1337839","_rev":"_VIenRzm--A","orderType":"course"},{"_key":"1646899","_id":"thenFocusOn/1646899","_from":"focusAreas/1337257","_to":"focusAreas/1337259","_rev":"_VIenR1e--_","orderType":"course"},{"_key":"1646561","_id":"thenFocusOn/1646561","_from":"focusAreas/1338033","_to":"focusAreas/1338035","_rev":"_VIenRxK--B","orderType":"course"},{"_key":"1647025","_id":"thenFocusOn/1647025","_from":"focusAreas/1338087","_to":"focusAreas/1338089","_rev":"_VIenR2q--A","orderType":"course"},{"_key":"1646737","_id":"thenFocusOn/1646737","_from":"focusAreas/1337755","_to":"focusAreas/1337757","_rev":"_VIenR0---A","orderType":"course"},{"_key":"1646833","_id":"thenFocusOn/1646833","_from":"focusAreas/1337339","_to":"focusAreas/1337341","_rev":"_VIenR02--B","orderType":"course"},{"_key":"1646491","_id":"thenFocusOn/1646491","_from":"focusAreas/1337399","_to":"focusAreas/1337401","_rev":"_VIenRwi--_","orderType":"course"},{"_key":"1646549","_id":"thenFocusOn/1646549","_from":"focusAreas/1337723","_to":"focusAreas/1337725","_rev":"_VIenRxG--_","orderType":"course"},{"_key":"1647107","_id":"thenFocusOn/1647107","_from":"focusAreas/1337787","_to":"focusAreas/1337789","_rev":"_VIenR3e---","orderType":"course"},{"_key":"1646465","_id":"thenFocusOn/1646465","_from":"focusAreas/1337721","_to":"focusAreas/1337723","_rev":"_VIenRwS--A","orderType":"course"},{"_key":"1646599","_id":"thenFocusOn/1646599","_from":"focusAreas/1337357","_to":"focusAreas/1337359","_rev":"_VIenRxi--B","orderType":"course"},{"_key":"1646809","_id":"thenFocusOn/1646809","_from":"focusAreas/1337209","_to":"focusAreas/1337211","_rev":"_VIenR0q---","orderType":"course"},{"_key":"1647151","_id":"thenFocusOn/1647151","_from":"focusAreas/1337689","_to":"focusAreas/1337691","_rev":"_VIenR32--_","orderType":"course"},{"_key":"1647091","_id":"thenFocusOn/1647091","_from":"focusAreas/1337925","_to":"focusAreas/1337927","_rev":"_VIenR3S--B","orderType":"course"},{"_key":"1646613","_id":"thenFocusOn/1646613","_from":"focusAreas/1337815","_to":"focusAreas/1337817","_rev":"_VIenRxq--B","orderType":"course"},{"_key":"1646307","_id":"thenFocusOn/1646307","_from":"focusAreas/1338131","_to":"focusAreas/1338133","_rev":"_VIenRu2---","orderType":"course"},{"_key":"1646515","_id":"thenFocusOn/1646515","_from":"focusAreas/1337879","_to":"focusAreas/1337881","_rev":"_VIenRwy--_","orderType":"course"},{"_key":"1646183","_id":"thenFocusOn/1646183","_from":"focusAreas/1337953","_to":"focusAreas/1337955","_rev":"_VIenRtq--_","orderType":"course"},{"_key":"1646211","_id":"thenFocusOn/1646211","_from":"focusAreas/1337607","_to":"focusAreas/1337609","_rev":"_VIenRt6--A","orderType":"course"},{"_key":"1646365","_id":"thenFocusOn/1646365","_from":"focusAreas/1337797","_to":"focusAreas/1337799","_rev":"_VIenRvW--A","orderType":"course"},{"_key":"1646417","_id":"thenFocusOn/1646417","_from":"focusAreas/1337941","_to":"focusAreas/1337943","_rev":"_VIenRv2--A","orderType":"course"},{"_key":"1646171","_id":"thenFocusOn/1646171","_from":"focusAreas/1337873","_to":"focusAreas/1337875","_rev":"_VIenRti--A","orderType":"course"},{"_key":"1646627","_id":"thenFocusOn/1646627","_from":"focusAreas/1337133","_to":"focusAreas/1337135","_rev":"_VIenRxy--B","orderType":"course"},{"_key":"1646485","_id":"thenFocusOn/1646485","_from":"focusAreas/1337713","_to":"focusAreas/1337715","_rev":"_VIenRwe--_","orderType":"course"},{"_key":"1646521","_id":"thenFocusOn/1646521","_from":"focusAreas/1337711","_to":"focusAreas/1337713","_rev":"_VIenRw2---","orderType":"course"},{"_key":"1646853","_id":"thenFocusOn/1646853","_from":"focusAreas/1337865","_to":"focusAreas/1337867","_rev":"_VIenR1C--A","orderType":"course"},{"_key":"1646959","_id":"thenFocusOn/1646959","_from":"focusAreas/1337469","_to":"focusAreas/1337471","_rev":"_VIenR2C--_","orderType":"course"},{"_key":"1646271","_id":"thenFocusOn/1646271","_from":"focusAreas/1337627","_to":"focusAreas/1337629","_rev":"_VIenRue--B","orderType":"course"},{"_key":"1646313","_id":"thenFocusOn/1646313","_from":"focusAreas/1337445","_to":"focusAreas/1337447","_rev":"_VIenRu6---","orderType":"course"},{"_key":"1647043","_id":"thenFocusOn/1647043","_from":"focusAreas/1337409","_to":"focusAreas/1337411","_rev":"_VIenR22--_","orderType":"course"},{"_key":"1647003","_id":"thenFocusOn/1647003","_from":"focusAreas/1337591","_to":"focusAreas/1337593","_rev":"_VIenR2e---","orderType":"course"},{"_key":"1646575","_id":"thenFocusOn/1646575","_from":"focusAreas/1337167","_to":"focusAreas/1337169","_rev":"_VIenRxW---","orderType":"course"},{"_key":"1646687","_id":"thenFocusOn/1646687","_from":"focusAreas/1337391","_to":"focusAreas/1337393","_rev":"_VIenRze--A","orderType":"course"},{"_key":"1646535","_id":"thenFocusOn/1646535","_from":"focusAreas/1337415","_to":"focusAreas/1337417","_rev":"_VIenRx---_","orderType":"course"},{"_key":"1646573","_id":"thenFocusOn/1646573","_from":"focusAreas/1337347","_to":"focusAreas/1337349","_rev":"_VIenRxS--A","orderType":"course"},{"_key":"1647181","_id":"thenFocusOn/1647181","_from":"focusAreas/1337749","_to":"focusAreas/1337751","_rev":"_VIenR4K--_","orderType":"course"},{"_key":"1646797","_id":"thenFocusOn/1646797","_from":"focusAreas/1337405","_to":"focusAreas/1337407","_rev":"_VIenR0i--_","orderType":"course"},{"_key":"1646997","_id":"thenFocusOn/1646997","_from":"focusAreas/1337367","_to":"focusAreas/1337369","_rev":"_VIenR2a---","orderType":"course"},{"_key":"1646957","_id":"thenFocusOn/1646957","_from":"focusAreas/1337857","_to":"focusAreas/1337859","_rev":"_VIenR2C---","orderType":"course"},{"_key":"1646601","_id":"thenFocusOn/1646601","_from":"focusAreas/1337821","_to":"focusAreas/1337823","_rev":"_VIenRxm---","orderType":"course"},{"_key":"1646779","_id":"thenFocusOn/1646779","_from":"focusAreas/1337791","_to":"focusAreas/1337793","_rev":"_VIenR0W--A","orderType":"course"},{"_key":"1646973","_id":"thenFocusOn/1646973","_from":"focusAreas/1337937","_to":"focusAreas/1337939","_rev":"_VIenR2K--_","orderType":"course"},{"_key":"1646999","_id":"thenFocusOn/1646999","_from":"focusAreas/1337761","_to":"focusAreas/1337763","_rev":"_VIenR2a--_","orderType":"course"},{"_key":"1647031","_id":"thenFocusOn/1647031","_from":"focusAreas/1337999","_to":"focusAreas/1338001","_rev":"_VIenR2u--A","orderType":"course"},{"_key":"1646617","_id":"thenFocusOn/1646617","_from":"focusAreas/1337319","_to":"focusAreas/1337321","_rev":"_VIenRxu--_","orderType":"course"},{"_key":"1646823","_id":"thenFocusOn/1646823","_from":"focusAreas/1337261","_to":"focusAreas/1337263","_rev":"_VIenR0y--_","orderType":"course"},{"_key":"1647039","_id":"thenFocusOn/1647039","_from":"focusAreas/1337883","_to":"focusAreas/1337885","_rev":"_VIenR2y--A","orderType":"course"},{"_key":"1646771","_id":"thenFocusOn/1646771","_from":"focusAreas/1338149","_to":"focusAreas/1338151","_rev":"_VIenR0S--A","orderType":"course"},{"_key":"1647155","_id":"thenFocusOn/1647155","_from":"focusAreas/1337561","_to":"focusAreas/1337563","_rev":"_VIenR36---","orderType":"course"},{"_key":"2474491","_id":"thenFocusOn/2474491","_from":"focusAreas/1338017","_to":"focusAreas/1338019","_rev":"_VKsIL6y---","orderType":"course"},{"_key":"1647131","_id":"thenFocusOn/1647131","_from":"focusAreas/1337451","_to":"focusAreas/1337453","_rev":"_VIenR3q--_","orderType":"course"},{"_key":"1646869","_id":"thenFocusOn/1646869","_from":"focusAreas/1337177","_to":"focusAreas/1337179","_rev":"_VIenR1O---","orderType":"course"},{"_key":"1646499","_id":"thenFocusOn/1646499","_from":"focusAreas/1337141","_to":"focusAreas/1337143","_rev":"_VIenRwq---","orderType":"course"},{"_key":"1646123","_id":"thenFocusOn/1646123","_from":"focusAreas/1337991","_to":"focusAreas/1337993","_rev":"_VIenRtC---","orderType":"course"},{"_key":"1646709","_id":"thenFocusOn/1646709","_from":"focusAreas/1338051","_to":"focusAreas/1338053","_rev":"_VIenRzu---","orderType":"course"},{"_key":"2474533","_id":"thenFocusOn/2474533","_from":"focusAreas/1338039","_to":"focusAreas/1338041","_rev":"_VKsIsuO---","orderType":"course"},{"_key":"1647165","_id":"thenFocusOn/1647165","_from":"focusAreas/1338001","_to":"focusAreas/1338003","_rev":"_VIenR4C---","orderType":"course"},{"_key":"1646867","_id":"thenFocusOn/1646867","_from":"focusAreas/1337557","_to":"focusAreas/1337559","_rev":"_VIenR1K--A","orderType":"course"},{"_key":"1646349","_id":"thenFocusOn/1646349","_from":"focusAreas/1338139","_to":"focusAreas/1338141","_rev":"_VIenRvO--_","orderType":"course"},{"_key":"1646413","_id":"thenFocusOn/1646413","_from":"focusAreas/1337927","_to":"focusAreas/1337929","_rev":"_VIenRv2---","orderType":"course"},{"_key":"1646471","_id":"thenFocusOn/1646471","_from":"focusAreas/1338107","_to":"focusAreas/1338109","_rev":"_VIenRwW--_","orderType":"course"},{"_key":"1647017","_id":"thenFocusOn/1647017","_from":"focusAreas/1337609","_to":"focusAreas/1337611","_rev":"_VIenR2m--_","orderType":"course"},{"_key":"1646255","_id":"thenFocusOn/1646255","_from":"focusAreas/1338011","_to":"focusAreas/1338013","_rev":"_VIenRuW--_","orderType":"course"},{"_key":"1646133","_id":"thenFocusOn/1646133","_from":"focusAreas/1338079","_to":"focusAreas/1338081","_rev":"_VIenRtK--_","orderType":"course"},{"_key":"1647045","_id":"thenFocusOn/1647045","_from":"focusAreas/1337875","_to":"focusAreas/1337877","_rev":"_VIenR22--A","orderType":"course"},{"_key":"1646169","_id":"thenFocusOn/1646169","_from":"focusAreas/1337933","_to":"focusAreas/1337935","_rev":"_VIenRti--_","orderType":"course"},{"_key":"1647127","_id":"thenFocusOn/1647127","_from":"focusAreas/1337889","_to":"focusAreas/1337891","_rev":"_VIenR3m--B","orderType":"course"},{"_key":"1646861","_id":"thenFocusOn/1646861","_from":"focusAreas/1337299","_to":"focusAreas/1337301","_rev":"_VIenR1G--A","orderType":"course"},{"_key":"1646849","_id":"thenFocusOn/1646849","_from":"focusAreas/1337045","_to":"focusAreas/1337047","_rev":"_VIenR1C---","orderType":"course"},{"_key":"1646281","_id":"thenFocusOn/1646281","_from":"focusAreas/1337551","_to":"focusAreas/1337553","_rev":"_VIenRum--_","orderType":"course"},{"_key":"1646711","_id":"thenFocusOn/1646711","_from":"focusAreas/1337289","_to":"focusAreas/1337291","_rev":"_VIenRzu--_","orderType":"course"},{"_key":"1646201","_id":"thenFocusOn/1646201","_from":"focusAreas/1337423","_to":"focusAreas/1337425","_rev":"_VIenRt2--_","orderType":"course"},{"_key":"1647291","_id":"thenFocusOn/1647291","_from":"focusAreas/1337247","_to":"focusAreas/1337249","_rev":"_VIeoH4S--J","orderType":"grade"},{"_key":"1646757","_id":"thenFocusOn/1646757","_from":"focusAreas/1337205","_to":"focusAreas/1337207","_rev":"_VIenR0K--A","orderType":"course"},{"_key":"1646175","_id":"thenFocusOn/1646175","_from":"focusAreas/1337939","_to":"focusAreas/1337941","_rev":"_VIenRtm--_","orderType":"course"},{"_key":"1646373","_id":"thenFocusOn/1646373","_from":"focusAreas/1337243","_to":"focusAreas/1337245","_rev":"_VIenRve---","orderType":"course"},{"_key":"1646631","_id":"thenFocusOn/1646631","_from":"focusAreas/1337251","_to":"focusAreas/1337253","_rev":"_VIenRx2--_","orderType":"course"},{"_key":"1646381","_id":"thenFocusOn/1646381","_from":"focusAreas/1337517","_to":"focusAreas/1337519","_rev":"_VIenRvi--_","orderType":"course"},{"_key":"1646603","_id":"thenFocusOn/1646603","_from":"focusAreas/1337431","_to":"focusAreas/1337433","_rev":"_VIenRxm--_","orderType":"course"},{"_key":"1646501","_id":"thenFocusOn/1646501","_from":"focusAreas/1337175","_to":"focusAreas/1337177","_rev":"_VIenRwq--_","orderType":"course"},{"_key":"1646151","_id":"thenFocusOn/1646151","_from":"focusAreas/1337895","_to":"focusAreas/1337897","_rev":"_VIenRtW--A","orderType":"course"},{"_key":"1647085","_id":"thenFocusOn/1647085","_from":"focusAreas/1338053","_to":"focusAreas/1338055","_rev":"_VIenR3S---","orderType":"course"},{"_key":"1646717","_id":"thenFocusOn/1646717","_from":"focusAreas/1337333","_to":"focusAreas/1337335","_rev":"_VIenRzy--_","orderType":"course"},{"_key":"1647727","_id":"thenFocusOn/1647727","_from":"focusAreas/1337931","_to":"focusAreas/1337933","_rev":"_VIeuJ7u---","orderType":"course"},{"_key":"1646355","_id":"thenFocusOn/1646355","_from":"focusAreas/1337971","_to":"focusAreas/1337973","_rev":"_VIenRvS--_","orderType":"course"},{"_key":"1646543","_id":"thenFocusOn/1646543","_from":"focusAreas/1338055","_to":"focusAreas/1338057","_rev":"_VIenRxC--_","orderType":"course"},{"_key":"1646927","_id":"thenFocusOn/1646927","_from":"focusAreas/1337531","_to":"focusAreas/1337533","_rev":"_VIenR1u--A","orderType":"course"},{"_key":"1646885","_id":"thenFocusOn/1646885","_from":"focusAreas/1337545","_to":"focusAreas/1337547","_rev":"_VIenR1W--_","orderType":"course"},{"_key":"1646781","_id":"thenFocusOn/1646781","_from":"focusAreas/1338083","_to":"focusAreas/1338085","_rev":"_VIenR0a---","orderType":"course"},{"_key":"1646487","_id":"thenFocusOn/1646487","_from":"focusAreas/1338125","_to":"focusAreas/1338127","_rev":"_VIenRwe--A","orderType":"course"},{"_key":"1646783","_id":"thenFocusOn/1646783","_from":"focusAreas/1337959","_to":"focusAreas/1337961","_rev":"_VIenR0a--_","orderType":"course"},{"_key":"1647007","_id":"thenFocusOn/1647007","_from":"focusAreas/1337523","_to":"focusAreas/1337525","_rev":"_VIenR2e--A","orderType":"course"},{"_key":"1646333","_id":"thenFocusOn/1646333","_from":"focusAreas/1337715","_to":"focusAreas/1337717","_rev":"_VIenRvG--_","orderType":"course"},{"_key":"1646287","_id":"thenFocusOn/1646287","_from":"focusAreas/1337311","_to":"focusAreas/1337313","_rev":"_VIenRuq---","orderType":"course"},{"_key":"1646725","_id":"thenFocusOn/1646725","_from":"focusAreas/1337095","_to":"focusAreas/1337097","_rev":"_VIenRz2--_","orderType":"course"},{"_key":"1646881","_id":"thenFocusOn/1646881","_from":"focusAreas/1337553","_to":"focusAreas/1337555","_rev":"_VIenR1S--B","orderType":"course"},{"_key":"1647253","_id":"thenFocusOn/1647253","_from":"focusAreas/1337679","_to":"focusAreas/1337681","_rev":"_VIeoH4O--B","orderType":"grade"},{"_key":"1646763","_id":"thenFocusOn/1646763","_from":"focusAreas/1337395","_to":"focusAreas/1337397","_rev":"_VIenR0O--_","orderType":"course"},{"_key":"1646581","_id":"thenFocusOn/1646581","_from":"focusAreas/1337571","_to":"focusAreas/1337573","_rev":"_VIenRxW--B","orderType":"course"},{"_key":"1647089","_id":"thenFocusOn/1647089","_from":"focusAreas/1337067","_to":"focusAreas/1337069","_rev":"_VIenR3S--A","orderType":"course"},{"_key":"1646621","_id":"thenFocusOn/1646621","_from":"focusAreas/1337673","_to":"focusAreas/1337675","_rev":"_VIenRxy---","orderType":"course"},{"_key":"1646401","_id":"thenFocusOn/1646401","_from":"focusAreas/1337505","_to":"focusAreas/1337507","_rev":"_VIenRvu--_","orderType":"course"},{"_key":"1646639","_id":"thenFocusOn/1646639","_from":"focusAreas/1337483","_to":"focusAreas/1337485","_rev":"_VIenRx6--A","orderType":"course"},{"_key":"1646875","_id":"thenFocusOn/1646875","_from":"focusAreas/1337277","_to":"focusAreas/1337279","_rev":"_VIenR1S---","orderType":"course"},{"_key":"1646683","_id":"thenFocusOn/1646683","_from":"focusAreas/1337447","_to":"focusAreas/1337449","_rev":"_VIenRze---","orderType":"course"},{"_key":"1647255","_id":"thenFocusOn/1647255","_from":"focusAreas/1337093","_to":"focusAreas/1337095","_rev":"_VIeoH4O--C","orderType":"grade"},{"_key":"1646403","_id":"thenFocusOn/1646403","_from":"focusAreas/1337301","_to":"focusAreas/1337303","_rev":"_VIenRvu--A","orderType":"course"},{"_key":"1646855","_id":"thenFocusOn/1646855","_from":"focusAreas/1337621","_to":"focusAreas/1337623","_rev":"_VIenR1C--B","orderType":"course"},{"_key":"1646135","_id":"thenFocusOn/1646135","_from":"focusAreas/1337305","_to":"focusAreas/1337307","_rev":"_VIenRtO---","orderType":"course"},{"_key":"1646555","_id":"thenFocusOn/1646555","_from":"focusAreas/1337195","_to":"focusAreas/1337197","_rev":"_VIenRxK---","orderType":"course"},{"_key":"1646167","_id":"thenFocusOn/1646167","_from":"focusAreas/1338113","_to":"focusAreas/1338115","_rev":"_VIenRti---","orderType":"course"},{"_key":"1647055","_id":"thenFocusOn/1647055","_from":"focusAreas/1337677","_to":"focusAreas/1337679","_rev":"_VIenR3---_","orderType":"course"},{"_key":"1647123","_id":"thenFocusOn/1647123","_from":"focusAreas/1337281","_to":"focusAreas/1337283","_rev":"_VIenR3m--_","orderType":"course"},{"_key":"1646433","_id":"thenFocusOn/1646433","_from":"focusAreas/1337303","_to":"focusAreas/1337305","_rev":"_VIenRwC---","orderType":"course"},{"_key":"1646961","_id":"thenFocusOn/1646961","_from":"focusAreas/1337805","_to":"focusAreas/1337807","_rev":"_VIenR2C--A","orderType":"course"},{"_key":"1647135","_id":"thenFocusOn/1647135","_from":"focusAreas/1337381","_to":"focusAreas/1337383","_rev":"_VIenR3u---","orderType":"course"},{"_key":"1646767","_id":"thenFocusOn/1646767","_from":"focusAreas/1337125","_to":"focusAreas/1337127","_rev":"_VIenR0S---","orderType":"course"},{"_key":"1647163","_id":"thenFocusOn/1647163","_from":"focusAreas/1337051","_to":"focusAreas/1337053","_rev":"_VIenR4---_","orderType":"course"},{"_key":"1646901","_id":"thenFocusOn/1646901","_from":"focusAreas/1337731","_to":"focusAreas/1337733","_rev":"_VIenR1e--A","orderType":"course"},{"_key":"1646311","_id":"thenFocusOn/1646311","_from":"focusAreas/1337345","_to":"focusAreas/1337347","_rev":"_VIenRu2--A","orderType":"course"},{"_key":"2475036","_id":"thenFocusOn/2475036","_from":"focusAreas/1337983","_to":"focusAreas/1338129","_rev":"_VKsLhqW---","orderType":"course"},{"_key":"1647075","_id":"thenFocusOn/1647075","_from":"focusAreas/1337563","_to":"focusAreas/1337565","_rev":"_VIenR3K--_","orderType":"course"},{"_key":"1646231","_id":"thenFocusOn/1646231","_from":"focusAreas/1337109","_to":"focusAreas/1337111","_rev":"_VIenRuG--_","orderType":"course"},{"_key":"1646989","_id":"thenFocusOn/1646989","_from":"focusAreas/1337549","_to":"focusAreas/1337551","_rev":"_VIenR2S--A","orderType":"course"},{"_key":"1647143","_id":"thenFocusOn/1647143","_from":"focusAreas/1337601","_to":"focusAreas/1337603","_rev":"_VIenR3y---","orderType":"course"},{"_key":"1646143","_id":"thenFocusOn/1646143","_from":"focusAreas/1337923","_to":"focusAreas/1337925","_rev":"_VIenRtS--_","orderType":"course"},{"_key":"1646145","_id":"thenFocusOn/1646145","_from":"focusAreas/1337993","_to":"focusAreas/1337995","_rev":"_VIenRtS--A","orderType":"course"},{"_key":"1646245","_id":"thenFocusOn/1646245","_from":"focusAreas/1337371","_to":"focusAreas/1337373","_rev":"_VIenRuS---","orderType":"course"},{"_key":"1646329","_id":"thenFocusOn/1646329","_from":"focusAreas/1337185","_to":"focusAreas/1337187","_rev":"_VIenRvC--A","orderType":"course"},{"_key":"1646459","_id":"thenFocusOn/1646459","_from":"focusAreas/1337231","_to":"focusAreas/1337233","_rev":"_VIenRwO--A","orderType":"course"},{"_key":"1647261","_id":"thenFocusOn/1647261","_from":"focusAreas/1337329","_to":"focusAreas/1337331","_rev":"_VIeoH4O--F","orderType":"grade"},{"_key":"1646185","_id":"thenFocusOn/1646185","_from":"focusAreas/1337693","_to":"focusAreas/1337695","_rev":"_VIenRtq--A","orderType":"course"},{"_key":"1646443","_id":"thenFocusOn/1646443","_from":"focusAreas/1337629","_to":"focusAreas/1337631","_rev":"_VIenRwG--_","orderType":"course"},{"_key":"1646647","_id":"thenFocusOn/1646647","_from":"focusAreas/1338013","_to":"focusAreas/1338015","_rev":"_VIenRyC--_","orderType":"course"},{"_key":"1646205","_id":"thenFocusOn/1646205","_from":"focusAreas/1337581","_to":"focusAreas/1337583","_rev":"_VIenRt2--B","orderType":"course"},{"_key":"1646817","_id":"thenFocusOn/1646817","_from":"focusAreas/1338147","_to":"focusAreas/1338149","_rev":"_VIenR0u--_","orderType":"course"},{"_key":"1646153","_id":"thenFocusOn/1646153","_from":"focusAreas/1337585","_to":"focusAreas/1337587","_rev":"_VIenRta---","orderType":"course"},{"_key":"1647179","_id":"thenFocusOn/1647179","_from":"focusAreas/1337717","_to":"focusAreas/1337719","_rev":"_VIenR4K---","orderType":"course"},{"_key":"1646673","_id":"thenFocusOn/1646673","_from":"focusAreas/1337135","_to":"focusAreas/1337137","_rev":"_VIenRzW--A","orderType":"course"},{"_key":"1647171","_id":"thenFocusOn/1647171","_from":"focusAreas/1337623","_to":"focusAreas/1337625","_rev":"_VIenR4C--B","orderType":"course"},{"_key":"1646761","_id":"thenFocusOn/1646761","_from":"focusAreas/1337101","_to":"focusAreas/1337103","_rev":"_VIenR0O---","orderType":"course"},{"_key":"1646511","_id":"thenFocusOn/1646511","_from":"focusAreas/1337127","_to":"focusAreas/1337129","_rev":"_VIenRwu--A","orderType":"course"},{"_key":"1646675","_id":"thenFocusOn/1646675","_from":"focusAreas/1338109","_to":"focusAreas/1338111","_rev":"_VIenRza---","orderType":"course"},{"_key":"1647169","_id":"thenFocusOn/1647169","_from":"focusAreas/1337369","_to":"focusAreas/1337371","_rev":"_VIenR4C--A","orderType":"course"},{"_key":"1646393","_id":"thenFocusOn/1646393","_from":"focusAreas/1337487","_to":"focusAreas/1337489","_rev":"_VIenRvq---","orderType":"course"},{"_key":"1646523","_id":"thenFocusOn/1646523","_from":"focusAreas/1337449","_to":"focusAreas/1337451","_rev":"_VIenRw2--_","orderType":"course"},{"_key":"1646525","_id":"thenFocusOn/1646525","_from":"focusAreas/1337165","_to":"focusAreas/1337167","_rev":"_VIenRw2--A","orderType":"course"},{"_key":"1647051","_id":"thenFocusOn/1647051","_from":"focusAreas/1337539","_to":"focusAreas/1337541","_rev":"_VIenR26--A","orderType":"course"},{"_key":"1646347","_id":"thenFocusOn/1646347","_from":"focusAreas/1337769","_to":"focusAreas/1337771","_rev":"_VIenRvO---","orderType":"course"},{"_key":"1646889","_id":"thenFocusOn/1646889","_from":"focusAreas/1337219","_to":"focusAreas/1337221","_rev":"_VIenR1a---","orderType":"course"},{"_key":"1646975","_id":"thenFocusOn/1646975","_from":"focusAreas/1337221","_to":"focusAreas/1337223","_rev":"_VIenR2K--A","orderType":"course"},{"_key":"1646425","_id":"thenFocusOn/1646425","_from":"focusAreas/1337283","_to":"focusAreas/1337285","_rev":"_VIenRv6--B","orderType":"course"},{"_key":"1646361","_id":"thenFocusOn/1646361","_from":"focusAreas/1337055","_to":"focusAreas/1337057","_rev":"_VIenRvW---","orderType":"course"},{"_key":"1646729","_id":"thenFocusOn/1646729","_from":"focusAreas/1337893","_to":"focusAreas/1337895","_rev":"_VIenRz6---","orderType":"course"},{"_key":"1646409","_id":"thenFocusOn/1646409","_from":"focusAreas/1338101","_to":"focusAreas/1338103","_rev":"_VIenRvy--_","orderType":"course"},{"_key":"1646363","_id":"thenFocusOn/1646363","_from":"focusAreas/1337759","_to":"focusAreas/1337761","_rev":"_VIenRvW--_","orderType":"course"},{"_key":"1646877","_id":"thenFocusOn/1646877","_from":"focusAreas/1337155","_to":"focusAreas/1337157","_rev":"_VIenR1S--_","orderType":"course"},{"_key":"1647027","_id":"thenFocusOn/1647027","_from":"focusAreas/1338075","_to":"focusAreas/1338077","_rev":"_VIenR2u---","orderType":"course"},{"_key":"1646497","_id":"thenFocusOn/1646497","_from":"focusAreas/1337807","_to":"focusAreas/1337809","_rev":"_VIenRwm--_","orderType":"course"},{"_key":"1647029","_id":"thenFocusOn/1647029","_from":"focusAreas/1337453","_to":"focusAreas/1337455","_rev":"_VIenR2u--_","orderType":"course"},{"_key":"1646181","_id":"thenFocusOn/1646181","_from":"focusAreas/1337375","_to":"focusAreas/1337377","_rev":"_VIenRtq---","orderType":"course"},{"_key":"1646277","_id":"thenFocusOn/1646277","_from":"focusAreas/1337535","_to":"focusAreas/1337537","_rev":"_VIenRui--A","orderType":"course"},{"_key":"1646605","_id":"thenFocusOn/1646605","_from":"focusAreas/1337491","_to":"focusAreas/1337493","_rev":"_VIenRxm--A","orderType":"course"},{"_key":"1646801","_id":"thenFocusOn/1646801","_from":"focusAreas/1337267","_to":"focusAreas/1337269","_rev":"_VIenR0m---","orderType":"course"},{"_key":"2475068","_id":"thenFocusOn/2475068","_from":"focusAreas/1337983","_to":"focusAreas/1338091","_rev":"_VKsL2BG---","orderType":"course"},{"_key":"1646453","_id":"thenFocusOn/1646453","_from":"focusAreas/1337151","_to":"focusAreas/1337153","_rev":"_VIenRwK--B","orderType":"course"},{"_key":"1646537","_id":"thenFocusOn/1646537","_from":"focusAreas/1337917","_to":"focusAreas/1337919","_rev":"_VIenRx---A","orderType":"course"},{"_key":"1646873","_id":"thenFocusOn/1646873","_from":"focusAreas/1337587","_to":"focusAreas/1337589","_rev":"_VIenR1O--A","orderType":"course"},{"_key":"1646129","_id":"thenFocusOn/1646129","_from":"focusAreas/1337987","_to":"focusAreas/1337989","_rev":"_VIenRtG--A","orderType":"course"},{"_key":"1647065","_id":"thenFocusOn/1647065","_from":"focusAreas/1337227","_to":"focusAreas/1337229","_rev":"_VIenR3G---","orderType":"course"},{"_key":"1646777","_id":"thenFocusOn/1646777","_from":"focusAreas/1337163","_to":"focusAreas/1337165","_rev":"_VIenR0W--_","orderType":"course"},{"_key":"1647279","_id":"thenFocusOn/1647279","_from":"focusAreas/1337867","_to":"focusAreas/1337985","_rev":"_VIeoH4S--D","orderType":"grade"},{"_key":"1646323","_id":"thenFocusOn/1646323","_from":"focusAreas/1337671","_to":"focusAreas/1337673","_rev":"_VIenRv---A","orderType":"course"},{"_key":"1646253","_id":"thenFocusOn/1646253","_from":"focusAreas/1337977","_to":"focusAreas/1337979","_rev":"_VIenRuW---","orderType":"course"},{"_key":"1646821","_id":"thenFocusOn/1646821","_from":"focusAreas/1337245","_to":"focusAreas/1337247","_rev":"_VIenR0y---","orderType":"course"},{"_key":"1646551","_id":"thenFocusOn/1646551","_from":"focusAreas/1337961","_to":"focusAreas/1337963","_rev":"_VIenRxG--A","orderType":"course"},{"_key":"1646509","_id":"thenFocusOn/1646509","_from":"focusAreas/1338095","_to":"focusAreas/1338097","_rev":"_VIenRwu--_","orderType":"course"},{"_key":"1647141","_id":"thenFocusOn/1647141","_from":"focusAreas/1337637","_to":"focusAreas/1337639","_rev":"_VIenR3u--B","orderType":"course"},{"_key":"1647157","_id":"thenFocusOn/1647157","_from":"focusAreas/1337507","_to":"focusAreas/1337509","_rev":"_VIenR36--_","orderType":"course"},{"_key":"1646839","_id":"thenFocusOn/1646839","_from":"focusAreas/1338119","_to":"focusAreas/1338121","_rev":"_VIenR06--A","orderType":"course"},{"_key":"1646597","_id":"thenFocusOn/1646597","_from":"focusAreas/1337853","_to":"focusAreas/1337855","_rev":"_VIenRxi--A","orderType":"course"},{"_key":"1647053","_id":"thenFocusOn/1647053","_from":"focusAreas/1337699","_to":"focusAreas/1337701","_rev":"_VIenR3----","orderType":"course"},{"_key":"1646933","_id":"thenFocusOn/1646933","_from":"focusAreas/1337513","_to":"focusAreas/1337515","_rev":"_VIenR1y--A","orderType":"course"},{"_key":"1646705","_id":"thenFocusOn/1646705","_from":"focusAreas/1337825","_to":"focusAreas/1337827","_rev":"_VIenRzq--A","orderType":"course"},{"_key":"1646607","_id":"thenFocusOn/1646607","_from":"focusAreas/1337511","_to":"focusAreas/1337513","_rev":"_VIenRxq---","orderType":"course"},{"_key":"1646467","_id":"thenFocusOn/1646467","_from":"focusAreas/1337871","_to":"focusAreas/1337873","_rev":"_VIenRwS--B","orderType":"course"},{"_key":"1646739","_id":"thenFocusOn/1646739","_from":"focusAreas/1338097","_to":"focusAreas/1338099","_rev":"_VIenR0---B","orderType":"course"},{"_key":"1646967","_id":"thenFocusOn/1646967","_from":"focusAreas/1337969","_to":"focusAreas/1337971","_rev":"_VIenR2G--A","orderType":"course"},{"_key":"1646149","_id":"thenFocusOn/1646149","_from":"focusAreas/1337189","_to":"focusAreas/1337191","_rev":"_VIenRtW--_","orderType":"course"},{"_key":"1646995","_id":"thenFocusOn/1646995","_from":"focusAreas/1337657","_to":"focusAreas/1337659","_rev":"_VIenR2W--A","orderType":"course"},{"_key":"1646591","_id":"thenFocusOn/1646591","_from":"focusAreas/1337047","_to":"focusAreas/1337049","_rev":"_VIenRxe--_","orderType":"course"},{"_key":"1647013","_id":"thenFocusOn/1647013","_from":"focusAreas/1337421","_to":"focusAreas/1337423","_rev":"_VIenR2i--A","orderType":"course"},{"_key":"1646451","_id":"thenFocusOn/1646451","_from":"focusAreas/1337351","_to":"focusAreas/1337353","_rev":"_VIenRwK--A","orderType":"course"},{"_key":"1646759","_id":"thenFocusOn/1646759","_from":"focusAreas/1337499","_to":"focusAreas/1337501","_rev":"_VIenR0K--B","orderType":"course"},{"_key":"1646835","_id":"thenFocusOn/1646835","_from":"focusAreas/1337187","_to":"focusAreas/1337189","_rev":"_VIenR06---","orderType":"course"},{"_key":"1646905","_id":"thenFocusOn/1646905","_from":"focusAreas/1337061","_to":"focusAreas/1337063","_rev":"_VIenR1i--_","orderType":"course"},{"_key":"1646387","_id":"thenFocusOn/1646387","_from":"focusAreas/1337765","_to":"focusAreas/1337767","_rev":"_VIenRvm---","orderType":"course"},{"_key":"1646625","_id":"thenFocusOn/1646625","_from":"focusAreas/1338145","_to":"focusAreas/1338147","_rev":"_VIenRxy--A","orderType":"course"},{"_key":"1646455","_id":"thenFocusOn/1646455","_from":"focusAreas/1338019","_to":"focusAreas/1338021","_rev":"_VIenRwO---","orderType":"course"},{"_key":"1646233","_id":"thenFocusOn/1646233","_from":"focusAreas/1337533","_to":"focusAreas/1337535","_rev":"_VIenRuK---","orderType":"course"},{"_key":"1646691","_id":"thenFocusOn/1646691","_from":"focusAreas/1338161","_to":"focusAreas/1338163","_rev":"_VIenRzi--_","orderType":"course"},{"_key":"1646775","_id":"thenFocusOn/1646775","_from":"focusAreas/1337617","_to":"focusAreas/1337619","_rev":"_VIenR0W---","orderType":"course"},{"_key":"1646327","_id":"thenFocusOn/1646327","_from":"focusAreas/1337649","_to":"focusAreas/1337651","_rev":"_VIenRvC--_","orderType":"course"},{"_key":"1646421","_id":"thenFocusOn/1646421","_from":"focusAreas/1337139","_to":"focusAreas/1337141","_rev":"_VIenRv6--_","orderType":"course"},{"_key":"1646127","_id":"thenFocusOn/1646127","_from":"focusAreas/1337547","_to":"focusAreas/1337549","_rev":"_VIenRtG--_","orderType":"course"},{"_key":"1646985","_id":"thenFocusOn/1646985","_from":"focusAreas/1337691","_to":"focusAreas/1337693","_rev":"_VIenR2S---","orderType":"course"},{"_key":"1647177","_id":"thenFocusOn/1647177","_from":"focusAreas/1337321","_to":"focusAreas/1337323","_rev":"_VIenR4G--A","orderType":"course"},{"_key":"1646369","_id":"thenFocusOn/1646369","_from":"focusAreas/1337781","_to":"focusAreas/1337783","_rev":"_VIenRva--_","orderType":"course"},{"_key":"1646977","_id":"thenFocusOn/1646977","_from":"focusAreas/1337197","_to":"focusAreas/1337199","_rev":"_VIenR2O---","orderType":"course"},{"_key":"1646519","_id":"thenFocusOn/1646519","_from":"focusAreas/1337439","_to":"focusAreas/1337441","_rev":"_VIenRwy--B","orderType":"course"},{"_key":"1646351","_id":"thenFocusOn/1646351","_from":"focusAreas/1338003","_to":"focusAreas/1338005","_rev":"_VIenRvO--A","orderType":"course"},{"_key":"1646367","_id":"thenFocusOn/1646367","_from":"focusAreas/1337403","_to":"focusAreas/1337405","_rev":"_VIenRva---","orderType":"course"}]