{"type":2300,"data":{"_from":"auth_users/5874697","_id":"auth_user_hasRole/5874713","_key":"5874713","_rev":"_VVRDTCi--I","_to":"auth_roles/2836152","createdBy":"teacher1@school.com","dateCreated":1500902675529,"dateUpdated":null,"updatedBy":null}}
{"type":2300,"data":{"_from":"auth_users/5874690","_id":"auth_user_hasRole/5874711","_key":"5874711","_rev":"_VVRDTCi--C","_to":"auth_roles/2836152","createdBy":"teacher1@school.com","dateCreated":1500902675529,"dateUpdated":null,"updatedBy":null}}
{"type":2300,"data":{"_from":"auth_users/5874686","_id":"auth_user_hasRole/5874707","_key":"5874707","_rev":"_VVRDTCi--A","_to":"auth_roles/2836152","createdBy":"teacher1@school.com","dateCreated":1500902675529,"dateUpdated":null,"updatedBy":null}}
{"type":2300,"data":{"_from":"auth_users/5874684","_id":"auth_user_hasRole/5874705","_key":"5874705","_rev":"_VVRDTCi--_","_to":"auth_roles/2836152","createdBy":"teacher1@school.com","dateCreated":1500902675529,"dateUpdated":null,"updatedBy":null}}
{"type":2300,"data":{"_from":"auth_users/5873938","_id":"auth_user_hasRole/5873954","_key":"5873954","_rev":"_VVQ9Stu---","_to":"auth_roles/2836253","active":true,"createdBy":"fiona.hegarty@icloud.com","dateCreated":1500902281980,"dateUpdated":null,"updatedBy":null}}
{"type":2300,"data":{"_from":"auth_users/5874688","_id":"auth_user_hasRole/5874709","_key":"5874709","_rev":"_VVRDTCi--B","_to":"auth_roles/2836152","createdBy":"teacher1@school.com","dateCreated":1500902675529,"dateUpdated":null,"updatedBy":null}}
{"type":2300,"data":{"_from":"auth_users/5874680","_id":"auth_user_hasRole/5874701","_key":"5874701","_rev":"_VVRDTCi---","_to":"auth_roles/2836152","createdBy":"teacher1@school.com","dateCreated":1500902675529,"dateUpdated":null,"updatedBy":null}}
{"type":2300,"data":{"_from":"auth_users/5193905","_id":"auth_user_hasRole/5193912","_key":"5193912","_rev":"_VTVc3X2---","_to":"auth_roles/2835986","createdBy":"chris@sidekick.education","dateCreated":1500384257438,"dateUpdated":null,"updatedBy":null}}
{"type":2300,"data":{"_from":"auth_users/5193820","_id":"auth_user_hasRole/5193827","_key":"5193827","_rev":"_VTVbx6y---","_to":"auth_roles/2835928","createdBy":"chris@sidekick.education","dateCreated":1500384186317,"dateUpdated":null,"updatedBy":null}}
{"type":2300,"data":{"_from":"auth_users/5191142","_id":"auth_user_hasRole/5191149","_key":"5191149","_rev":"_VTV-C0e---","_to":"auth_roles/2836152","createdBy":"chris@sidekick.education","dateCreated":1500382237544,"dateUpdated":null,"updatedBy":null}}
{"type":2300,"data":{"_from":"auth_users/5142947","_id":"auth_user_hasRole/5142954","_key":"5142954","_rev":"_VTMWIhm---","_to":"auth_roles/2835986","createdBy":"fiona.hegarty@icloud.com","dateCreated":1500346067513,"dateUpdated":null,"updatedBy":null}}
{"type":2300,"data":{"_from":"auth_users/5143631","_id":"auth_user_hasRole/5143638","_key":"5143638","_rev":"_VTMbMY2---","_to":"auth_roles/2836253","createdBy":"fiona.hegarty@icloud.com","dateCreated":1500346399150,"dateUpdated":null,"updatedBy":null}}
{"type":2300,"data":{"_from":"auth_users/5143558","_id":"auth_user_hasRole/5143565","_key":"5143565","_rev":"_VTMagl6---","_to":"auth_roles/2835986","createdBy":"fiona.hegarty@icloud.com","dateCreated":1500346354303,"dateUpdated":null,"updatedBy":null}}
{"type":2300,"data":{"_from":"auth_users/5191434","_id":"auth_user_hasRole/5191441","_key":"5191441","_rev":"_VTV_YYu---","_to":"auth_roles/2836253","createdBy":"chris@sidekick.education","dateCreated":1500382325164,"dateUpdated":null,"updatedBy":null}}
{"type":2300,"data":{"_from":"auth_users/5143481","_id":"auth_user_hasRole/5143488","_key":"5143488","_rev":"_VTMZw9W---","_to":"auth_roles/2835986","createdBy":"fiona.hegarty@icloud.com","dateCreated":1500346305526,"dateUpdated":null,"updatedBy":null}}
{"type":2300,"data":{"_from":"auth_users/5187477","_id":"auth_user_hasRole/5187484","_key":"5187484","_rev":"_VTUTjDS---","_to":"auth_roles/2836152","createdBy":"fiona.hegarty@icloud.com","dateCreated":1500379452501,"dateUpdated":null,"updatedBy":null}}
{"type":2300,"data":{"_from":"auth_users/5142889","_id":"auth_user_hasRole/5142896","_key":"5142896","_rev":"_VTMVoXC---","_to":"auth_roles/2835986","createdBy":"fiona.hegarty@icloud.com","dateCreated":1500346034577,"dateUpdated":null,"updatedBy":null}}
{"type":2300,"data":{"_from":"auth_users/5142795","_id":"auth_user_hasRole/5142802","_key":"5142802","_rev":"_VTMUZva---","_to":"auth_roles/2835986","createdBy":"fiona.hegarty@icloud.com","dateCreated":1500345954071,"dateUpdated":null,"updatedBy":null}}
{"type":2300,"data":{"_from":"auth_users/3429646","_id":"auth_user_hasRole/2936316","_key":"2936316","_rev":"_VTLPwmO---","_to":"auth_roles/2835986"}}
{"type":2300,"data":{"_from":"auth_users/6213600","_id":"auth_user_hasRole/6213610","_key":"6213610","_rev":"_VY8ZqIO---","_to":"auth_roles/2836152","createdBy":"fiona.hegarty@icloud.com","dateCreated":1501941974435,"dateUpdated":null,"updatedBy":null}}
{"type":2300,"data":{"_from":"auth_users/6213604","_id":"auth_user_hasRole/6213614","_key":"6213614","_rev":"_VY8ZqIS---","_to":"auth_roles/2836152","createdBy":"fiona.hegarty@icloud.com","dateCreated":1501941974435,"dateUpdated":null,"updatedBy":null}}
{"type":2300,"data":{"_from":"auth_users/6213606","_id":"auth_user_hasRole/6213616","_key":"6213616","_rev":"_VY8ZqIS--_","_to":"auth_roles/2836152","createdBy":"fiona.hegarty@icloud.com","dateCreated":1501941974435,"dateUpdated":null,"updatedBy":null}}
{"type":2300,"data":{"_from":"auth_users/6214216","_id":"auth_user_hasRole/6214220","_key":"6214220","_rev":"_VY8goWa--_","_to":"auth_roles/2836152","createdBy":"fiona.hegarty@icloud.com","dateCreated":1501942431346,"dateUpdated":null,"updatedBy":null}}
