{"indexes":[],"parameters":{"allowUserKeys":true,"cid":"2855766","count":0,"deleted":false,"doCompact":true,"id":"2855766","indexBuckets":8,"indexes":[{"fields":["_key"],"id":"0","selectivityEstimate":1,"sparse":false,"type":"primary","unique":true},{"deduplicate":true,"fields":["username"],"id":"2855769","selectivityEstimate":1,"sparse":false,"type":"hash","unique":true},{"deduplicate":true,"fields":["username","studentId"],"id":"5822429","selectivityEstimate":1,"sparse":false,"type":"hash","unique":true}],"isSmart":false,"isSystem":false,"isVolatile":false,"journalSize":33554432,"keyOptions":{"allowUserKeys":true,"lastValue":5874697,"type":"traditional"},"name":"auth_users","numberOfShards":1,"planId":"2855766","replicationFactor":1,"shardKeys":["_key"],"shards":{},"status":4,"type":2,"version":6,"waitForSync":false}}