{"type":2300,"data":{"_from":"auth_users/5874688","_id":"hasCourse/5874725","_key":"5874725","_rev":"_VVRDTLC--C","_to":"courses/3766111","createdBy":"teacher1@school.com","dateCreated":1500902675664,"dateUpdated":1500902675665,"section":"Eng","updatedBy":"teacher1@school.com"}}
{"type":2300,"data":{"_from":"auth_users/5874684","_id":"hasCourse/5874721","_key":"5874721","_rev":"_VVRDTLC--A","_to":"courses/3766111","createdBy":"teacher1@school.com","dateCreated":1500902675554,"dateUpdated":1500902675665,"section":"span","updatedBy":"teacher1@school.com"}}
{"type":2300,"data":{"_from":"auth_users/5874680","_id":"hasCourse/5874717","_key":"5874717","_rev":"_VVRDTLC--_","_to":"courses/3766111","createdBy":"teacher1@school.com","dateCreated":1500902675554,"dateUpdated":1500902675665,"section":"Eng","updatedBy":"teacher1@school.com"}}
{"type":2300,"data":{"_from":"students/4185384","_id":"hasCourse/4185395","_key":"4185395","_rev":"_VTrfF06--A","_to":"courses/3766111","dateCreated":1499622473013,"dateUpdated":1499622473013,"section":"Eng","updatedBy":"fiona.hegarty@icloud.com"}}
{"type":2300,"data":{"_from":"auth_users/5873938","_id":"hasCourse/5874528","_key":"5874528","_rev":"_VVRBsCO---","_to":"courses/3766111"}}
{"type":2300,"data":{"_from":"auth_users/5874690","_id":"hasCourse/5874727","_key":"5874727","_rev":"_VVRDTLC--D","_to":"courses/3766111","createdBy":"teacher1@school.com","dateCreated":1500902675665,"dateUpdated":1500902675665,"section":"TEST","updatedBy":"teacher1@school.com"}}
{"type":2300,"data":{"_from":"students/4185388","_id":"hasCourse/4185399","_key":"4185399","_rev":"_VTrfF06--E","_to":"courses/3766111","dateCreated":1499622473014,"dateUpdated":1499622473014,"section":"Eng","updatedBy":"fiona.hegarty@icloud.com"}}
{"type":2300,"data":{"_from":"students/4185390","_id":"hasCourse/4748204","_key":"4748204","_rev":"_VTrfF06--D","_to":"courses/2515817","createdBy":"chris@sidekick.education","dateCreated":1500048644062,"dateUpdated":null,"section":"Biology","updatedBy":null}}
{"type":2300,"data":{"_from":"auth_users/5874697","_id":"hasCourse/5874734","_key":"5874734","_rev":"_VVRDTLC--E","_to":"courses/3766111","createdBy":"teacher1@school.com","dateCreated":1500902675665,"dateUpdated":null,"section":"Eng","updatedBy":null}}
{"type":2300,"data":{"_from":"students/4185384","_id":"hasCourse/4748198","_key":"4748198","_rev":"_VTrfF06--C","_to":"courses/2515817","createdBy":"chris@sidekick.education","dateCreated":1500048644062,"dateUpdated":null,"section":"Biology","updatedBy":null}}
{"type":2300,"data":{"_from":"students/4748183","_id":"hasCourse/4748194","_key":"4748194","_rev":"_VTrfF06--B","_to":"courses/2515817","createdBy":"chris@sidekick.education","dateCreated":1500048644062,"dateUpdated":null,"section":"Biology","updatedBy":null}}
{"type":2300,"data":{"_from":"auth_users/5874686","_id":"hasCourse/5874723","_key":"5874723","_rev":"_VVRDTLC--B","_to":"courses/3766111","createdBy":"teacher1@school.com","dateCreated":1500902675554,"dateUpdated":1500902675665,"section":"math","updatedBy":"teacher1@school.com"}}
{"type":2300,"data":{"_from":"students/4748188","_id":"hasCourse/4748200","_key":"4748200","_rev":"_VTrfF06---","_to":"courses/2515817","createdBy":"chris@sidekick.education","dateCreated":1500048644062,"dateUpdated":null,"section":"Biology","updatedBy":null}}
{"type":2300,"data":{"_from":"students/4185388","_id":"hasCourse/4748202","_key":"4748202","_rev":"_VTrfF06--_","_to":"courses/2515817","createdBy":"chris@sidekick.education","dateCreated":1500048644062,"dateUpdated":null,"section":"Biology","updatedBy":null}}
{"type":2300,"data":{"_from":"students/4185390","_id":"hasCourse/4185401","_key":"4185401","_rev":"_VTrfF02---","_to":"courses/3766111","dateCreated":1499622473014,"dateUpdated":1499622473014,"section":"math","updatedBy":"fiona.hegarty@icloud.com"}}
{"type":2300,"data":{"_from":"auth_users/6213606","_id":"hasCourse/6213626","_key":"6213626","_rev":"_VY8ZqIa--A","_to":"courses/4070726","createdBy":"fiona.hegarty@icloud.com","dateCreated":1501941974438,"dateUpdated":null,"section":"science","updatedBy":null}}
{"type":2300,"data":{"_from":"auth_users/6213600","_id":"hasCourse/6213620","_key":"6213620","_rev":"_VY8goWe---","_to":"courses/4070726","createdBy":"fiona.hegarty@icloud.com","dateCreated":1501941974437,"dateUpdated":1501942431348,"section":"science","updatedBy":"fiona.hegarty@icloud.com"}}
{"type":2300,"data":{"_from":"auth_users/6213604","_id":"hasCourse/6213624","_key":"6213624","_rev":"_VY8goWe--_","_to":"courses/4070726","createdBy":"fiona.hegarty@icloud.com","dateCreated":1501941974437,"dateUpdated":1501942431348,"section":"science","updatedBy":"fiona.hegarty@icloud.com"}}
{"type":2300,"data":{"_from":"auth_users/6214216","_id":"hasCourse/6214230","_key":"6214230","_rev":"_VY8goWi---","_to":"courses/4070726","createdBy":"fiona.hegarty@icloud.com","dateCreated":1501942431348,"dateUpdated":null,"section":"science","updatedBy":null}}
