{"indexes":[],"parameters":{"allowUserKeys":true,"cid":"74820","count":0,"deleted":false,"doCompact":true,"id":"74820","indexBuckets":8,"indexes":[{"fields":["_key"],"id":"0","selectivityEstimate":1,"sparse":false,"type":"primary","unique":true}],"isSmart":false,"isSystem":false,"isVolatile":false,"journalSize":33554432,"keyOptions":{"allowUserKeys":true,"lastValue":5,"type":"traditional"},"name":"standards","numberOfShards":1,"planId":"74820","replicationFactor":1,"shardKeys":["_key"],"shards":{},"status":4,"type":2,"version":6,"waitForSync":false}}