[{"_key":"2835986","_id":"auth_roles/2835986","_rev":"_VR8GnKq---","name":"Internal","description":"Internal Administrative User e.g. Sales Person responsible for setting up accounts"},{"_key":"2835928","_id":"auth_roles/2835928","_rev":"_VSDQ4WS---","name":"Admin","description":"External Administrative User e.g. Teacher with administrative priviliges"},{"_key":"2836253","_id":"auth_roles/2836253","_rev":"_VR8KKy----","name":"Teacher","description":"This role is for teachers who will need a limited amount of edit / create priviliges"},{"_key":"2836152","_id":"auth_roles/2836152","_rev":"_VR8JG9m---","name":"User","description":"Non-Admin user with view only permissions"}]