[{"_key":"2837372","_id":"auth_roles_can/2837372","_from":"auth_roles/2836152","_to":"auth_permissions/2836504","_rev":"_VR8VeVa---"},{"_key":"2837070","_id":"auth_roles_can/2837070","_from":"auth_roles/2835928","_to":"auth_permissions/2836328","_rev":"_VR8S7IC---"},{"_key":"2837254","_id":"auth_roles_can/2837254","_from":"auth_roles/2836253","_to":"auth_permissions/2836504","_rev":"_VR8Usny---"},{"_key":"2836896","_id":"auth_roles_can/2836896","_from":"auth_roles/2835986","_to":"auth_permissions/2836504","_rev":"_VR8RFUy---"},{"_key":"2837096","_id":"auth_roles_can/2837096","_from":"auth_roles/2835928","_to":"auth_permissions/2836504","_rev":"_VR8TQRO---"},{"_key":"2837240","_id":"auth_roles_can/2837240","_from":"auth_roles/2836253","_to":"auth_permissions/2836328","_rev":"_VR8Uh02---"},{"_key":"2836948","_id":"auth_roles_can/2836948","_from":"auth_roles/2835986","_to":"auth_permissions/2836441","_rev":"_VR8RxKC---"},{"_key":"2836919","_id":"auth_roles_can/2836919","_from":"auth_roles/2835986","_to":"auth_permissions/2836328","_rev":"_VR8RfGS---"}]